chinese,english,targetWords,audioSentenceFilename,audioEnglishFilename,tags,difficulty
我看见一样。,I see the same.,一样,audio/sentences/我看见一样。.mp3,audio/sentence_meanings/I-see-the-same.mp3,LMS;clip-pack,2
我看见一次。,I see an one time.,一次,audio/sentences/我看见一次。.mp3,audio/sentence_meanings/I-see-an-one-time.mp3,LMS;clip-pack,2
我看见一生。,I see an one's whole life.,一生,audio/sentences/我看见一生。.mp3,audio/sentence_meanings/I-see-an-one's-whole-life.mp3,LMS;clip-pack,2
我看见一边。,I see an one side.,一边,audio/sentences/我看见一边。.mp3,audio/sentence_meanings/I-see-an-one-side.mp3,LMS;clip-pack,2
我看见一点。,I see a little.,一点,audio/sentences/我看见一点。.mp3,audio/sentence_meanings/I-see-a-little.mp3,LMS;clip-pack,2
我看见上天。,I see a heaven.,上天,audio/sentences/我看见上天。.mp3,audio/sentence_meanings/I-see-a-heaven.mp3,LMS;clip-pack,2
我看见上山。,I see to go up the mountain.,上山,audio/sentences/我看见上山。.mp3,audio/sentence_meanings/I-see-to-go-up-the-mountain.mp3,LMS;clip-pack,2
我看见上课。,I see to attend class.,上课,audio/sentences/我看见上课。.mp3,audio/sentence_meanings/I-see-to-attend-class.mp3,LMS;clip-pack,2
我看见上面。,I see an above.,上面,audio/sentences/我看见上面。.mp3,audio/sentence_meanings/I-see-an-above.mp3,LMS;clip-pack,2
我看见下来。,I see to come down.,下来,audio/sentences/我看见下来。.mp3,audio/sentence_meanings/I-see-to-come-down.mp3,LMS;clip-pack,2
我看见不想。,I see to not want to.,不想,audio/sentences/我看见不想。.mp3,audio/sentence_meanings/I-see-to-not-want-to.mp3,LMS;clip-pack,2
我看见丑。,I see an ugly.,丑,audio/sentences/我看见丑。.mp3,audio/sentence_meanings/I-see-an-ugly.mp3,LMS;clip-pack,2
我看见世界。,I see a world.,世界,audio/sentences/我看见世界。.mp3,audio/sentence_meanings/I-see-a-world.mp3,LMS;clip-pack,2
我看见中。,I see a middle.,中,audio/sentences/我看见中。.mp3,audio/sentence_meanings/I-see-a-middle.mp3,LMS;clip-pack,2
我看见事。,I see a matter.,事,audio/sentences/我看见事。.mp3,audio/sentence_meanings/I-see-a-matter.mp3,LMS;clip-pack,2
我看见但是。,I see a but.,但是,audio/sentences/我看见但是。.mp3,audio/sentence_meanings/I-see-a-but.mp3,LMS;clip-pack,2
我看见位。,I see a measure word.,位,audio/sentences/我看见位。.mp3,audio/sentence_meanings/I-see-a-measure-word.mp3,LMS;clip-pack,2
我看见来自。,I see to come from.,来自,audio/sentences/我看见来自。.mp3,audio/sentence_meanings/I-see-to-come-from.mp3,LMS;clip-pack,2
我看见们。,I see a plural suffix for people.,们,audio/sentences/我看见们。.mp3,audio/sentence_meanings/I-see-a-plural-suffix-for-people.mp3,LMS;clip-pack,2
我看见兄弟。,I see a brother.,兄弟,audio/sentences/我看见兄弟。.mp3,audio/sentence_meanings/I-see-a-brother.mp3,LMS;clip-pack,2
我看见光。,I see a light.,光,audio/sentences/我看见光。.mp3,audio/sentence_meanings/I-see-a-light.mp3,LMS;clip-pack,2
我看见出生。,I see to be born.,出生,audio/sentences/我看见出生。.mp3,audio/sentence_meanings/I-see-to-be-born.mp3,LMS;clip-pack,2
我看见刀。,I see a knife.,刀,audio/sentences/我看见刀。.mp3,audio/sentence_meanings/I-see-a-knife.mp3,LMS;clip-pack,2
我看见到家。,I see to arrive home.,到家,audio/sentences/我看见到家。.mp3,audio/sentence_meanings/I-see-to-arrive-home.mp3,LMS;clip-pack,2
我看见刚才。,I see a just now.,刚才,audio/sentences/我看见刚才。.mp3,audio/sentence_meanings/I-see-a-just-now.mp3,LMS;clip-pack,2
我看见动物。,I see an animal.,动物,audio/sentences/我看见动物。.mp3,audio/sentence_meanings/I-see-an-animal.mp3,LMS;clip-pack,2
我看见北。,I see a north.,北,audio/sentences/我看见北。.mp3,audio/sentence_meanings/I-see-a-north.mp3,LMS;clip-pack,2
我看见友好。,I see a friendly.,友好,audio/sentences/我看见友好。.mp3,audio/sentence_meanings/I-see-a-friendly.mp3,LMS;clip-pack,2
我看见可怕。,I see a terrible.,可怕,audio/sentences/我看见可怕。.mp3,audio/sentence_meanings/I-see-a-terrible.mp3,LMS;clip-pack,2
我看见向。,I see a toward.,向,audio/sentences/我看见向。.mp3,audio/sentence_meanings/I-see-a-toward.mp3,LMS;clip-pack,2
我看见哪里。,I see a where.,哪里,audio/sentences/我看见哪里。.mp3,audio/sentence_meanings/I-see-a-where.mp3,LMS;clip-pack,2
我看见哭。,I see to cry.,哭,audio/sentences/我看见哭。.mp3,audio/sentence_meanings/I-see-to-cry.mp3,LMS;clip-pack,2
我看见唱。,I see to sing.,唱,audio/sentences/我看见唱。.mp3,audio/sentence_meanings/I-see-to-sing.mp3,LMS;clip-pack,2
我看见啊。,I see an exclamation particle.,啊,audio/sentences/我看见啊。.mp3,audio/sentence_meanings/I-see-an-exclamation-particle.mp3,LMS;clip-pack,2
我看见喊叫。,I see to shout.,喊叫,audio/sentences/我看见喊叫。.mp3,audio/sentence_meanings/I-see-to-shout.mp3,LMS;clip-pack,2
我看见四周。,I see all around.,四周,audio/sentences/我看见四周。.mp3,audio/sentence_meanings/I-see-all-around.mp3,LMS;clip-pack,2
我看见国王。,I see a king.,国王,audio/sentences/我看见国王。.mp3,audio/sentence_meanings/I-see-a-king.mp3,LMS;clip-pack,2
我看见地。,I see a structural particle.,地,audio/sentences/我看见地。.mp3,audio/sentence_meanings/I-see-a-structural-particle.mp3,LMS;clip-pack,2
我看见地方。,I see a place.,地方,audio/sentences/我看见地方。.mp3,audio/sentence_meanings/I-see-a-place.mp3,LMS;clip-pack,2
我看见地狱。,I see a hell.,地狱,audio/sentences/我看见地狱。.mp3,audio/sentence_meanings/I-see-a-hell.mp3,LMS;clip-pack,2
我看见地球。,I see an Earth.,地球,audio/sentences/我看见地球。.mp3,audio/sentence_meanings/I-see-an-Earth.mp3,LMS;clip-pack,2
我看见多么。,I see a how.,多么,audio/sentences/我看见多么。.mp3,audio/sentence_meanings/I-see-a-how.mp3,LMS;clip-pack,2
我看见大地。,I see the earth.,大地,audio/sentences/我看见大地。.mp3,audio/sentence_meanings/I-see-the-earth.mp3,LMS;clip-pack,2
我看见大海。,I see the sea.,大海,audio/sentences/我看见大海。.mp3,audio/sentence_meanings/I-see-the-sea.mp3,LMS;clip-pack,2
我看见大风。,I see a strong wind.,大风,audio/sentences/我看见大风。.mp3,audio/sentence_meanings/I-see-a-strong-wind.mp3,LMS;clip-pack,2
我看见天上。,I see an in the sky.,天上,audio/sentences/我看见天上。.mp3,audio/sentence_meanings/I-see-an-in-the-sky.mp3,LMS;clip-pack,2
我看见天地。,I see a heaven and earth.,天地,audio/sentences/我看见天地。.mp3,audio/sentence_meanings/I-see-a-heaven-and-earth.mp3,LMS;clip-pack,2
我看见姐妹。,I see a sisters.,姐妹,audio/sentences/我看见姐妹。.mp3,audio/sentence_meanings/I-see-a-sisters.mp3,LMS;clip-pack,2
我看见学会。,I see to learn.,学会,audio/sentences/我看见学会。.mp3,audio/sentence_meanings/I-see-to-learn.mp3,LMS;clip-pack,2
我看见安全。,I see a safe.,安全,audio/sentences/我看见安全。.mp3,audio/sentence_meanings/I-see-a-safe.mp3,LMS;clip-pack,2
我看见宫殿。,I see a palace.,宫殿,audio/sentences/我看见宫殿。.mp3,audio/sentence_meanings/I-see-a-palace.mp3,LMS;clip-pack,2
我看见害怕。,I see to be afraid.,害怕,audio/sentences/我看见害怕。.mp3,audio/sentence_meanings/I-see-to-be-afraid.mp3,LMS;clip-pack,2
我看见容易。,I see an easy.,容易,audio/sentences/我看见容易。.mp3,audio/sentence_meanings/I-see-an-easy.mp3,LMS;clip-pack,2
我看见山。,I see a mountain.,山,audio/sentences/我看见山。.mp3,audio/sentence_meanings/I-see-a-mountain.mp3,LMS;clip-pack,2
我看见山顶。,I see a mountaintop.,山顶,audio/sentences/我看见山顶。.mp3,audio/sentence_meanings/I-see-a-mountaintop.mp3,LMS;clip-pack,2
我看见带。,I see to bring.,带,audio/sentences/我看见带。.mp3,audio/sentence_meanings/I-see-to-bring.mp3,LMS;clip-pack,2
我看见年轻。,I see a young.,年轻,audio/sentences/我看见年轻。.mp3,audio/sentence_meanings/I-see-a-young.mp3,LMS;clip-pack,2
我看见床。,I see a bed.,床,audio/sentences/我看见床。.mp3,audio/sentence_meanings/I-see-a-bed.mp3,LMS;clip-pack,2
我看见座。,I see a measure word.,座,audio/sentences/我看见座。.mp3,audio/sentence_meanings/I-see-a-measure-word.mp3,LMS;clip-pack,2
我看见张开。,I see to open.,张开,audio/sentences/我看见张开。.mp3,audio/sentence_meanings/I-see-to-open.mp3,LMS;clip-pack,2
我看见后。,I see an after.,后,audio/sentences/我看见后。.mp3,audio/sentence_meanings/I-see-an-after.mp3,LMS;clip-pack,2
我看见得到。,I see to get.,得到,audio/sentences/我看见得到。.mp3,audio/sentence_meanings/I-see-to-get.mp3,LMS;clip-pack,2
我看见必须。,I see a must.,必须,audio/sentences/我看见必须。.mp3,audio/sentence_meanings/I-see-a-must.mp3,LMS;clip-pack,2
我看见怕。,I see to fear.,怕,audio/sentences/我看见怕。.mp3,audio/sentence_meanings/I-see-to-fear.mp3,LMS;clip-pack,2
我看见想到。,I see to think of.,想到,audio/sentences/我看见想到。.mp3,audio/sentence_meanings/I-see-to-think-of.mp3,LMS;clip-pack,2
我看见愉快。,I see a pleasant.,愉快,audio/sentences/我看见愉快。.mp3,audio/sentence_meanings/I-see-a-pleasant.mp3,LMS;clip-pack,2
我看见感到。,I see to feel.,感到,audio/sentences/我看见感到。.mp3,audio/sentence_meanings/I-see-to-feel.mp3,LMS;clip-pack,2
我看见应该。,I see a should.,应该,audio/sentences/我看见应该。.mp3,audio/sentence_meanings/I-see-a-should.mp3,LMS;clip-pack,2
我看见怀孕。,I see a pregnant.,怀孕,audio/sentences/我看见怀孕。.mp3,audio/sentence_meanings/I-see-a-pregnant.mp3,LMS;clip-pack,2
我看见所以。,I see a so.,所以,audio/sentences/我看见所以。.mp3,audio/sentence_meanings/I-see-a-so.mp3,LMS;clip-pack,2
我看见打。,I see to hit.,打,audio/sentences/我看见打。.mp3,audio/sentence_meanings/I-see-to-hit.mp3,LMS;clip-pack,2
我看见把。,I see a disposal particle.,把,audio/sentences/我看见把。.mp3,audio/sentence_meanings/I-see-a-disposal-particle.mp3,LMS;clip-pack,2
我看见拍手。,I see to clap hands.,拍手,audio/sentences/我看见拍手。.mp3,audio/sentence_meanings/I-see-to-clap-hands.mp3,LMS;clip-pack,2
我看见拿起。,I see to pick up.,拿起,audio/sentences/我看见拿起。.mp3,audio/sentence_meanings/I-see-to-pick-up.mp3,LMS;clip-pack,2
我看见担心。,I see to worry.,担心,audio/sentences/我看见担心。.mp3,audio/sentence_meanings/I-see-to-worry.mp3,LMS;clip-pack,2
我看见放心。,I see to feel at ease.,放心,audio/sentences/我看见放心。.mp3,audio/sentence_meanings/I-see-to-feel-at-ease.mp3,LMS;clip-pack,2
我看见方。,I see a square.,方,audio/sentences/我看见方。.mp3,audio/sentence_meanings/I-see-a-square.mp3,LMS;clip-pack,2
我看见时。,I see a time.,时,audio/sentences/我看见时。.mp3,audio/sentence_meanings/I-see-a-time.mp3,LMS;clip-pack,2
我看见晚。,I see a late.,晚,audio/sentences/我看见晚。.mp3,audio/sentence_meanings/I-see-a-late.mp3,LMS;clip-pack,2
我看见晚安。,I see a good night.,晚安,audio/sentences/我看见晚安。.mp3,audio/sentence_meanings/I-see-a-good-night.mp3,LMS;clip-pack,2
我看见智慧。,I see a wisdom.,智慧,audio/sentences/我看见智慧。.mp3,audio/sentence_meanings/I-see-a-wisdom.mp3,LMS;clip-pack,2
我看见更。,I see an even more.,更,audio/sentences/我看见更。.mp3,audio/sentence_meanings/I-see-an-even-more.mp3,LMS;clip-pack,2
我看见最后。,I see a finally.,最后,audio/sentences/我看见最后。.mp3,audio/sentence_meanings/I-see-a-finally.mp3,LMS;clip-pack,2
我看见最近。,I see a recently.,最近,audio/sentences/我看见最近。.mp3,audio/sentence_meanings/I-see-a-recently.mp3,LMS;clip-pack,2
我看见月亮。,I see a moon.,月亮,audio/sentences/我看见月亮。.mp3,audio/sentence_meanings/I-see-a-moon.mp3,LMS;clip-pack,2
我看见有些。,I see a some.,有些,audio/sentences/我看见有些。.mp3,audio/sentence_meanings/I-see-a-some.mp3,LMS;clip-pack,2
我看见有力。,I see a powerful.,有力,audio/sentences/我看见有力。.mp3,audio/sentence_meanings/I-see-a-powerful.mp3,LMS;clip-pack,2
我看见有点。,I see a little.,有点,audio/sentences/我看见有点。.mp3,audio/sentence_meanings/I-see-a-little.mp3,LMS;clip-pack,2
我看见果。,I see a fruit.,果,audio/sentences/我看见果。.mp3,audio/sentence_meanings/I-see-a-fruit.mp3,LMS;clip-pack,2
我看见森林。,I see a forest.,森林,audio/sentences/我看见森林。.mp3,audio/sentence_meanings/I-see-a-forest.mp3,LMS;clip-pack,2
我看见极大。,I see an extremely large.,极大,audio/sentences/我看见极大。.mp3,audio/sentence_meanings/I-see-an-extremely-large.mp3,LMS;clip-pack,2
我看见树。,I see a tree.,树,audio/sentences/我看见树。.mp3,audio/sentence_meanings/I-see-a-tree.mp3,LMS;clip-pack,2
我看见歌。,I see a song.,歌,audio/sentences/我看见歌。.mp3,audio/sentence_meanings/I-see-a-song.mp3,LMS;clip-pack,2
我看见欢迎。,I see to welcome.,欢迎,audio/sentences/我看见欢迎。.mp3,audio/sentence_meanings/I-see-to-welcome.mp3,LMS;clip-pack,2
我看见死。,I see to die.,死,audio/sentences/我看见死。.mp3,audio/sentence_meanings/I-see-to-die.mp3,LMS;clip-pack,2
我看见段。,I see a section.,段,audio/sentences/我看见段。.mp3,audio/sentence_meanings/I-see-a-section.mp3,LMS;clip-pack,2
我看见没。,I see a not.,没,audio/sentences/我看见没。.mp3,audio/sentence_meanings/I-see-a-not.mp3,LMS;clip-pack,2
我看见河流。,I see a river.,河流,audio/sentences/我看见河流。.mp3,audio/sentence_meanings/I-see-a-river.mp3,LMS;clip-pack,2
我看见洗澡。,I see to bathe.,洗澡,audio/sentences/我看见洗澡。.mp3,audio/sentence_meanings/I-see-to-bathe.mp3,LMS;clip-pack,2
我看见洲。,I see a continent.,洲,audio/sentences/我看见洲。.mp3,audio/sentence_meanings/I-see-a-continent.mp3,LMS;clip-pack,2
我看见海。,I see a sea.,海,audio/sentences/我看见海。.mp3,audio/sentence_meanings/I-see-a-sea.mp3,LMS;clip-pack,2
我看见海边。,I see a seaside.,海边,audio/sentences/我看见海边。.mp3,audio/sentence_meanings/I-see-a-seaside.mp3,LMS;clip-pack,2
我看见火焰。,I see a flame.,火焰,audio/sentences/我看见火焰。.mp3,audio/sentence_meanings/I-see-a-flame.mp3,LMS;clip-pack,2
我看见为。,I see a for.,为,audio/sentences/我看见为。.mp3,audio/sentence_meanings/I-see-a-for.mp3,LMS;clip-pack,2
我看见无法无天。,I see a lawless.,无法无天,audio/sentences/我看见无法无天。.mp3,audio/sentence_meanings/I-see-a-lawless.mp3,LMS;clip-pack,2
我看见猴。,I see a monkey.,猴,audio/sentences/我看见猴。.mp3,audio/sentence_meanings/I-see-a-monkey.mp3,LMS;clip-pack,2
我看见瓶子。,I see a bottle.,瓶子,audio/sentences/我看见瓶子。.mp3,audio/sentence_meanings/I-see-a-bottle.mp3,LMS;clip-pack,2
我看见当然。,I see an of course.,当然,audio/sentences/我看见当然。.mp3,audio/sentence_meanings/I-see-an-of-course.mp3,LMS;clip-pack,2
我看见发出。,I see to send out.,发出,audio/sentences/我看见发出。.mp3,audio/sentence_meanings/I-see-to-send-out.mp3,LMS;clip-pack,2
我看见白天。,I see a daytime.,白天,audio/sentences/我看见白天。.mp3,audio/sentence_meanings/I-see-a-daytime.mp3,LMS;clip-pack,2
我看见盆。,I see a basin.,盆,audio/sentences/我看见盆。.mp3,audio/sentence_meanings/I-see-a-basin.mp3,LMS;clip-pack,2
我看见看起来。,I see to look.,看起来,audio/sentences/我看见看起来。.mp3,audio/sentence_meanings/I-see-to-look.mp3,LMS;clip-pack,2
我看见睡。,I see to sleep.,睡,audio/sentences/我看见睡。.mp3,audio/sentence_meanings/I-see-to-sleep.mp3,LMS;clip-pack,2
我看见石头。,I see a stone.,石头,audio/sentences/我看见石头。.mp3,audio/sentence_meanings/I-see-a-stone.mp3,LMS;clip-pack,2
我看见礼物。,I see a gift.,礼物,audio/sentences/我看见礼物。.mp3,audio/sentence_meanings/I-see-a-gift.mp3,LMS;clip-pack,2
我看见空。,I see an empty.,空,audio/sentences/我看见空。.mp3,audio/sentence_meanings/I-see-an-empty.mp3,LMS;clip-pack,2
我看见站。,I see to stand.,站,audio/sentences/我看见站。.mp3,audio/sentence_meanings/I-see-to-stand.mp3,LMS;clip-pack,2
我看见第。,I see an ordinal prefix.,第,audio/sentences/我看见第。.mp3,audio/sentence_meanings/I-see-an-ordinal-prefix.mp3,LMS;clip-pack,2
我看见等到。,I see to wait until.,等到,audio/sentences/我看见等到。.mp3,audio/sentence_meanings/I-see-to-wait-until.mp3,LMS;clip-pack,2
我看见美。,I see a beautiful.,美,audio/sentences/我看见美。.mp3,audio/sentence_meanings/I-see-a-beautiful.mp3,LMS;clip-pack,2
我看见美丽。,I see a beautiful.,美丽,audio/sentences/我看见美丽。.mp3,audio/sentence_meanings/I-see-a-beautiful.mp3,LMS;clip-pack,2
我看见耳朵。,I see an ear.,耳朵,audio/sentences/我看见耳朵。.mp3,audio/sentence_meanings/I-see-an-ear.mp3,LMS;clip-pack,2
我看见圣人。,I see a sage.,圣人,audio/sentences/我看见圣人。.mp3,audio/sentence_meanings/I-see-a-sage.mp3,LMS;clip-pack,2
我看见自己。,I see an oneself.,自己,audio/sentences/我看见自己。.mp3,audio/sentence_meanings/I-see-an-oneself.mp3,LMS;clip-pack,2
我看见舞。,I see a dance.,舞,audio/sentences/我看见舞。.mp3,audio/sentence_meanings/I-see-a-dance.mp3,LMS;clip-pack,2
我看见花。,I see a flower.,花,audio/sentences/我看见花。.mp3,audio/sentence_meanings/I-see-a-flower.mp3,LMS;clip-pack,2
我看见蛋。,I see an egg.,蛋,audio/sentences/我看见蛋。.mp3,audio/sentence_meanings/I-see-an-egg.mp3,LMS;clip-pack,2
我看见里面。,I see an inside.,里面,audio/sentences/我看见里面。.mp3,audio/sentence_meanings/I-see-an-inside.mp3,LMS;clip-pack,2
我看见见。,I see to see.,见,audio/sentences/我看见见。.mp3,audio/sentence_meanings/I-see-to-see.mp3,LMS;clip-pack,2
我看见许多。,I see a many.,许多,audio/sentences/我看见许多。.mp3,audio/sentence_meanings/I-see-a-many.mp3,LMS;clip-pack,2
我看见变。,I see to change.,变,audio/sentences/我看见变。.mp3,audio/sentence_meanings/I-see-to-change.mp3,LMS;clip-pack,2
我看见变成。,I see to become.,变成,audio/sentences/我看见变成。.mp3,audio/sentence_meanings/I-see-to-become.mp3,LMS;clip-pack,2
我看见走出。,I see to walk out of.,走出,audio/sentences/我看见走出。.mp3,audio/sentence_meanings/I-see-to-walk-out-of.mp3,LMS;clip-pack,2
我看见走向。,I see to walk toward.,走向,audio/sentences/我看见走向。.mp3,audio/sentence_meanings/I-see-to-walk-toward.mp3,LMS;clip-pack,2
我看见起来。,I see to get up.,起来,audio/sentences/我看见起来。.mp3,audio/sentence_meanings/I-see-to-get-up.mp3,LMS;clip-pack,2
我看见跟。,I see a follow.,跟,audio/sentences/我看见跟。.mp3,audio/sentence_meanings/I-see-a-follow.mp3,LMS;clip-pack,2
我看见跳。,I see to jump.,跳,audio/sentences/我看见跳。.mp3,audio/sentence_meanings/I-see-to-jump.mp3,LMS;clip-pack,2
我看见身上。,I see an on one's body.,身上,audio/sentences/我看见身上。.mp3,audio/sentence_meanings/I-see-an-on-one's-body.mp3,LMS;clip-pack,2
我看见这些。,I see a these.,这些,audio/sentences/我看见这些。.mp3,audio/sentence_meanings/I-see-a-these.mp3,LMS;clip-pack,2
我看见这儿。,I see a here.,这儿,audio/sentences/我看见这儿。.mp3,audio/sentence_meanings/I-see-a-here.mp3,LMS;clip-pack,2
我看见这样。,I see a like this.,这样,audio/sentences/我看见这样。.mp3,audio/sentence_meanings/I-see-a-like-this.mp3,LMS;clip-pack,2
我看见这里。,I see a here.,这里,audio/sentences/我看见这里。.mp3,audio/sentence_meanings/I-see-a-here.mp3,LMS;clip-pack,2
我看见过。,I see to pass.,过,audio/sentences/我看见过。.mp3,audio/sentence_meanings/I-see-to-pass.mp3,LMS;clip-pack,2
我看见道。,I see a way.,道,audio/sentences/我看见道。.mp3,audio/sentence_meanings/I-see-a-way.mp3,LMS;clip-pack,2
我看见避。,I see to avoid.,避,audio/sentences/我看见避。.mp3,audio/sentence_meanings/I-see-to-avoid.mp3,LMS;clip-pack,2
我看见边。,I see a side.,边,audio/sentences/我看见边。.mp3,audio/sentence_meanings/I-see-a-side.mp3,LMS;clip-pack,2
我看见那里。,I see a there.,那里,audio/sentences/我看见那里。.mp3,audio/sentence_meanings/I-see-a-there.mp3,LMS;clip-pack,2
我看见酒。,I see an alcohol.,酒,audio/sentences/我看见酒。.mp3,audio/sentence_meanings/I-see-an-alcohol.mp3,LMS;clip-pack,2
我看见钓鱼。,I see to fish.,钓鱼,audio/sentences/我看见钓鱼。.mp3,audio/sentence_meanings/I-see-to-fish.mp3,LMS;clip-pack,2
我看见长生。,I see a long life.,长生,audio/sentences/我看见长生。.mp3,audio/sentence_meanings/I-see-a-long-life.mp3,LMS;clip-pack,2
我看见闭。,I see to close.,闭,audio/sentences/我看见闭。.mp3,audio/sentence_meanings/I-see-to-close.mp3,LMS;clip-pack,2
我看见开门。,I see to open the door.,开门,audio/sentences/我看见开门。.mp3,audio/sentence_meanings/I-see-to-open-the-door.mp3,LMS;clip-pack,2
我看见关于。,I see an about.,关于,audio/sentences/我看见关于。.mp3,audio/sentence_meanings/I-see-an-about.mp3,LMS;clip-pack,2
我看见离开。,I see a leave.,离开,audio/sentences/我看见离开。.mp3,audio/sentence_meanings/I-see-a-leave.mp3,LMS;clip-pack,2
我看见云。,I see a cloud.,云,audio/sentences/我看见云。.mp3,audio/sentence_meanings/I-see-a-cloud.mp3,LMS;clip-pack,2
我看见雷电。,I see a thunder and lightning.,雷电,audio/sentences/我看见雷电。.mp3,audio/sentence_meanings/I-see-a-thunder-and-lightning.mp3,LMS;clip-pack,2
我看见需要。,I see to need.,需要,audio/sentences/我看见需要。.mp3,audio/sentence_meanings/I-see-to-need.mp3,LMS;clip-pack,2
我看见头。,I see a head.,头,audio/sentences/我看见头。.mp3,audio/sentence_meanings/I-see-a-head.mp3,LMS;clip-pack,2
我看见风。,I see a wind.,风,audio/sentences/我看见风。.mp3,audio/sentence_meanings/I-see-a-wind.mp3,LMS;clip-pack,2
我看见飞过。,I see to fly over.,飞过,audio/sentences/我看见飞过。.mp3,audio/sentence_meanings/I-see-to-fly-over.mp3,LMS;clip-pack,2
我看见马上。,I see an immediately.,马上,audio/sentences/我看见马上。.mp3,audio/sentence_meanings/I-see-an-immediately.mp3,LMS;clip-pack,2
我看见鸟。,I see a bird.,鸟,audio/sentences/我看见鸟。.mp3,audio/sentence_meanings/I-see-a-bird.mp3,LMS;clip-pack,2
我看见有一天。,I see an one day.,有一天,audio/sentences/我看见有一天。.mp3,audio/sentence_meanings/I-see-an-one-day.mp3,LMS;clip-pack,2
我看见亲爱的。,I see a dear.,亲爱的,audio/sentences/我看见亲爱的。.mp3,audio/sentence_meanings/I-see-a-dear.mp3,LMS;clip-pack,2
我看见很多。,I see a lot.,很多,audio/sentences/我看见很多。.mp3,audio/sentence_meanings/I-see-a-lot.mp3,LMS;clip-pack,2
我看见看到。,I see to see.,看到,audio/sentences/我看见看到。.mp3,audio/sentence_meanings/I-see-to-see.mp3,LMS;clip-pack,2
我看见只有。,I see an only.,只有,audio/sentences/我看见只有。.mp3,audio/sentence_meanings/I-see-an-only.mp3,LMS;clip-pack,2
我看见是的。,I see a yes.,是的,audio/sentences/我看见是的。.mp3,audio/sentence_meanings/I-see-a-yes.mp3,LMS;clip-pack,2
我看见住在。,I see to live in.,住在,audio/sentences/我看见住在。.mp3,audio/sentence_meanings/I-see-to-live-in.mp3,LMS;clip-pack,2
我看见一开始。,I see an at the beginning.,一开始,audio/sentences/我看见一开始。.mp3,audio/sentence_meanings/I-see-an-at-the-beginning.mp3,LMS;clip-pack,2
我看见流向。,I see to flow toward.,流向,audio/sentences/我看见流向。.mp3,audio/sentence_meanings/I-see-to-flow-toward.mp3,LMS;clip-pack,2
我看见的时侯。,I see a when.,的时侯,audio/sentences/我看见的时侯。.mp3,audio/sentence_meanings/I-see-a-when.mp3,LMS;clip-pack,2
我看见等着。,I see to be waiting.,等着,audio/sentences/我看见等着。.mp3,audio/sentence_meanings/I-see-to-be-waiting.mp3,LMS;clip-pack,2
我看见海中。,I see an in the sea.,海中,audio/sentences/我看见海中。.mp3,audio/sentence_meanings/I-see-an-in-the-sea.mp3,LMS;clip-pack,2
我看见看着。,I see to look at.,看着,audio/sentences/我看见看着。.mp3,audio/sentence_meanings/I-see-to-look-at.mp3,LMS;clip-pack,2
我看见哭着。,I see a crying.,哭着,audio/sentences/我看见哭着。.mp3,audio/sentence_meanings/I-see-a-crying.mp3,LMS;clip-pack,2
我看见学着。,I see a learning.,学着,audio/sentences/我看见学着。.mp3,audio/sentence_meanings/I-see-a-learning.mp3,LMS;clip-pack,2
我看见笑着。,I see a smiling.,笑着,audio/sentences/我看见笑着。.mp3,audio/sentence_meanings/I-see-a-smiling.mp3,LMS;clip-pack,2
我看见弯刀。,I see a curved blade.,弯刀,audio/sentences/我看见弯刀。.mp3,audio/sentence_meanings/I-see-a-curved-blade.mp3,LMS;clip-pack,2
我看见说过。,I see a have said.,说过,audio/sentences/我看见说过。.mp3,audio/sentence_meanings/I-see-a-have-said.mp3,LMS;clip-pack,2
我看见吧。,I see a suggestion particle.,吧,audio/sentences/我看见吧。.mp3,audio/sentence_meanings/I-see-a-suggestion-particle.mp3,LMS;clip-pack,2
我看见一。,I see an one.,一,audio/sentences/我看见一。.mp3,audio/sentence_meanings/I-see-an-one.mp3,LMS;clip-pack,2
我看见一下。,I see a moment.,一下,audio/sentences/我看见一下。.mp3,audio/sentence_meanings/I-see-a-moment.mp3,LMS;clip-pack,2
我看见一些。,I see a some.,一些,audio/sentences/我看见一些。.mp3,audio/sentence_meanings/I-see-a-some.mp3,LMS;clip-pack,2
我看见一定。,I see a definitely.,一定,audio/sentences/我看见一定。.mp3,audio/sentence_meanings/I-see-a-definitely.mp3,LMS;clip-pack,2
我看见一会儿。,I see a moment.,一会儿,audio/sentences/我看见一会儿。.mp3,audio/sentence_meanings/I-see-a-moment.mp3,LMS;clip-pack,2
我看见一起。,I see a together.,一起,audio/sentences/我看见一起。.mp3,audio/sentence_meanings/I-see-a-together.mp3,LMS;clip-pack,2
我看见一点儿。,I see a little bit.,一点儿,audio/sentences/我看见一点儿。.mp3,audio/sentence_meanings/I-see-a-little-bit.mp3,LMS;clip-pack,2
我看见七。,I see a seven.,七,audio/sentences/我看见七。.mp3,audio/sentence_meanings/I-see-a-seven.mp3,LMS;clip-pack,2
我看见三。,I see a three.,三,audio/sentences/我看见三。.mp3,audio/sentence_meanings/I-see-a-three.mp3,LMS;clip-pack,2
我看见上。,I see an up.,上,audio/sentences/我看见上。.mp3,audio/sentence_meanings/I-see-an-up.mp3,LMS;clip-pack,2
我看见上去。,I see to go up.,上去,audio/sentences/我看见上去。.mp3,audio/sentence_meanings/I-see-to-go-up.mp3,LMS;clip-pack,2
我看见下。,I see a down.,下,audio/sentences/我看见下。.mp3,audio/sentence_meanings/I-see-a-down.mp3,LMS;clip-pack,2
我看见不。,I see a not.,不,audio/sentences/我看见不。.mp3,audio/sentence_meanings/I-see-a-not.mp3,LMS;clip-pack,2
我看见中国。,I see a China.,中国,audio/sentences/我看见中国。.mp3,audio/sentence_meanings/I-see-a-China.mp3,LMS;clip-pack,2
我看见九。,I see a nine.,九,audio/sentences/我看见九。.mp3,audio/sentence_meanings/I-see-a-nine.mp3,LMS;clip-pack,2
我看见也。,I see an also.,也,audio/sentences/我看见也。.mp3,audio/sentence_meanings/I-see-an-also.mp3,LMS;clip-pack,2
我看见了。,I see a completed action particle.,了,audio/sentences/我看见了。.mp3,audio/sentence_meanings/I-see-a-completed-action-particle.mp3,LMS;clip-pack,2
我看见事情。,I see a circumstance.,事情,audio/sentences/我看见事情。.mp3,audio/sentence_meanings/I-see-a-circumstance.mp3,LMS;clip-pack,2
我看见二。,I see a two.,二,audio/sentences/我看见二。.mp3,audio/sentence_meanings/I-see-a-two.mp3,LMS;clip-pack,2
我看见人。,I see a person.,人,audio/sentences/我看见人。.mp3,audio/sentence_meanings/I-see-a-person.mp3,LMS;clip-pack,2
我看见什么。,I see a what.,什么,audio/sentences/我看见什么。.mp3,audio/sentence_meanings/I-see-a-what.mp3,LMS;clip-pack,2
我看见今天。,I see a today.,今天,audio/sentences/我看见今天。.mp3,audio/sentence_meanings/I-see-a-today.mp3,LMS;clip-pack,2
我看见他。,I see a he.,他,audio/sentences/我看见他。.mp3,audio/sentence_meanings/I-see-a-he.mp3,LMS;clip-pack,2
我看见以前。,I see a before.,以前,audio/sentences/我看见以前。.mp3,audio/sentence_meanings/I-see-a-before.mp3,LMS;clip-pack,2
我看见以后。,I see an after.,以后,audio/sentences/我看见以后。.mp3,audio/sentence_meanings/I-see-an-after.mp3,LMS;clip-pack,2
我看见住。,I see to live.,住,audio/sentences/我看见住。.mp3,audio/sentence_meanings/I-see-to-live.mp3,LMS;clip-pack,2
我看见你。,I see a you.,你,audio/sentences/我看见你。.mp3,audio/sentence_meanings/I-see-a-you.mp3,LMS;clip-pack,2
我看见来。,I see to come.,来,audio/sentences/我看见来。.mp3,audio/sentence_meanings/I-see-to-come.mp3,LMS;clip-pack,2
我看见个。,I see a general measure word.,个,audio/sentences/我看见个。.mp3,audio/sentence_meanings/I-see-a-general-measure-word.mp3,LMS;clip-pack,2
我看见做。,I see to do.,做,audio/sentences/我看见做。.mp3,audio/sentence_meanings/I-see-to-do.mp3,LMS;clip-pack,2
我看见像。,I see to be like.,像,audio/sentences/我看见像。.mp3,audio/sentence_meanings/I-see-to-be-like.mp3,LMS;clip-pack,2
我看见先。,I see a first.,先,audio/sentences/我看见先。.mp3,audio/sentence_meanings/I-see-a-first.mp3,LMS;clip-pack,2
我看见两。,I see a two.,两,audio/sentences/我看见两。.mp3,audio/sentence_meanings/I-see-a-two.mp3,LMS;clip-pack,2
我看见八。,I see an eight.,八,audio/sentences/我看见八。.mp3,audio/sentence_meanings/I-see-an-eight.mp3,LMS;clip-pack,2
我看见六。,I see a six.,六,audio/sentences/我看见六。.mp3,audio/sentence_meanings/I-see-a-six.mp3,LMS;clip-pack,2
我看见再。,I see an again.,再,audio/sentences/我看见再。.mp3,audio/sentence_meanings/I-see-an-again.mp3,LMS;clip-pack,2
我看见出来。,I see to come out.,出来,audio/sentences/我看见出来。.mp3,audio/sentence_meanings/I-see-to-come-out.mp3,LMS;clip-pack,2
我看见别。,I see a don't.,别,audio/sentences/我看见别。.mp3,audio/sentence_meanings/I-see-a-don't.mp3,LMS;clip-pack,2
我看见到。,I see to arrive.,到,audio/sentences/我看见到。.mp3,audio/sentence_meanings/I-see-to-arrive.mp3,LMS;clip-pack,2
我看见刚。,I see a just now.,刚,audio/sentences/我看见刚。.mp3,audio/sentence_meanings/I-see-a-just-now.mp3,LMS;clip-pack,2
我看见十。,I see a ten.,十,audio/sentences/我看见十。.mp3,audio/sentence_meanings/I-see-a-ten.mp3,LMS;clip-pack,2
我看见千。,I see a thousand.,千,audio/sentences/我看见千。.mp3,audio/sentence_meanings/I-see-a-thousand.mp3,LMS;clip-pack,2
我看见去。,I see to go.,去,audio/sentences/我看见去。.mp3,audio/sentence_meanings/I-see-to-go.mp3,LMS;clip-pack,2
我看见又。,I see an again.,又,audio/sentences/我看见又。.mp3,audio/sentence_meanings/I-see-an-again.mp3,LMS;clip-pack,2
我看见只。,I see an only.,只,audio/sentences/我看见只。.mp3,audio/sentence_meanings/I-see-an-only.mp3,LMS;clip-pack,2
我看见叫。,I see to call.,叫,audio/sentences/我看见叫。.mp3,audio/sentence_meanings/I-see-to-call.mp3,LMS;clip-pack,2
我看见可以。,I see a can.,可以,audio/sentences/我看见可以。.mp3,audio/sentence_meanings/I-see-a-can.mp3,LMS;clip-pack,2
我看见可能。,I see a maybe.,可能,audio/sentences/我看见可能。.mp3,audio/sentence_meanings/I-see-a-maybe.mp3,LMS;clip-pack,2
我看见吃。,I see to eat.,吃,audio/sentences/我看见吃。.mp3,audio/sentence_meanings/I-see-to-eat.mp3,LMS;clip-pack,2
我看见名字。,I see to take.,名字,audio/sentences/我看见名字。.mp3,audio/sentence_meanings/I-see-to-take.mp3,LMS;clip-pack,2
我看见告诉。,I see to tell.,告诉,audio/sentences/我看见告诉。.mp3,audio/sentence_meanings/I-see-to-tell.mp3,LMS;clip-pack,2
我看见呢。,I see a question particle.,呢,audio/sentences/我看见呢。.mp3,audio/sentence_meanings/I-see-a-question-particle.mp3,LMS;clip-pack,2
我看见唱歌。,I see to sing.,唱歌,audio/sentences/我看见唱歌。.mp3,audio/sentence_meanings/I-see-to-sing.mp3,LMS;clip-pack,2
我看见问。,I see to depart.,问,audio/sentences/我看见问。.mp3,audio/sentence_meanings/I-see-to-depart.mp3,LMS;clip-pack,2
我看见喜欢。,I see to like.,喜欢,audio/sentences/我看见喜欢。.mp3,audio/sentence_meanings/I-see-to-like.mp3,LMS;clip-pack,2
我看见吗。,I see a question particle.,吗,audio/sentences/我看见吗。.mp3,audio/sentence_meanings/I-see-a-question-particle.mp3,LMS;clip-pack,2
我看见四。,I see a four.,四,audio/sentences/我看见四。.mp3,audio/sentence_meanings/I-see-a-four.mp3,LMS;clip-pack,2
我看见回。,I see to return.,回,audio/sentences/我看见回。.mp3,audio/sentence_meanings/I-see-to-return.mp3,LMS;clip-pack,2
我看见回来。,I see to come back.,回来,audio/sentences/我看见回来。.mp3,audio/sentence_meanings/I-see-to-come-back.mp3,LMS;clip-pack,2
我看见回答。,I see to answer.,回答,audio/sentences/我看见回答。.mp3,audio/sentence_meanings/I-see-to-answer.mp3,LMS;clip-pack,2
我看见因为。,I see a because.,因为,audio/sentences/我看见因为。.mp3,audio/sentence_meanings/I-see-a-because.mp3,LMS;clip-pack,2
我看见国家。,I see a country.,国家,audio/sentences/我看见国家。.mp3,audio/sentence_meanings/I-see-a-country.mp3,LMS;clip-pack,2
我看见在。,I see an at.,在,audio/sentences/我看见在。.mp3,audio/sentence_meanings/I-see-an-at.mp3,LMS;clip-pack,2
我看见坐。,I see to sit.,坐,audio/sentences/我看见坐。.mp3,audio/sentence_meanings/I-see-to-sit.mp3,LMS;clip-pack,2
我看见块。,I see a piece.,块,audio/sentences/我看见块。.mp3,audio/sentence_meanings/I-see-a-piece.mp3,LMS;clip-pack,2
我看见外面。,I see an outside.,外面,audio/sentences/我看见外面。.mp3,audio/sentence_meanings/I-see-an-outside.mp3,LMS;clip-pack,2
我看见多。,I see a many.,多,audio/sentences/我看见多。.mp3,audio/sentence_meanings/I-see-a-many.mp3,LMS;clip-pack,2
我看见大。,I see a big.,大,audio/sentences/我看见大。.mp3,audio/sentence_meanings/I-see-a-big.mp3,LMS;clip-pack,2
我看见大家。,I see an everyone.,大家,audio/sentences/我看见大家。.mp3,audio/sentence_meanings/I-see-an-everyone.mp3,LMS;clip-pack,2
我看见天。,I see a day.,天,audio/sentences/我看见天。.mp3,audio/sentence_meanings/I-see-a-day.mp3,LMS;clip-pack,2
我看见天气。,I see a weather.,天气,audio/sentences/我看见天气。.mp3,audio/sentence_meanings/I-see-a-weather.mp3,LMS;clip-pack,2
我看见太。,I see a too.,太,audio/sentences/我看见太。.mp3,audio/sentence_meanings/I-see-a-too.mp3,LMS;clip-pack,2
我看见她。,I see a she.,她,audio/sentences/我看见她。.mp3,audio/sentence_meanings/I-see-a-she.mp3,LMS;clip-pack,2
我看见好。,I see a good.,好,audio/sentences/我看见好。.mp3,audio/sentence_meanings/I-see-a-good.mp3,LMS;clip-pack,2
我看见如果。,I see an if.,如果,audio/sentences/我看见如果。.mp3,audio/sentence_meanings/I-see-an-if.mp3,LMS;clip-pack,2
我看见姓。,I see a surname.,姓,audio/sentences/我看见姓。.mp3,audio/sentence_meanings/I-see-a-surname.mp3,LMS;clip-pack,2
我看见妈妈。,I see a mom.,妈妈,audio/sentences/我看见妈妈。.mp3,audio/sentence_meanings/I-see-a-mom.mp3,LMS;clip-pack,2
我看见字。,I see a character.,字,audio/sentences/我看见字。.mp3,audio/sentence_meanings/I-see-a-character.mp3,LMS;clip-pack,2
我看见孩子。,I see a child.,孩子,audio/sentences/我看见孩子。.mp3,audio/sentence_meanings/I-see-a-child.mp3,LMS;clip-pack,2
我看见学校。,I see a school.,学校,audio/sentences/我看见学校。.mp3,audio/sentence_meanings/I-see-a-school.mp3,LMS;clip-pack,2
我看见学生。,I see a student.,学生,audio/sentences/我看见学生。.mp3,audio/sentence_meanings/I-see-a-student.mp3,LMS;clip-pack,2
我看见学习。,I see to study.,学习,audio/sentences/我看见学习。.mp3,audio/sentence_meanings/I-see-to-study.mp3,LMS;clip-pack,2
我看见它。,I see an it.,它,audio/sentences/我看见它。.mp3,audio/sentence_meanings/I-see-an-it.mp3,LMS;clip-pack,2
我看见家。,I see a home.,家,audio/sentences/我看见家。.mp3,audio/sentence_meanings/I-see-a-home.mp3,LMS;clip-pack,2
我看见写。,I see to write.,写,audio/sentences/我看见写。.mp3,audio/sentence_meanings/I-see-to-write.mp3,LMS;clip-pack,2
我看见对。,I see a correct.,对,audio/sentences/我看见对。.mp3,audio/sentence_meanings/I-see-a-correct.mp3,LMS;clip-pack,2
我看见对不起。,I see a sorry.,对不起,audio/sentences/我看见对不起。.mp3,audio/sentence_meanings/I-see-a-sorry.mp3,LMS;clip-pack,2
我看见小。,I see a small.,小,audio/sentences/我看见小。.mp3,audio/sentence_meanings/I-see-a-small.mp3,LMS;clip-pack,2
我看见小心。,I see a be careful.,小心,audio/sentences/我看见小心。.mp3,audio/sentence_meanings/I-see-a-be-careful.mp3,LMS;clip-pack,2
我看见小时。,I see a hour.,小时,audio/sentences/我看见小时。.mp3,audio/sentence_meanings/I-see-a-hour.mp3,LMS;clip-pack,2
我看见已经。,I see an already.,已经,audio/sentences/我看见已经。.mp3,audio/sentence_meanings/I-see-an-already.mp3,LMS;clip-pack,2
我看见帮助。,I see to help.,帮助,audio/sentences/我看见帮助。.mp3,audio/sentence_meanings/I-see-to-help.mp3,LMS;clip-pack,2
我看见年。,I see a year.,年,audio/sentences/我看见年。.mp3,audio/sentence_meanings/I-see-a-year.mp3,LMS;clip-pack,2
我看见弟弟。,I see a younger brother.,弟弟,audio/sentences/我看见弟弟。.mp3,audio/sentence_meanings/I-see-a-younger-brother.mp3,LMS;clip-pack,2
我看见很。,I see a very.,很,audio/sentences/我看见很。.mp3,audio/sentence_meanings/I-see-a-very.mp3,LMS;clip-pack,2
我看见后门。,I see a back door.,后门,audio/sentences/我看见后门。.mp3,audio/sentence_meanings/I-see-a-back-door.mp3,LMS;clip-pack,2
我看见后面。,I see a behind.,后面,audio/sentences/我看见后面。.mp3,audio/sentence_meanings/I-see-a-behind.mp3,LMS;clip-pack,2
我看见得。,I see a structural particle.,得,audio/sentences/我看见得。.mp3,audio/sentence_meanings/I-see-a-structural-particle.mp3,LMS;clip-pack,2
我看见从。,I see a from.,从,audio/sentences/我看见从。.mp3,audio/sentence_meanings/I-see-a-from.mp3,LMS;clip-pack,2
我看见快乐。,I see a happy.,快乐,audio/sentences/我看见快乐。.mp3,audio/sentence_meanings/I-see-a-happy.mp3,LMS;clip-pack,2
我看见怎么。,I see a how.,怎么,audio/sentences/我看见怎么。.mp3,audio/sentence_meanings/I-see-a-how.mp3,LMS;clip-pack,2
我看见想。,I see to think.,想,audio/sentences/我看见想。.mp3,audio/sentence_meanings/I-see-to-think.mp3,LMS;clip-pack,2
我看见意思。,I see a meaning.,意思,audio/sentences/我看见意思。.mp3,audio/sentence_meanings/I-see-a-meaning.mp3,LMS;clip-pack,2
我看见爱。,I see to love.,爱,audio/sentences/我看见爱。.mp3,audio/sentence_meanings/I-see-to-love.mp3,LMS;clip-pack,2
我看见慢。,I see a slow.,慢,audio/sentences/我看见慢。.mp3,audio/sentence_meanings/I-see-a-slow.mp3,LMS;clip-pack,2
我看见我。,I see a me.,我,audio/sentences/我看见我。.mp3,audio/sentence_meanings/I-see-a-me.mp3,LMS;clip-pack,2
我看见房间。,I see an America.,房间,audio/sentences/我看见房间。.mp3,audio/sentence_meanings/I-see-an-America.mp3,LMS;clip-pack,2
我看见手。,I see a hand.,手,audio/sentences/我看见手。.mp3,audio/sentence_meanings/I-see-a-hand.mp3,LMS;clip-pack,2
我看见打开。,I see to open.,打开,audio/sentences/我看见打开。.mp3,audio/sentence_meanings/I-see-to-open.mp3,LMS;clip-pack,2
我看见找。,I see to look for.,找,audio/sentences/我看见找。.mp3,audio/sentence_meanings/I-see-to-look-for.mp3,LMS;clip-pack,2
我看见新。,I see a new.,新,audio/sentences/我看见新。.mp3,audio/sentence_meanings/I-see-a-new.mp3,LMS;clip-pack,2
我看见早上。,I see a morning.,早上,audio/sentences/我看见早上。.mp3,audio/sentence_meanings/I-see-a-morning.mp3,LMS;clip-pack,2
我看见明天。,I see a tomorrow.,明天,audio/sentences/我看见明天。.mp3,audio/sentence_meanings/I-see-a-tomorrow.mp3,LMS;clip-pack,2
我看见明白。,I see to understand.,明白,audio/sentences/我看见明白。.mp3,audio/sentence_meanings/I-see-to-understand.mp3,LMS;clip-pack,2
我看见昨天。,I see a yesterday.,昨天,audio/sentences/我看见昨天。.mp3,audio/sentence_meanings/I-see-a-yesterday.mp3,LMS;clip-pack,2
我看见是。,I see to be.,是,audio/sentences/我看见是。.mp3,audio/sentence_meanings/I-see-to-be.mp3,LMS;clip-pack,2
我看见时间。,I see a time.,时间,audio/sentences/我看见时间。.mp3,audio/sentence_meanings/I-see-a-time.mp3,LMS;clip-pack,2
我看见晚上。,I see an evening.,晚上,audio/sentences/我看见晚上。.mp3,audio/sentence_meanings/I-see-an-evening.mp3,LMS;clip-pack,2
我看见书。,I see a book.,书,audio/sentences/我看见书。.mp3,audio/sentence_meanings/I-see-a-book.mp3,LMS;clip-pack,2
我看见最。,I see a most.,最,audio/sentences/我看见最。.mp3,audio/sentence_meanings/I-see-a-most.mp3,LMS;clip-pack,2
我看见会。,I see a can.,会,audio/sentences/我看见会。.mp3,audio/sentence_meanings/I-see-a-can.mp3,LMS;clip-pack,2
我看见有。,I see to have.,有,audio/sentences/我看见有。.mp3,audio/sentence_meanings/I-see-to-have.mp3,LMS;clip-pack,2
我看见有名。,I see a famous.,有名,audio/sentences/我看见有名。.mp3,audio/sentence_meanings/I-see-a-famous.mp3,LMS;clip-pack,2
我看见朋友。,I see a friend.,朋友,audio/sentences/我看见朋友。.mp3,audio/sentence_meanings/I-see-a-friend.mp3,LMS;clip-pack,2
我看见杯子。,I see a cup.,杯子,audio/sentences/我看见杯子。.mp3,audio/sentence_meanings/I-see-a-cup.mp3,LMS;clip-pack,2
我看见东西。,I see a thing.,东西,audio/sentences/我看见东西。.mp3,audio/sentence_meanings/I-see-a-thing.mp3,LMS;clip-pack,2
我看见桌子。,I see a table.,桌子,audio/sentences/我看见桌子。.mp3,audio/sentence_meanings/I-see-a-table.mp3,LMS;clip-pack,2
我看见椅子。,I see a chair.,椅子,audio/sentences/我看见椅子。.mp3,audio/sentence_meanings/I-see-a-chair.mp3,LMS;clip-pack,2
我看见次。,I see a time.,次,audio/sentences/我看见次。.mp3,audio/sentence_meanings/I-see-a-time.mp3,LMS;clip-pack,2
我看见正在。,I see an in the process of.,正在,audio/sentences/我看见正在。.mp3,audio/sentence_meanings/I-see-an-in-the-process-of.mp3,LMS;clip-pack,2
我看见每。,I see an every.,每,audio/sentences/我看见每。.mp3,audio/sentence_meanings/I-see-an-every.mp3,LMS;clip-pack,2
我看见比。,I see a compared to.,比,audio/sentences/我看见比。.mp3,audio/sentence_meanings/I-see-a-compared-to.mp3,LMS;clip-pack,2
我看见水。,I see a water.,水,audio/sentences/我看见水。.mp3,audio/sentence_meanings/I-see-a-water.mp3,LMS;clip-pack,2
我看见水果。,I see a fruit.,水果,audio/sentences/我看见水果。.mp3,audio/sentence_meanings/I-see-a-fruit.mp3,LMS;clip-pack,2
我看见游泳。,I see to swim.,游泳,audio/sentences/我看见游泳。.mp3,audio/sentence_meanings/I-see-to-swim.mp3,LMS;clip-pack,2
我看见漂亮。,I see a beautiful.,漂亮,audio/sentences/我看见漂亮。.mp3,audio/sentence_meanings/I-see-a-beautiful.mp3,LMS;clip-pack,2
我看见为什么。,I see a why.,为什么,audio/sentences/我看见为什么。.mp3,audio/sentence_meanings/I-see-a-why.mp3,LMS;clip-pack,2
我看见然后。,I see a then.,然后,audio/sentences/我看见然后。.mp3,audio/sentence_meanings/I-see-a-then.mp3,LMS;clip-pack,2
我看见热。,I see a hot.,热,audio/sentences/我看见热。.mp3,audio/sentence_meanings/I-see-a-hot.mp3,LMS;clip-pack,2
我看见爸爸。,I see a dad.,爸爸,audio/sentences/我看见爸爸。.mp3,audio/sentence_meanings/I-see-a-dad.mp3,LMS;clip-pack,2
我看见王。,I see a king.,王,audio/sentences/我看见王。.mp3,audio/sentence_meanings/I-see-a-king.mp3,LMS;clip-pack,2
我看见玩。,I see to play.,玩,audio/sentences/我看见玩。.mp3,audio/sentence_meanings/I-see-to-play.mp3,LMS;clip-pack,2
我看见现在。,I see a now.,现在,audio/sentences/我看见现在。.mp3,audio/sentence_meanings/I-see-a-now.mp3,LMS;clip-pack,2
我看见生气。,I see an angry.,生气,audio/sentences/我看见生气。.mp3,audio/sentence_meanings/I-see-an-angry.mp3,LMS;clip-pack,2
我看见生活。,I see a life.,生活,audio/sentences/我看见生活。.mp3,audio/sentence_meanings/I-see-a-life.mp3,LMS;clip-pack,2
我看见用。,I see to use.,用,audio/sentences/我看见用。.mp3,audio/sentence_meanings/I-see-to-use.mp3,LMS;clip-pack,2
我看见的。,I see a possessive/descriptive particle.,的,audio/sentences/我看见的。.mp3,audio/sentence_meanings/I-see-a-possessive-descriptive-particle.mp3,LMS;clip-pack,2
我看见的话。,I see a -hua is said.,的话,audio/sentences/我看见的话。.mp3,audio/sentence_meanings/I-see-a--hua-is-said.mp3,LMS;clip-pack,2
我看见看。,I see to look.,看,audio/sentences/我看见看。.mp3,audio/sentence_meanings/I-see-to-look.mp3,LMS;clip-pack,2
我看见看见。,I see to see.,看见,audio/sentences/我看见看见。.mp3,audio/sentence_meanings/I-see-to-see.mp3,LMS;clip-pack,2
我看见真。,I see a really.,真,audio/sentences/我看见真。.mp3,audio/sentence_meanings/I-see-a-really.mp3,LMS;clip-pack,2
我看见眼睛。,I see an eye.,眼睛,audio/sentences/我看见眼睛。.mp3,audio/sentence_meanings/I-see-an-eye.mp3,LMS;clip-pack,2
我看见睡觉。,I see to sleep.,睡觉,audio/sentences/我看见睡觉。.mp3,audio/sentence_meanings/I-see-to-sleep.mp3,LMS;clip-pack,2
我看见知道。,I see to know.,知道,audio/sentences/我看见知道。.mp3,audio/sentence_meanings/I-see-to-know.mp3,LMS;clip-pack,2
我看见种。,I see a kind.,种,audio/sentences/我看见种。.mp3,audio/sentence_meanings/I-see-a-kind.mp3,LMS;clip-pack,2
我看见笑。,I see to laugh.,笑,audio/sentences/我看见笑。.mp3,audio/sentence_meanings/I-see-to-laugh.mp3,LMS;clip-pack,2
我看见等。,I see to wait.,等,audio/sentences/我看见等。.mp3,audio/sentence_meanings/I-see-to-wait.mp3,LMS;clip-pack,2
我看见累。,I see a tired.,累,audio/sentences/我看见累。.mp3,audio/sentence_meanings/I-see-a-tired.mp3,LMS;clip-pack,2
我看见终于。,I see a finally.,终于,audio/sentences/我看见终于。.mp3,audio/sentence_meanings/I-see-a-finally.mp3,LMS;clip-pack,2
我看见给。,I see to give.,给,audio/sentences/我看见给。.mp3,audio/sentence_meanings/I-see-to-give.mp3,LMS;clip-pack,2
我看见经常。,I see an often.,经常,audio/sentences/我看见经常。.mp3,audio/sentence_meanings/I-see-an-often.mp3,LMS;clip-pack,2
我看见老。,I see an old.,老,audio/sentences/我看见老。.mp3,audio/sentence_meanings/I-see-an-old.mp3,LMS;clip-pack,2
我看见老师。,I see a teacher.,老师,audio/sentences/我看见老师。.mp3,audio/sentence_meanings/I-see-a-teacher.mp3,LMS;clip-pack,2
我看见声音。,I see a sound.,声音,audio/sentences/我看见声音。.mp3,audio/sentence_meanings/I-see-a-sound.mp3,LMS;clip-pack,2
我看见听。,I see to listen.,听,audio/sentences/我看见听。.mp3,audio/sentence_meanings/I-see-to-listen.mp3,LMS;clip-pack,2
我看见听到。,I see to hear.,听到,audio/sentences/我看见听到。.mp3,audio/sentence_meanings/I-see-to-hear.mp3,LMS;clip-pack,2
我看见能。,I see a can.,能,audio/sentences/我看见能。.mp3,audio/sentence_meanings/I-see-a-can.mp3,LMS;clip-pack,2
我看见船。,I see a boat.,船,audio/sentences/我看见船。.mp3,audio/sentence_meanings/I-see-a-boat.mp3,LMS;clip-pack,2
我看见草。,I see a grass.,草,audio/sentences/我看见草。.mp3,audio/sentence_meanings/I-see-a-grass.mp3,LMS;clip-pack,2
我看见西。,I see a west.,西,audio/sentences/我看见西。.mp3,audio/sentence_meanings/I-see-a-west.mp3,LMS;clip-pack,2
我看见要。,I see to want.,要,audio/sentences/我看见要。.mp3,audio/sentence_meanings/I-see-to-want.mp3,LMS;clip-pack,2
我看见话。,I see a words.,话,audio/sentences/我看见话。.mp3,audio/sentence_meanings/I-see-a-words.mp3,LMS;clip-pack,2
我看见说话。,I see to speak.,说话,audio/sentences/我看见说话。.mp3,audio/sentence_meanings/I-see-to-speak.mp3,LMS;clip-pack,2
我看见请。,I see a please.,请,audio/sentences/我看见请。.mp3,audio/sentence_meanings/I-see-a-please.mp3,LMS;clip-pack,2
我看见谢谢。,I see a thank you.,谢谢,audio/sentences/我看见谢谢。.mp3,audio/sentence_meanings/I-see-a-thank-you.mp3,LMS;clip-pack,2
我看见读。,I see to read.,读,audio/sentences/我看见读。.mp3,audio/sentence_meanings/I-see-to-read.mp3,LMS;clip-pack,2
我看见让。,I see to let.,让,audio/sentences/我看见让。.mp3,audio/sentence_meanings/I-see-to-let.mp3,LMS;clip-pack,2
我看见买。,I see to buy.,买,audio/sentences/我看见买。.mp3,audio/sentence_meanings/I-see-to-buy.mp3,LMS;clip-pack,2
我看见卖。,I see to sell.,卖,audio/sentences/我看见卖。.mp3,audio/sentence_meanings/I-see-to-sell.mp3,LMS;clip-pack,2
我看见走。,I see to walk.,走,audio/sentences/我看见走。.mp3,audio/sentence_meanings/I-see-to-walk.mp3,LMS;clip-pack,2
我看见起。,I see to rise.,起,audio/sentences/我看见起。.mp3,audio/sentence_meanings/I-see-to-rise.mp3,LMS;clip-pack,2
我看见跑。,I see to run.,跑,audio/sentences/我看见跑。.mp3,audio/sentence_meanings/I-see-to-run.mp3,LMS;clip-pack,2
我看见路。,I see a road.,路,audio/sentences/我看见路。.mp3,audio/sentence_meanings/I-see-a-road.mp3,LMS;clip-pack,2
我看见跳舞。,I see to dance.,跳舞,audio/sentences/我看见跳舞。.mp3,audio/sentence_meanings/I-see-to-dance.mp3,LMS;clip-pack,2
我看见身体。,I see a body.,身体,audio/sentences/我看见身体。.mp3,audio/sentence_meanings/I-see-a-body.mp3,LMS;clip-pack,2
我看见办法。,I see a method.,办法,audio/sentences/我看见办法。.mp3,audio/sentence_meanings/I-see-a-method.mp3,LMS;clip-pack,2
我看见这。,I see a this.,这,audio/sentences/我看见这。.mp3,audio/sentence_meanings/I-see-a-this.mp3,LMS;clip-pack,2
我看见进。,I see to enter.,进,audio/sentences/我看见进。.mp3,audio/sentence_meanings/I-see-to-enter.mp3,LMS;clip-pack,2
我看见进去。,I see to go in.,进去,audio/sentences/我看见进去。.mp3,audio/sentence_meanings/I-see-to-go-in.mp3,LMS;clip-pack,2
我看见远。,I see a far.,远,audio/sentences/我看见远。.mp3,audio/sentence_meanings/I-see-a-far.mp3,LMS;clip-pack,2
我看见还。,I see a still.,还,audio/sentences/我看见还。.mp3,audio/sentence_meanings/I-see-a-still.mp3,LMS;clip-pack,2
我看见那。,I see a that.,那,audio/sentences/我看见那。.mp3,audio/sentence_meanings/I-see-a-that.mp3,LMS;clip-pack,2
我看见那些。,I see a those.,那些,audio/sentences/我看见那些。.mp3,audio/sentence_meanings/I-see-a-those.mp3,LMS;clip-pack,2
我看见那样。,I see a like that.,那样,audio/sentences/我看见那样。.mp3,audio/sentence_meanings/I-see-a-like-that.mp3,LMS;clip-pack,2
我看见里。,I see an inside.,里,audio/sentences/我看见里。.mp3,audio/sentence_meanings/I-see-an-inside.mp3,LMS;clip-pack,2
我看见长。,I see a long.,长,audio/sentences/我看见长。.mp3,audio/sentence_meanings/I-see-a-long.mp3,LMS;clip-pack,2
我看见门。,I see a door.,门,audio/sentences/我看见门。.mp3,audio/sentence_meanings/I-see-a-door.mp3,LMS;clip-pack,2
我看见开。,I see to open.,开,audio/sentences/我看见开。.mp3,audio/sentence_meanings/I-see-to-open.mp3,LMS;clip-pack,2
我看见关。,I see to close.,关,audio/sentences/我看见关。.mp3,audio/sentence_meanings/I-see-to-close.mp3,LMS;clip-pack,2
我看见附近。,I see a nearby.,附近,audio/sentences/我看见附近。.mp3,audio/sentence_meanings/I-see-a-nearby.mp3,LMS;clip-pack,2
我看见离。,I see an away from.,离,audio/sentences/我看见离。.mp3,audio/sentence_meanings/I-see-an-away-from.mp3,LMS;clip-pack,2
我看见非常。,I see a very.,非常,audio/sentences/我看见非常。.mp3,audio/sentence_meanings/I-see-a-very.mp3,LMS;clip-pack,2
我看见面。,I see a face.,面,audio/sentences/我看见面。.mp3,audio/sentence_meanings/I-see-a-face.mp3,LMS;clip-pack,2
我看见头发。,I see a hair.,头发,audio/sentences/我看见头发。.mp3,audio/sentence_meanings/I-see-a-hair.mp3,LMS;clip-pack,2
我看见高。,I see a tall.,高,audio/sentences/我看见高。.mp3,audio/sentence_meanings/I-see-a-tall.mp3,LMS;clip-pack,2
我看见高兴。,I see a happy.,高兴,audio/sentences/我看见高兴。.mp3,audio/sentence_meanings/I-see-a-happy.mp3,LMS;clip-pack,2
我看见点。,I see a little.,点,audio/sentences/我看见点。.mp3,audio/sentence_meanings/I-see-a-little.mp3,LMS;clip-pack,2
我看见旧。,I see an old.,旧,audio/sentences/我看见旧。.mp3,audio/sentence_meanings/I-see-an-old.mp3,LMS;clip-pack,2
我看见明。,I see a bright.,明,audio/sentences/我看见明。.mp3,audio/sentence_meanings/I-see-a-bright.mp3,LMS;clip-pack,2
我看见钱包。,I see a money bag.,钱包,audio/sentences/我看见钱包。.mp3,audio/sentence_meanings/I-see-a-money-bag.mp3,LMS;clip-pack,2
我看见中文。,I see a Chinese language.,中文,audio/sentences/我看见中文。.mp3,audio/sentence_meanings/I-see-a-Chinese-language.mp3,LMS;clip-pack,2
我看见父。,I see a father.,父,audio/sentences/我看见父。.mp3,audio/sentence_meanings/I-see-a-father.mp3,LMS;clip-pack,2
我看见犹太人。,I see a h person.,犹太人,audio/sentences/我看见犹太人。.mp3,audio/sentence_meanings/I-see-a-h-person.mp3,LMS;clip-pack,2
我看见不是。,I see an is not.,不是,audio/sentences/我看见不是。.mp3,audio/sentence_meanings/I-see-an-is-not.mp3,LMS;clip-pack,2
我看见在一起。,I see a together.,在一起,audio/sentences/我看见在一起。.mp3,audio/sentence_meanings/I-see-a-together.mp3,LMS;clip-pack,2
我看见一个人。,I see an one person.,一个人,audio/sentences/我看见一个人。.mp3,audio/sentence_meanings/I-see-an-one-person.mp3,LMS;clip-pack,2
我看见西门。,I see a west gate.,西门,audio/sentences/我看见西门。.mp3,audio/sentence_meanings/I-see-a-west-gate.mp3,LMS;clip-pack,2
我看见那时候。,I see an at that time.,那时候,audio/sentences/我看见那时候。.mp3,audio/sentence_meanings/I-see-an-at-that-time.mp3,LMS;clip-pack,2
我看见日。,I see a day.,日,audio/sentences/我看见日。.mp3,audio/sentence_meanings/I-see-a-day.mp3,LMS;clip-pack,2
我看见十二。,I see a twelve.,十二,audio/sentences/我看见十二。.mp3,audio/sentence_meanings/I-see-a-twelve.mp3,LMS;clip-pack,2
我看见第二天。,I see the next day.,第二天,audio/sentences/我看见第二天。.mp3,audio/sentence_meanings/I-see-the-next-day.mp3,LMS;clip-pack,2
我看见一定要。,I see a must.,一定要,audio/sentences/我看见一定要。.mp3,audio/sentence_meanings/I-see-a-must.mp3,LMS;clip-pack,2
我看见过节。,I see to celebrate a festival.,过节,audio/sentences/我看见过节。.mp3,audio/sentence_meanings/I-see-to-celebrate-a-festival.mp3,LMS;clip-pack,2
我看见后来。,I see an after that.,后来,audio/sentences/我看见后来。.mp3,audio/sentence_meanings/I-see-an-after-that.mp3,LMS;clip-pack,2
我看见只是。,I see a just.,只是,audio/sentences/我看见只是。.mp3,audio/sentence_meanings/I-see-a-just.mp3,LMS;clip-pack,2
我看见那是。,I see a that is.,那是,audio/sentences/我看见那是。.mp3,audio/sentence_meanings/I-see-a-that-is.mp3,LMS;clip-pack,2
我看见看错。,I see to misread.,看错,audio/sentences/我看见看错。.mp3,audio/sentence_meanings/I-see-to-misread.mp3,LMS;clip-pack,2
我看见走过。,I see to walk past.,走过,audio/sentences/我看见走过。.mp3,audio/sentence_meanings/I-see-to-walk-past.mp3,LMS;clip-pack,2
我看见觉得。,I see to feel.,觉得,audio/sentences/我看见觉得。.mp3,audio/sentence_meanings/I-see-to-feel.mp3,LMS;clip-pack,2
我看见下去。,I see to go down.,下去,audio/sentences/我看见下去。.mp3,audio/sentence_meanings/I-see-to-go-down.mp3,LMS;clip-pack,2
我看见这不。,I see an is this not.,这不,audio/sentences/我看见这不。.mp3,audio/sentence_meanings/I-see-an-is-this-not.mp3,LMS;clip-pack,2
我看见在世。,I see an alive.,在世,audio/sentences/我看见在世。.mp3,audio/sentence_meanings/I-see-an-alive.mp3,LMS;clip-pack,2
我看见大会。,I see a conference.,大会,audio/sentences/我看见大会。.mp3,audio/sentence_meanings/I-see-a-conference.mp3,LMS;clip-pack,2
我看见到现在。,I see an until now.,到现在,audio/sentences/我看见到现在。.mp3,audio/sentence_meanings/I-see-an-until-now.mp3,LMS;clip-pack,2
我看见父爱。,I see a fatherly love.,父爱,audio/sentences/我看见父爱。.mp3,audio/sentence_meanings/I-see-a-fatherly-love.mp3,LMS;clip-pack,2
我看见不只。,I see a not only.,不只,audio/sentences/我看见不只。.mp3,audio/sentence_meanings/I-see-a-not-only.mp3,LMS;clip-pack,2
我看见人中。,I see an among people.,人中,audio/sentences/我看见人中。.mp3,audio/sentence_meanings/I-see-an-among-people.mp3,LMS;clip-pack,2
我看见对不对。,I see a right?.,对不对,audio/sentences/我看见对不对。.mp3,audio/sentence_meanings/I-see-a-right.mp3,LMS;clip-pack,2
我看见去死。,I see a go die.,去死,audio/sentences/我看见去死。.mp3,audio/sentence_meanings/I-see-a-go-die.mp3,LMS;clip-pack,2
我看见那时。,I see an at that time.,那时,audio/sentences/我看见那时。.mp3,audio/sentence_meanings/I-see-an-at-that-time.mp3,LMS;clip-pack,2
我看见穿上。,I see to put on.,穿上,audio/sentences/我看见穿上。.mp3,audio/sentence_meanings/I-see-to-put-on.mp3,LMS;clip-pack,2
我看见三次。,I see a three times.,三次,audio/sentences/我看见三次。.mp3,audio/sentence_meanings/I-see-a-three-times.mp3,LMS;clip-pack,2
我看见小羊。,I see a lamb.,小羊,audio/sentences/我看见小羊。.mp3,audio/sentence_meanings/I-see-a-lamb.mp3,LMS;clip-pack,2
我看见大节。,I see a major festival.,大节,audio/sentences/我看见大节。.mp3,audio/sentence_meanings/I-see-a-major-festival.mp3,LMS;clip-pack,2
我看见院子。,I see a courtyard.,院子,audio/sentences/我看见院子。.mp3,audio/sentence_meanings/I-see-a-courtyard.mp3,LMS;clip-pack,2
我看见是不是。,I see an is it or not.,是不是,audio/sentences/我看见是不是。.mp3,audio/sentence_meanings/I-see-an-is-it-or-not.mp3,LMS;clip-pack,2
我看见病人。,I see a patient.,病人,audio/sentences/我看见病人。.mp3,audio/sentence_meanings/I-see-a-patient.mp3,LMS;clip-pack,2
我看见分。,I see to divide.,分,audio/sentences/我看见分。.mp3,audio/sentence_meanings/I-see-to-divide.mp3,LMS;clip-pack,2
我看见什么时候。,I see a when.,什么时候,audio/sentences/我看见什么时候。.mp3,audio/sentence_meanings/I-see-a-when.mp3,LMS;clip-pack,2
我看见色。,I see a color.,色,audio/sentences/我看见色。.mp3,audio/sentence_meanings/I-see-a-color.mp3,LMS;clip-pack,2
我看见差不多。,I see an approximately.,差不多,audio/sentences/我看见差不多。.mp3,audio/sentence_meanings/I-see-an-approximately.mp3,LMS;clip-pack,2
我看见山上。,I see an on the mountain.,山上,audio/sentences/我看见山上。.mp3,audio/sentence_meanings/I-see-an-on-the-mountain.mp3,LMS;clip-pack,2
我看见全世界。,I see a worldwide.,全世界,audio/sentences/我看见全世界。.mp3,audio/sentence_meanings/I-see-a-worldwide.mp3,LMS;clip-pack,2
我看见流出。,I see to flow out.,流出,audio/sentences/我看见流出。.mp3,audio/sentence_meanings/I-see-to-flow-out.mp3,LMS;clip-pack,2
我看见第二次。,I see a second time.,第二次,audio/sentences/我看见第二次。.mp3,audio/sentence_meanings/I-see-a-second-time.mp3,LMS;clip-pack,2
我看见擦。,I see to rub.,擦,audio/sentences/我看见擦。.mp3,audio/sentence_meanings/I-see-to-rub.mp3,LMS;clip-pack,2
我看见想见。,I see to want to see.,想见,audio/sentences/我看见想见。.mp3,audio/sentence_meanings/I-see-to-want-to-see.mp3,LMS;clip-pack,2
我看见驴。,I see a donkey.,驴,audio/sentences/我看见驴。.mp3,audio/sentence_meanings/I-see-a-donkey.mp3,LMS;clip-pack,2
我看见十五。,I see a fifteen.,十五,audio/sentences/我看见十五。.mp3,audio/sentence_meanings/I-see-a-fifteen.mp3,LMS;clip-pack,2
我看见十七。,I see a seventeen.,十七,audio/sentences/我看见十七。.mp3,audio/sentence_meanings/I-see-a-seventeen.mp3,LMS;clip-pack,2
我看见十九。,I see a nineteen.,十九,audio/sentences/我看见十九。.mp3,audio/sentence_meanings/I-see-a-nineteen.mp3,LMS;clip-pack,2
我看见石。,I see a stone.,石,audio/sentences/我看见石。.mp3,audio/sentence_meanings/I-see-a-stone.mp3,LMS;clip-pack,2
我看见在后。,I see a behind.,在后,audio/sentences/我看见在后。.mp3,audio/sentence_meanings/I-see-a-behind.mp3,LMS;clip-pack,2
我看见关掉。,I see a turn off.,关掉,audio/sentences/我看见关掉。.mp3,audio/sentence_meanings/I-see-a-turn-off.mp3,LMS;clip-pack,2
我看见不太好。,I see a not very good.,不太好,audio/sentences/我看见不太好。.mp3,audio/sentence_meanings/I-see-a-not-very-good.mp3,LMS;clip-pack,2
我看见买卖。,I see a buying and selling.,买卖,audio/sentences/我看见买卖。.mp3,audio/sentence_meanings/I-see-a-buying-and-selling.mp3,LMS;clip-pack,2
我看见再生。,I see a rebirth.,再生,audio/sentences/我看见再生。.mp3,audio/sentence_meanings/I-see-a-rebirth.mp3,LMS;clip-pack,2
我看见买东西。,I see to buy things.,买东西,audio/sentences/我看见买东西。.mp3,audio/sentence_meanings/I-see-to-buy-things.mp3,LMS;clip-pack,2
我看见流。,I see a flow.,流,audio/sentences/我看见流。.mp3,audio/sentence_meanings/I-see-a-flow.mp3,LMS;clip-pack,2
我看见工钱。,I see a wages.,工钱,audio/sentences/我看见工钱。.mp3,audio/sentence_meanings/I-see-a-wages.mp3,LMS;clip-pack,2
我看见人马。,I see a team.,人马,audio/sentences/我看见人马。.mp3,audio/sentence_meanings/I-see-a-team.mp3,LMS;clip-pack,2
我看见全。,I see an all.,全,audio/sentences/我看见全。.mp3,audio/sentence_meanings/I-see-an-all.mp3,LMS;clip-pack,2
我看见这位。,I see a this person.,这位,audio/sentences/我看见这位。.mp3,audio/sentence_meanings/I-see-a-this-person.mp3,LMS;clip-pack,2
我看见节。,I see a festival.,节,audio/sentences/我看见节。.mp3,audio/sentence_meanings/I-see-a-festival.mp3,LMS;clip-pack,2
我看见间。,I see a between.,间,audio/sentences/我看见间。.mp3,audio/sentence_meanings/I-see-a-between.mp3,LMS;clip-pack,2
我看见不了。,I see an unable to.,不了,audio/sentences/我看见不了。.mp3,audio/sentence_meanings/I-see-an-unable-to.mp3,LMS;clip-pack,2
我看见医。,I see medicine.,医,audio/sentences/我看见医。.mp3,audio/sentence_meanings/I-see-medicine.mp3,LMS;clip-pack,2
我看见不可以。,I see a cannot.,不可以,audio/sentences/我看见不可以。.mp3,audio/sentence_meanings/I-see-a-cannot.mp3,LMS;clip-pack,2
我看见管理。,I see to administer.,管理,audio/sentences/我看见管理。.mp3,audio/sentence_meanings/I-see-to-administer.mp3,LMS;clip-pack,2
我看见真神。,I see a true god.,真神,audio/sentences/我看见真神。.mp3,audio/sentence_meanings/I-see-a-true-god.mp3,LMS;clip-pack,2
我看见一说。,I see an once said.,一说,audio/sentences/我看见一说。.mp3,audio/sentence_meanings/I-see-an-once-said.mp3,LMS;clip-pack,2
我看见拔。,I see to pull out.,拔,audio/sentences/我看见拔。.mp3,audio/sentence_meanings/I-see-to-pull-out.mp3,LMS;clip-pack,2
我看见门外。,I see an outside the door.,门外,audio/sentences/我看见门外。.mp3,audio/sentence_meanings/I-see-an-outside-the-door.mp3,LMS;clip-pack,2
我看见要不是。,I see an if it were not for.,要不是,audio/sentences/我看见要不是。.mp3,audio/sentence_meanings/I-see-an-if-it-were-not-for.mp3,LMS;clip-pack,2
我看见离岸。,I see an offshore.,离岸,audio/sentences/我看见离岸。.mp3,audio/sentence_meanings/I-see-an-offshore.mp3,LMS;clip-pack,2
我看见万。,I see a ten thousand.,万,audio/sentences/我看见万。.mp3,audio/sentence_meanings/I-see-a-ten-thousand.mp3,LMS;clip-pack,2
我和你都去。,You and I both go.,和,audio/sentences/我和你都去。.mp3,audio/sentence_meanings/You-and-I-both-go.mp3,LMS;clip-pack,2
你去，还是我去？,"Are you going, or am I going?",还是,audio/sentences/你去，还是我去？.mp3,"audio/sentence_meanings/Are-you-going,-or-am-I-going.mp3",LMS;clip-pack,2
他一来，我就去。,"As soon as he comes, I go.",就,audio/sentences/他一来，我就去。.mp3,"audio/sentence_meanings/As-soon-as-he-comes,-I-go.mp3",LMS;clip-pack,2
他们都在这里。,They are all here.,都,audio/sentences/他们都在这里。.mp3,audio/sentence_meanings/They-are-all-here.mp3,LMS;clip-pack,2
我想去，可是不能去。,"I want to go, but I cannot go.",可是,audio/sentences/我想去，可是不能去。.mp3,"audio/sentence_meanings/I-want-to-go,-but-I-cannot-go.mp3",LMS;clip-pack,2
我没有时间。,I do not have time.,没有,audio/sentences/我没有时间。.mp3,audio/sentence_meanings/I-do-not-have-time.mp3,LMS;clip-pack,2
我不能去。,I cannot go.,不能,audio/sentences/我不能去。.mp3,audio/sentence_meanings/I-cannot-go.mp3,LMS;clip-pack,2
这个时候，我想回家。,"At this time, I want to go home.",时候,audio/sentences/这个时候，我想回家。.mp3,"audio/sentence_meanings/At-this-time,-I-want-to-go-home.mp3",LMS;clip-pack,2
他一直在这里。,He has been here all along.,一直,audio/sentences/他一直在这里。.mp3,audio/sentence_meanings/He-has-been-here-all-along.mp3,LMS;clip-pack,2
他总是来得很早。,He always comes early.,总是,audio/sentences/他总是来得很早。.mp3,audio/sentence_meanings/He-always-comes-early.mp3,LMS;clip-pack,2
他常常练习。,He often practices.,常常,audio/sentences/他常常练习。.mp3,audio/sentence_meanings/He-often-practices.mp3,LMS;clip-pack,2
他慢慢走。,He walks slowly.,慢慢,audio/sentences/他慢慢走。.mp3,audio/sentence_meanings/He-walks-slowly.mp3,LMS;clip-pack,2
他很快回来。,He comes back quickly.,快,audio/sentences/他很快回来。.mp3,audio/sentence_meanings/He-comes-back-quickly.mp3,LMS;clip-pack,2
之后，他回家。,"Afterward, he goes home.",之后,audio/sentences/之后，他回家。.mp3,"audio/sentence_meanings/Afterward,-he-goes-home.mp3",LMS;clip-pack,2
谁在这里？,Who is here?,谁,audio/sentences/谁在这里？.mp3,audio/sentence_meanings/Who-is-here.mp3,LMS;clip-pack,2
你要哪个？,Which one do you want?,哪个,audio/sentences/你要哪个？.mp3,audio/sentence_meanings/Which-one-do-you-want.mp3,LMS;clip-pack,2
你要多少？,How many do you want?,多少,audio/sentences/你要多少？.mp3,audio/sentence_meanings/How-many-do-you-want.mp3,LMS;clip-pack,2
他几乎忘记了。,He almost forgot.,几乎,audio/sentences/他几乎忘记了。.mp3,audio/sentence_meanings/He-almost-forgot.mp3,LMS;clip-pack,2
不要走。,Do not leave.,不要,audio/sentences/不要走。.mp3,audio/sentence_meanings/Do-not-leave.mp3,LMS;clip-pack,2
我不会做。,I cannot do it.,不会,audio/sentences/我不会做。.mp3,audio/sentence_meanings/I-cannot-do-it.mp3,LMS;clip-pack,2
不用担心。,No need to worry.,不用,audio/sentences/不用担心。.mp3,audio/sentence_meanings/No-need-to-worry.mp3,LMS;clip-pack,2
另外，他还要回家。,"In addition, he still needs to go home.",另外,audio/sentences/另外，他还要回家。.mp3,"audio/sentence_meanings/In-addition,-he-still-needs-to-go-home.mp3",LMS;clip-pack,2
他记得这个名字。,He remembers this name.,记得,audio/sentences/他记得这个名字。.mp3,audio/sentence_meanings/He-remembers-this-name.mp3,LMS;clip-pack,2
他收到东西。,He receives something.,收,audio/sentences/他收到东西。.mp3,audio/sentence_meanings/He-receives-something.mp3,LMS;clip-pack,2
他拿这个。,He takes this.,拿,audio/sentences/他拿这个。.mp3,audio/sentence_meanings/He-takes-this.mp3,LMS;clip-pack,2
他相信你。,He believes you.,相信,audio/sentences/他相信你。.mp3,audio/sentence_meanings/He-believes-you.mp3,LMS;clip-pack,2
他忘记这件事。,He forgets this matter.,忘记,audio/sentences/他忘记这件事。.mp3,audio/sentence_meanings/He-forgets-this-matter.mp3,LMS;clip-pack,2
他决定回家。,He decides to go home.,决定,audio/sentences/他决定回家。.mp3,audio/sentence_meanings/He-decides-to-go-home.mp3,LMS;clip-pack,2
他接受这个。,He accepts this.,接受,audio/sentences/他接受这个。.mp3,audio/sentence_meanings/He-accepts-this.mp3,LMS;clip-pack,2
这件事很麻烦。,This matter is troublesome.,麻烦,audio/sentences/这件事很麻烦。.mp3,audio/sentence_meanings/This-matter-is-troublesome.mp3,LMS;clip-pack,2
我希望你来。,I hope you come.,希望,audio/sentences/我希望你来。.mp3,audio/sentence_meanings/I-hope-you-come.mp3,LMS;clip-pack,2
这是一个问题。,This is a problem.,问题,audio/sentences/这是一个问题。.mp3,audio/sentence_meanings/This-is-a-problem.mp3,LMS;clip-pack,2
他很悲伤。,He is sad.,悲伤,audio/sentences/他很悲伤。.mp3,audio/sentence_meanings/He-is-sad.mp3,LMS;clip-pack,2
他很开心。,He is happy.,开心,audio/sentences/他很开心。.mp3,audio/sentence_meanings/He-is-happy.mp3,LMS;clip-pack,2
这是他的职业。,This is his profession.,职业,audio/sentences/这是他的职业。.mp3,audio/sentence_meanings/This-is-his-profession.mp3,LMS;clip-pack,2
我看见木头。,I see wood.,木头,audio/sentences/我看见木头。.mp3,audio/sentence_meanings/I-see-wood.mp3,LMS;clip-pack,2
这是一个游戏。,This is a game.,游戏,audio/sentences/这是一个游戏。.mp3,audio/sentence_meanings/This-is-a-game.mp3,LMS;clip-pack,2
我看见电脑。,I see a computer.,电脑,audio/sentences/我看见电脑。.mp3,audio/sentence_meanings/I-see-a-computer.mp3,LMS;clip-pack,2
他去城市。,He goes to the city.,城市,audio/sentences/他去城市。.mp3,audio/sentence_meanings/He-goes-to-the-city.mp3,LMS;clip-pack,2
他去商店。,He goes to the store.,商店,audio/sentences/他去商店。.mp3,audio/sentence_meanings/He-goes-to-the-store.mp3,LMS;clip-pack,2
他生病了。,He is sick.,生病,audio/sentences/他生病了。.mp3,audio/sentence_meanings/He-is-sick.mp3,LMS;clip-pack,2
男人在这里。,The man is here.,男人,audio/sentences/男人在这里。.mp3,audio/sentence_meanings/The-man-is-here.mp3,LMS;clip-pack,2
女人在这里。,The woman is here.,女人,audio/sentences/女人在这里。.mp3,audio/sentence_meanings/The-woman-is-here.mp3,LMS;clip-pack,2
大人在这里。,The adult is here.,大人,audio/sentences/大人在这里。.mp3,audio/sentence_meanings/The-adult-is-here.mp3,LMS;clip-pack,2
老人在这里。,The old person is here.,老人,audio/sentences/老人在这里。.mp3,audio/sentence_meanings/The-old-person-is-here.mp3,LMS;clip-pack,2
父亲在这里。,The father is here.,父亲,audio/sentences/父亲在这里。.mp3,audio/sentence_meanings/The-father-is-here.mp3,LMS;clip-pack,2
母亲在这里。,The mother is here.,母亲,audio/sentences/母亲在这里。.mp3,audio/sentence_meanings/The-mother-is-here.mp3,LMS;clip-pack,2
奶奶在这里。,The grandmother is here.,奶奶,audio/sentences/奶奶在这里。.mp3,audio/sentence_meanings/The-grandmother-is-here.mp3,LMS;clip-pack,2
爷爷在这里。,The grandfather is here.,爷爷,audio/sentences/爷爷在这里。.mp3,audio/sentence_meanings/The-grandfather-is-here.mp3,LMS;clip-pack,2
哥哥在这里。,The older brother is here.,哥哥,audio/sentences/哥哥在这里。.mp3,audio/sentence_meanings/The-older-brother-is-here.mp3,LMS;clip-pack,2
妹妹在这里。,The younger sister is here.,妹妹,audio/sentences/妹妹在这里。.mp3,audio/sentence_meanings/The-younger-sister-is-here.mp3,LMS;clip-pack,2
姐姐在这里。,The older sister is here.,姐姐,audio/sentences/姐姐在这里。.mp3,audio/sentence_meanings/The-older-sister-is-here.mp3,LMS;clip-pack,2
同学在这里。,The classmate is here.,同学,audio/sentences/同学在这里。.mp3,audio/sentence_meanings/The-classmate-is-here.mp3,LMS;clip-pack,2
医生在这里。,The doctor is here.,医生,audio/sentences/医生在这里。.mp3,audio/sentence_meanings/The-doctor-is-here.mp3,LMS;clip-pack,2
教官在这里。,The instructor is here.,教官,audio/sentences/教官在这里。.mp3,audio/sentence_meanings/The-instructor-is-here.mp3,LMS;clip-pack,2
这个很特别。,This is special.,特别,audio/sentences/这个很特别。.mp3,audio/sentence_meanings/This-is-special.mp3,LMS;clip-pack,2
这里很安静。,It is calm here.,安静,audio/sentences/这里很安静。.mp3,audio/sentence_meanings/It-is-calm-here.mp3,LMS;clip-pack,2
这个很便宜。,This is cheap.,便宜,audio/sentences/这个很便宜。.mp3,audio/sentence_meanings/This-is-cheap.mp3,LMS;clip-pack,2
这个很干。,This is do.,干,audio/sentences/这个很干。.mp3,audio/sentence_meanings/This-is-do.mp3,LMS;clip-pack,2
现在是下午。,It is afternoon now.,下午,audio/sentences/现在是下午。.mp3,audio/sentence_meanings/It-is-afternoon-now.mp3,LMS;clip-pack,2
这里很低。,It is low here.,低,audio/sentences/这里很低。.mp3,audio/sentence_meanings/It-is-low-here.mp3,LMS;clip-pack,2
这里很近。,It is close here.,近,audio/sentences/这里很近。.mp3,audio/sentence_meanings/It-is-close-here.mp3,LMS;clip-pack,2
我看见一块。,I see an one piece.,一块,audio/sentences/我看见一块。.mp3,audio/sentence_meanings/I-see-an-one-piece.mp3,LMS;clip-pack,2
我看见一眼。,I see an one glance.,一眼,audio/sentences/我看见一眼。.mp3,audio/sentence_meanings/I-see-an-one-glance.mp3,LMS;clip-pack,2
我看见一种。,I see an one kind.,一种,audio/sentences/我看见一种。.mp3,audio/sentence_meanings/I-see-an-one-kind.mp3,LMS;clip-pack,2
我看见上帝。,I see a God.,上帝,audio/sentences/我看见上帝。.mp3,audio/sentence_meanings/I-see-a-God.mp3,LMS;clip-pack,2
我看见与。,I see an and.,与,audio/sentences/我看见与。.mp3,audio/sentence_meanings/I-see-an-and.mp3,LMS;clip-pack,2
我看见久。,I see a long.,久,audio/sentences/我看见久。.mp3,audio/sentence_meanings/I-see-a-long.mp3,LMS;clip-pack,2
我看见人会。,I see a people can.,人会,audio/sentences/我看见人会。.mp3,audio/sentence_meanings/I-see-a-people-can.mp3,LMS;clip-pack,2
我看见他们。,I see a they.,他们,audio/sentences/我看见他们。.mp3,audio/sentence_meanings/I-see-a-they.mp3,LMS;clip-pack,2
价格太高了。,The price is too high.,价格,audio/sentences/价格太高了。.mp3,audio/sentence_meanings/The-price-is-too-high.mp3,LMS;clip-pack,2
他完成作品。,He completes the work.,作品,audio/sentences/他完成作品。.mp3,audio/sentence_meanings/He-completes-the-work.mp3,LMS;clip-pack,2
我看见几个。,I see a several.,几个,audio/sentences/我看见几个。.mp3,audio/sentence_meanings/I-see-a-several.mp3,LMS;clip-pack,2
我看见出。,I see to go out.,出,audio/sentences/我看见出。.mp3,audio/sentence_meanings/I-see-to-go-out.mp3,LMS;clip-pack,2
我看见别人。,I see a someone else.,别人,audio/sentences/我看见别人。.mp3,audio/sentence_meanings/I-see-a-someone-else.mp3,LMS;clip-pack,2
我看见前。,I see a front.,前,audio/sentences/我看见前。.mp3,audio/sentence_meanings/I-see-a-front.mp3,LMS;clip-pack,2
他的动作很慢。,His movement is slow.,动作,audio/sentences/他的动作很慢。.mp3,audio/sentence_meanings/His-movement-is-slow.mp3,LMS;clip-pack,2
我看见北京。,I see a Beijing.,北京,audio/sentences/我看见北京。.mp3,audio/sentence_meanings/I-see-a-Beijing.mp3,LMS;clip-pack,2
我看见吟游。,I see a bard.,吟游,audio/sentences/我看见吟游。.mp3,audio/sentence_meanings/I-see-a-bard.mp3,LMS;clip-pack,2
我看见听见。,I see a hear.,听见,audio/sentences/我看见听见。.mp3,audio/sentence_meanings/I-see-a-hear.mp3,LMS;clip-pack,2
我看见哪。,I see a which.,哪,audio/sentences/我看见哪。.mp3,audio/sentence_meanings/I-see-a-which.mp3,LMS;clip-pack,2
我看见外语。,I see a foreign language.,外语,audio/sentences/我看见外语。.mp3,audio/sentence_meanings/I-see-a-foreign-language.mp3,LMS;clip-pack,2
我看见大声。,I see a loud.,大声,audio/sentences/我看见大声。.mp3,audio/sentence_meanings/I-see-a-loud.mp3,LMS;clip-pack,2
我看见完。,I see to finish.,完,audio/sentences/我看见完。.mp3,audio/sentence_meanings/I-see-to-finish.mp3,LMS;clip-pack,2
他完成了。,He completes it.,完成,audio/sentences/他完成了。.mp3,audio/sentence_meanings/He-completes-it.mp3,LMS;clip-pack,2
客人正在等。,The customer is waiting.,客人,audio/sentences/客人正在等。.mp3,audio/sentence_meanings/The-customer-is-waiting.mp3,LMS;clip-pack,2
我看见尼哥。,I see a Nige.,尼哥,audio/sentences/我看见尼哥。.mp3,audio/sentence_meanings/I-see-a-Nige.mp3,LMS;clip-pack,2
我看见帮忙。,I see to help.,帮忙,audio/sentences/我看见帮忙。.mp3,audio/sentence_meanings/I-see-to-help.mp3,LMS;clip-pack,2
我看见常。,I see an often.,常,audio/sentences/我看见常。.mp3,audio/sentence_meanings/I-see-an-often.mp3,LMS;clip-pack,2
我看见底母。,I see a Dimu.,底母,audio/sentences/我看见底母。.mp3,audio/sentence_meanings/I-see-a-Dimu.mp3,LMS;clip-pack,2
我看见心里。,I see an in one's heart.,心里,audio/sentences/我看见心里。.mp3,audio/sentence_meanings/I-see-an-in-one's-heart.mp3,LMS;clip-pack,2
我看见怎么样。,I see an it.,怎么样,audio/sentences/我看见怎么样。.mp3,audio/sentence_meanings/I-see-an-it.mp3,LMS;clip-pack,2
我看见慢慢地。,I see a slowly.,慢慢地,audio/sentences/我看见慢慢地。.mp3,audio/sentence_meanings/I-see-a-slowly.mp3,LMS;clip-pack,2
他现在才来。,Only now does he come.,才,audio/sentences/他现在才来。.mp3,audio/sentence_meanings/Only-now-does-he-come.mp3,LMS;clip-pack,2
我看见打篮球。,I see to play basketball.,打篮球,audio/sentences/我看见打篮球。.mp3,audio/sentence_meanings/I-see-to-play-basketball.mp3,LMS;clip-pack,2
他放下这个。,He puts this down.,放,audio/sentences/他放下这个。.mp3,audio/sentence_meanings/He-puts-this-down.mp3,LMS;clip-pack,2
我看见放在。,I see to put down.,放在,audio/sentences/我看见放在。.mp3,audio/sentence_meanings/I-see-to-put-down.mp3,LMS;clip-pack,2
我看见早。,I see an early.,早,audio/sentences/我看见早。.mp3,audio/sentence_meanings/I-see-an-early.mp3,LMS;clip-pack,2
我看见有人。,I see a someone.,有人,audio/sentences/我看见有人。.mp3,audio/sentence_meanings/I-see-a-someone.mp3,LMS;clip-pack,2
杂草没有放弃。,Weed does not give up.,杂草,audio/sentences/杂草没有放弃。.mp3,audio/sentence_meanings/Weed-does-not-give-up.mp3,LMS;clip-pack,2
我看见生。,I see to be born.,生,audio/sentences/我看见生。.mp3,audio/sentence_meanings/I-see-to-be-born.mp3,LMS;clip-pack,2
我看见真对不起。,I see a really sorry.,真对不起,audio/sentences/我看见真对不起。.mp3,audio/sentence_meanings/I-see-a-really-sorry.mp3,LMS;clip-pack,2
我看见眼。,I see an eye.,眼,audio/sentences/我看见眼。.mp3,audio/sentence_meanings/I-see-an-eye.mp3,LMS;clip-pack,2
她露出笑脸。,She shows a smiling face.,笑脸,audio/sentences/她露出笑脸。.mp3,audio/sentence_meanings/She-shows-a-smiling-face.mp3,LMS;clip-pack,2
我看见第一。,I see a first.,第一,audio/sentences/我看见第一。.mp3,audio/sentence_meanings/I-see-a-first.mp3,LMS;clip-pack,2
我看见第一课。,I see a first lesson.,第一课,audio/sentences/我看见第一课。.mp3,audio/sentence_meanings/I-see-a-first-lesson.mp3,LMS;clip-pack,2
他认真练习。,He practices seriously.,认真,audio/sentences/他认真练习。.mp3,audio/sentence_meanings/He-practices-seriously.mp3,LMS;clip-pack,2
我看见诗人。,I see a poet.,诗人,audio/sentences/我看见诗人。.mp3,audio/sentence_meanings/I-see-a-poet.mp3,LMS;clip-pack,2
我看见说。,I see to say.,说,audio/sentences/我看见说。.mp3,audio/sentence_meanings/I-see-to-say.mp3,LMS;clip-pack,2
我看见请问。,I see an ask.,请问,audio/sentences/我看见请问。.mp3,audio/sentence_meanings/I-see-an-ask.mp3,LMS;clip-pack,2
我看见课。,I see a lesson.,课,audio/sentences/我看见课。.mp3,audio/sentence_meanings/I-see-a-lesson.mp3,LMS;clip-pack,2
我看见过来。,I see to come over.,过来,audio/sentences/我看见过来。.mp3,audio/sentence_meanings/I-see-to-come-over.mp3,LMS;clip-pack,2
我看见这个。,I see a this.,这个,audio/sentences/我看见这个。.mp3,audio/sentence_meanings/I-see-a-this.mp3,LMS;clip-pack,2
我看见这家。,I see a this shop.,这家,audio/sentences/我看见这家。.mp3,audio/sentence_meanings/I-see-a-this-shop.mp3,LMS;clip-pack,2
我看见这时候。,I see an at this time.,这时候,audio/sentences/我看见这时候。.mp3,audio/sentence_meanings/I-see-an-at-this-time.mp3,LMS;clip-pack,2
我看见这种。,I see a this kind of.,这种,audio/sentences/我看见这种。.mp3,audio/sentence_meanings/I-see-a-this-kind-of.mp3,LMS;clip-pack,2
我看见那个。,I see a that.,那个,audio/sentences/我看见那个。.mp3,audio/sentence_meanings/I-see-a-that.mp3,LMS;clip-pack,2
我看见那么。,I see an if.,那么,audio/sentences/我看见那么。.mp3,audio/sentence_meanings/I-see-an-if.mp3,LMS;clip-pack,2
我看见那天。,I see a that day.,那天,audio/sentences/我看见那天。.mp3,audio/sentence_meanings/I-see-a-that-day.mp3,LMS;clip-pack,2
我看见重要。,I see an important.,重要,audio/sentences/我看见重要。.mp3,audio/sentence_meanings/I-see-an-important.mp3,LMS;clip-pack,2
我看见钱。,I see a money.,钱,audio/sentences/我看见钱。.mp3,audio/sentence_meanings/I-see-a-money.mp3,LMS;clip-pack,2
我看见银行。,I see a bank.,银行,audio/sentences/我看见银行。.mp3,audio/sentence_meanings/I-see-a-bank.mp3,LMS;clip-pack,2
我看见难。,I see a difficult.,难,audio/sentences/我看见难。.mp3,audio/sentence_meanings/I-see-a-difficult.mp3,LMS;clip-pack,2
他看起来很难过。,He looks sad.,难过,audio/sentences/他看起来很难过。.mp3,audio/sentence_meanings/He-looks-sad.mp3,LMS;clip-pack,2
其实，我知道。,"Actually, I know.",其实,audio/sentences/其实，我知道。.mp3,"audio/sentence_meanings/Actually,-I-know.mp3",LMS;clip-pack,2
他立刻回来。,He comes back at once.,立刻,audio/sentences/他立刻回来。.mp3,audio/sentence_meanings/He-comes-back-at-once.mp3,LMS;clip-pack,2
他突然停住。,He suddenly stops.,突然,audio/sentences/他突然停住。.mp3,audio/sentence_meanings/He-suddenly-stops.mp3,LMS;clip-pack,2
他刚刚回来。,He just came back.,刚刚,audio/sentences/他刚刚回来。.mp3,audio/sentence_meanings/He-just-came-back.mp3,LMS;clip-pack,2
原来是这样。,So that is how it is.,原来,audio/sentences/原来是这样。.mp3,audio/sentence_meanings/So-that-is-how-it-is.mp3,LMS;clip-pack,2
之前，他不知道。,"Before, he did not know.",之前,audio/sentences/之前，他不知道。.mp3,"audio/sentence_meanings/Before,-he-did-not-know.mp3",LMS;clip-pack,2
所有人都看着他。,Everyone looks at him.,所有,audio/sentences/所有人都看着他。.mp3,audio/sentence_meanings/Everyone-looks-at-him.mp3,LMS;clip-pack,2
他没有任何问题。,He does not have any problem.,任何,audio/sentences/他没有任何问题。.mp3,audio/sentence_meanings/He-does-not-have-any-problem.mp3,LMS;clip-pack,2
因此，他回家。,"Therefore, he goes home.",因此,audio/sentences/因此，他回家。.mp3,"audio/sentence_meanings/Therefore,-he-goes-home.mp3",LMS;clip-pack,2
虽然很累，他还是去。,"Although he is tired, he still goes.",虽然,audio/sentences/虽然很累，他还是去。.mp3,"audio/sentence_meanings/Although-he-is-tired,-he-still-goes.mp3",LMS;clip-pack,2
他会看，而且会听。,"He can look, and also can listen.",而且,audio/sentences/他会看，而且会听。.mp3,"audio/sentence_meanings/He-can-look,-and-also-can-listen.mp3",LMS;clip-pack,2
于是，他走进去。,"So then, he walks in.",于是,audio/sentences/于是，他走进去。.mp3,"audio/sentence_meanings/So-then,-he-walks-in.mp3",LMS;clip-pack,2
他被看见了。,He was seen.,被,audio/sentences/他被看见了。.mp3,audio/sentence_meanings/He-was-seen.mp3,LMS;clip-pack,2
他通过这个学会了。,He learned through this.,通过,audio/sentences/他通过这个学会了。.mp3,audio/sentence_meanings/He-learned-through-this.mp3,LMS;clip-pack,2
按照这个办法做。,Do it according to this method.,按照,audio/sentences/按照这个办法做。.mp3,audio/sentence_meanings/Do-it-according-to-this-method.mp3,LMS;clip-pack,2
他等到晚上。,He waits until evening.,直到,audio/sentences/他等到晚上。.mp3,audio/sentence_meanings/He-waits-until-evening.mp3,LMS;clip-pack,2
除了这个，他没有别的。,"Except for this, he has nothing else.",除了,audio/sentences/除了这个，他没有别的。.mp3,"audio/sentence_meanings/Except-for-this,-he-has-nothing-else.mp3",LMS;clip-pack,2
即使很累，他也去。,"Even if he is tired, he still goes.",即使,audio/sentences/即使很累，他也去。.mp3,"audio/sentence_meanings/Even-if-he-is-tired,-he-still-goes.mp3",LMS;clip-pack,2
他曾经很怕。,He was once afraid.,曾经,audio/sentences/他曾经很怕。.mp3,audio/sentence_meanings/He-was-once-afraid.mp3,LMS;clip-pack,2
他仍然在这里。,He is still here.,仍然,audio/sentences/他仍然在这里。.mp3,audio/sentence_meanings/He-is-still-here.mp3,LMS;clip-pack,2
一切都好了。,Everything is okay now.,一切,audio/sentences/一切都好了。.mp3,audio/sentence_meanings/Everything-is-okay-now.mp3,LMS;clip-pack,2
他看，同时也听。,He looks and listens at the same time.,同时,audio/sentences/他看，同时也听。.mp3,audio/sentence_meanings/He-looks-and-listens-at-the-same-time.mp3,LMS;clip-pack,2
他照顾你。,He takes care of you.,照顾,audio/sentences/他照顾你。.mp3,audio/sentence_meanings/He-takes-care-of-you.mp3,LMS;clip-pack,2
他愣了一下。,He freezes for a moment.,愣,audio/sentences/他愣了一下。.mp3,audio/sentence_meanings/He-freezes-for-a-moment.mp3,LMS;clip-pack,2
他松了一口气。,He feels relieved.,松一口气,audio/sentences/他松了一口气。.mp3,audio/sentence_meanings/He-feels-relieved.mp3,LMS;clip-pack,2
他擦伤了手。,He scrapes his hand.,擦伤,audio/sentences/他擦伤了手。.mp3,audio/sentence_meanings/He-scrapes-his-hand.mp3,LMS;clip-pack,2
他逞强。,He acts tough.,逞强,audio/sentences/他逞强。.mp3,audio/sentence_meanings/He-acts-tough.mp3,LMS;clip-pack,2
他包扎伤口。,He bandages the wound.,包扎,audio/sentences/他包扎伤口。.mp3,audio/sentence_meanings/He-bandages-the-wound.mp3,LMS;clip-pack,2
他重复这句话。,He repeats this sentence.,重复,audio/sentences/他重复这句话。.mp3,audio/sentence_meanings/He-repeats-this-sentence.mp3,LMS;clip-pack,2
他提醒你。,He reminds you.,提醒,audio/sentences/他提醒你。.mp3,audio/sentence_meanings/He-reminds-you.mp3,LMS;clip-pack,2
他开口说话。,He speaks up.,开口,audio/sentences/他开口说话。.mp3,audio/sentence_meanings/He-speaks-up.mp3,LMS;clip-pack,2
他浪费时间。,He wastes time.,浪费,audio/sentences/他浪费时间。.mp3,audio/sentence_meanings/He-wastes-time.mp3,LMS;clip-pack,2
他提到这个问题。,He mentions this problem.,提到,audio/sentences/他提到这个问题。.mp3,audio/sentence_meanings/He-mentions-this-problem.mp3,LMS;clip-pack,2
他记下名字。,He writes down the name.,记下,audio/sentences/他记下名字。.mp3,audio/sentence_meanings/He-writes-down-the-name.mp3,LMS;clip-pack,2
他选择这个。,He chooses this.,选择,audio/sentences/他选择这个。.mp3,audio/sentence_meanings/He-chooses-this.mp3,LMS;clip-pack,2
他珍惜时间。,He treasures time.,珍惜,audio/sentences/他珍惜时间。.mp3,audio/sentence_meanings/He-treasures-time.mp3,LMS;clip-pack,2
他重新做。,He does it again.,重新,audio/sentences/他重新做。.mp3,audio/sentence_meanings/He-does-it-again.mp3,LMS;clip-pack,2
他取笑他。,He mocks him.,取笑,audio/sentences/他取笑他。.mp3,audio/sentence_meanings/He-mocks-him.mp3,LMS;clip-pack,2
他降低声音。,He lowers his voice.,降,audio/sentences/他降低声音。.mp3,audio/sentence_meanings/He-lowers-his-voice.mp3,LMS;clip-pack,2
他摆着这个东西。,He leaves this thing on display.,摆着,audio/sentences/他摆着这个东西。.mp3,audio/sentence_meanings/He-leaves-this-thing-on-display.mp3,LMS;clip-pack,2
他开玩笑。,He jokes.,开玩笑,audio/sentences/他开玩笑。.mp3,audio/sentence_meanings/He-jokes.mp3,LMS;clip-pack,2
他解释这个问题。,He explains this problem.,解释,audio/sentences/他解释这个问题。.mp3,audio/sentence_meanings/He-explains-this-problem.mp3,LMS;clip-pack,2
他观察他。,He observes him.,观察,audio/sentences/他观察他。.mp3,audio/sentence_meanings/He-observes-him.mp3,LMS;clip-pack,2
他回头看。,He looks back.,回头,audio/sentences/他回头看。.mp3,audio/sentence_meanings/He-looks-back.mp3,LMS;clip-pack,2
他信你。,He trusts you.,信,audio/sentences/他信你。.mp3,audio/sentence_meanings/He-trusts-you.mp3,LMS;clip-pack,2
他照样做。,He does it the same way.,照样,audio/sentences/他照样做。.mp3,audio/sentence_meanings/He-does-it-the-same-way.mp3,LMS;clip-pack,2
他发抖。,He shakes.,发抖,audio/sentences/他发抖。.mp3,audio/sentence_meanings/He-shakes.mp3,LMS;clip-pack,2
他撑下去。,He pushes through.,撑,audio/sentences/他撑下去。.mp3,audio/sentence_meanings/He-pushes-through.mp3,LMS;clip-pack,2
他停住。,He stops in place.,停住,audio/sentences/他停住。.mp3,audio/sentence_meanings/He-stops-in-place.mp3,LMS;clip-pack,2
他舍得放下。,He is willing to let go.,舍得,audio/sentences/他舍得放下。.mp3,audio/sentence_meanings/He-is-willing-to-let-go.mp3,LMS;clip-pack,2
他碰这个东西。,He touches this thing.,碰,audio/sentences/他碰这个东西。.mp3,audio/sentence_meanings/He-touches-this-thing.mp3,LMS;clip-pack,2
他随手放下。,He puts it down casually.,随手,audio/sentences/他随手放下。.mp3,audio/sentence_meanings/He-puts-it-down-casually.mp3,LMS;clip-pack,2
他评价这个作品。,He judges this work.,评价,audio/sentences/他评价这个作品。.mp3,audio/sentence_meanings/He-judges-this-work.mp3,LMS;clip-pack,2
他刺到手。,He stings his hand.,刺,audio/sentences/他刺到手。.mp3,audio/sentence_meanings/He-stings-his-hand.mp3,LMS;clip-pack,2
他很着急。,He is anxious.,着急,audio/sentences/他很着急。.mp3,audio/sentence_meanings/He-is-anxious.mp3,LMS;clip-pack,2
他提前回来。,He comes back in advance.,提前,audio/sentences/他提前回来。.mp3,audio/sentence_meanings/He-comes-back-in-advance.mp3,LMS;clip-pack,2
他留下这个。,He leaves this behind.,留,audio/sentences/他留下这个。.mp3,audio/sentence_meanings/He-leaves-this-behind.mp3,LMS;clip-pack,2
他负责这件事。,He takes responsibility for this.,负责,audio/sentences/他负责这件事。.mp3,audio/sentence_meanings/He-takes-responsibility-for-this.mp3,LMS;clip-pack,2
他认这个人。,He acknowledges this person.,认,audio/sentences/他认这个人。.mp3,audio/sentence_meanings/He-acknowledges-this-person.mp3,LMS;clip-pack,2
他传开了。,He spreads around.,传开,audio/sentences/他传开了。.mp3,audio/sentence_meanings/He-spreads-around.mp3,LMS;clip-pack,2
他练习。,He practices.,练习,audio/sentences/他练习。.mp3,audio/sentence_meanings/He-practices.mp3,LMS;clip-pack,2
他进入房间。,He enters the room.,进入,audio/sentences/他进入房间。.mp3,audio/sentence_meanings/He-enters-the-room.mp3,LMS;clip-pack,2
他关上门。,He closes the door.,关上,audio/sentences/他关上门。.mp3,audio/sentence_meanings/He-closes-the-door.mp3,LMS;clip-pack,2
他保护你。,He protects you.,保护,audio/sentences/他保护你。.mp3,audio/sentence_meanings/He-protects-you.mp3,LMS;clip-pack,2
他拒绝这个。,He refuses this.,拒绝,audio/sentences/他拒绝这个。.mp3,audio/sentence_meanings/He-refuses-this.mp3,LMS;clip-pack,2
他结束了。,He ends it.,结束,audio/sentences/他结束了。.mp3,audio/sentence_meanings/He-ends-it.mp3,LMS;clip-pack,2
他等待你。,He waits for you.,等待,audio/sentences/他等待你。.mp3,audio/sentence_meanings/He-waits-for-you.mp3,LMS;clip-pack,2
他继续练习。,He continues practicing.,继续,audio/sentences/他继续练习。.mp3,audio/sentence_meanings/He-continues-practicing.mp3,LMS;clip-pack,2
他舍不得走。,He cannot bear to leave.,舍不得,audio/sentences/他舍不得走。.mp3,audio/sentence_meanings/He-cannot-bear-to-leave.mp3,LMS;clip-pack,2
他的运气很好。,His luck is good.,运气,audio/sentences/他的运气很好。.mp3,audio/sentence_meanings/His-luck-is-good.mp3,LMS;clip-pack,2
他很稳。,He is steady.,稳,audio/sentences/他很稳。.mp3,audio/sentence_meanings/He-is-steady.mp3,LMS;clip-pack,2
这个很合适。,This is suitable.,合适,audio/sentences/这个很合适。.mp3,audio/sentence_meanings/This-is-suitable.mp3,LMS;clip-pack,2
这件事很清楚。,This matter is clear.,清楚,audio/sentences/这件事很清楚。.mp3,audio/sentence_meanings/This-matter-is-clear.mp3,LMS;clip-pack,2
他很有耐心。,He is patient.,耐心,audio/sentences/他很有耐心。.mp3,audio/sentence_meanings/He-is-patient.mp3,LMS;clip-pack,2
这是长远的事。,This is a long-term matter.,长远,audio/sentences/这是长远的事。.mp3,audio/sentence_meanings/This-is-a-long-term-matter.mp3,LMS;clip-pack,2
这是一个笑话。,This is a joke.,笑话,audio/sentences/这是一个笑话。.mp3,audio/sentence_meanings/This-is-a-joke.mp3,LMS;clip-pack,2
他很满意。,He is satisfied.,满意,audio/sentences/他很满意。.mp3,audio/sentence_meanings/He-is-satisfied.mp3,LMS;clip-pack,2
这个很值得。,This is worth it.,值得,audio/sentences/这个很值得。.mp3,audio/sentence_meanings/This-is-worth-it.mp3,LMS;clip-pack,2
他很僵。,He is stiff.,僵,audio/sentences/他很僵。.mp3,audio/sentence_meanings/He-is-stiff.mp3,LMS;clip-pack,2
他说得很自然。,He speaks naturally.,自然,audio/sentences/他说得很自然。.mp3,audio/sentence_meanings/He-speaks-naturally.mp3,LMS;clip-pack,2
这个东西很硬。,This thing is hard.,硬,audio/sentences/这个东西很硬。.mp3,audio/sentence_meanings/This-thing-is-hard.mp3,LMS;clip-pack,2
他后悔了。,He regrets it.,后悔,audio/sentences/他后悔了。.mp3,audio/sentence_meanings/He-regrets-it.mp3,LMS;clip-pack,2
他看轻自己。,He undervalues himself.,看轻,audio/sentences/他看轻自己。.mp3,audio/sentence_meanings/He-undervalues-himself.mp3,LMS;clip-pack,2
这个很珍贵。,This is precious.,珍贵,audio/sentences/这个很珍贵。.mp3,audio/sentence_meanings/This-is-precious.mp3,LMS;clip-pack,2
他很专心。,He is focused.,专心,audio/sentences/他很专心。.mp3,audio/sentence_meanings/He-is-focused.mp3,LMS;clip-pack,2
这是一个机会。,This is a chance.,机会,audio/sentences/这是一个机会。.mp3,audio/sentence_meanings/This-is-a-chance.mp3,LMS;clip-pack,2
这是答案。,This is the answer.,答案,audio/sentences/这是答案。.mp3,audio/sentence_meanings/This-is-the-answer.mp3,LMS;clip-pack,2
这是真相。,This is the truth.,真相,audio/sentences/这是真相。.mp3,audio/sentence_meanings/This-is-the-truth.mp3,LMS;clip-pack,2
这是一个秘密。,This is a secret.,秘密,audio/sentences/这是一个秘密。.mp3,audio/sentence_meanings/This-is-a-secret.mp3,LMS;clip-pack,2
这是一个记忆。,This is a memory.,记忆,audio/sentences/这是一个记忆。.mp3,audio/sentence_meanings/This-is-a-memory.mp3,LMS;clip-pack,2
这是一个约定。,This is a promise.,约定,audio/sentences/这是一个约定。.mp3,audio/sentence_meanings/This-is-a-promise.mp3,LMS;clip-pack,2
这是命运。,This is fate.,命运,audio/sentences/这是命运。.mp3,audio/sentence_meanings/This-is-fate.mp3,LMS;clip-pack,2
这个有价值。,This has value.,价值,audio/sentences/这个有价值。.mp3,audio/sentence_meanings/This-has-value.mp3,LMS;clip-pack,2
他恨这件事。,He hates this matter.,恨,audio/sentences/他恨这件事。.mp3,audio/sentence_meanings/He-hates-this-matter.mp3,LMS;clip-pack,2
这是痛苦。,This is pain.,痛苦,audio/sentences/这是痛苦。.mp3,audio/sentence_meanings/This-is-pain.mp3,LMS;clip-pack,2
他很失望。,He is disappointed.,失望,audio/sentences/他很失望。.mp3,audio/sentence_meanings/He-is-disappointed.mp3,LMS;clip-pack,2
这是勇气。,This is courage.,勇气,audio/sentences/这是勇气。.mp3,audio/sentence_meanings/This-is-courage.mp3,LMS;clip-pack,2
他得到荣耀。,He gains glory.,荣耀,audio/sentences/他得到荣耀。.mp3,audio/sentence_meanings/He-gains-glory.mp3,LMS;clip-pack,2
这里很危险。,It is dangerous here.,危险,audio/sentences/这里很危险。.mp3,audio/sentence_meanings/It-is-dangerous-here.mp3,LMS;clip-pack,2
他有点紧张。,He is a little nervous.,紧张,audio/sentences/他有点紧张。.mp3,audio/sentence_meanings/He-is-a-little-nervous.mp3,LMS;clip-pack,2
他感到惊讶。,He feels surprised.,惊讶,audio/sentences/他感到惊讶。.mp3,audio/sentence_meanings/He-feels-surprised.mp3,LMS;clip-pack,2
她有点害羞。,She is a little shy.,害羞,audio/sentences/她有点害羞。.mp3,audio/sentence_meanings/She-is-a-little-shy.mp3,LMS;clip-pack,2
他保持冷静。,He stays calm.,冷静,audio/sentences/他保持冷静。.mp3,audio/sentence_meanings/He-stays-calm.mp3,LMS;clip-pack,2
他的眼神很坚定。,His eyes look firm.,坚定,audio/sentences/他的眼神很坚定。.mp3,audio/sentence_meanings/His-eyes-look-firm.mp3,LMS;clip-pack,2
他慢慢变平静。,He slowly becomes peaceful.,平静,audio/sentences/他慢慢变平静。.mp3,audio/sentence_meanings/He-slowly-becomes-peaceful.mp3,LMS;clip-pack,2
场面很混乱。,The scene is chaotic.,混乱,audio/sentences/场面很混乱。.mp3,audio/sentence_meanings/The-scene-is-chaotic.mp3,LMS;clip-pack,2
他感到压力。,He feels pressure.,压力,audio/sentences/他感到压力。.mp3,audio/sentence_meanings/He-feels-pressure.mp3,LMS;clip-pack,2
他走到摊位前。,He walks to the stall.,摊位,audio/sentences/他走到摊位前。.mp3,audio/sentence_meanings/He-walks-to-the-stall.mp3,LMS;clip-pack,2
他打开账号。,He opens the account.,账号,audio/sentences/他打开账号。.mp3,audio/sentence_meanings/He-opens-the-account.mp3,LMS;clip-pack,2
玩家开始训练。,The player starts training.,玩家,audio/sentences/玩家开始训练。.mp3,audio/sentence_meanings/The-player-starts-training.mp3,LMS;clip-pack,2
新手慢慢学习。,The newbie learns slowly.,新手,audio/sentences/新手慢慢学习。.mp3,audio/sentence_meanings/The-newbie-learns-slowly.mp3,LMS;clip-pack,2
高手没有放弃。,The expert does not give up.,高手,audio/sentences/高手没有放弃。.mp3,audio/sentence_meanings/The-expert-does-not-give-up.mp3,LMS;clip-pack,2
他的等级很低。,His level is low.,等级,audio/sentences/他的等级很低。.mp3,audio/sentence_meanings/His-level-is-low.mp3,LMS;clip-pack,2
他得到经验。,He gains experience points.,经验,audio/sentences/他得到经验。.mp3,audio/sentence_meanings/He-gains-experience-points.mp3,LMS;clip-pack,2
他练习技能。,He practices the skill.,技能,audio/sentences/他练习技能。.mp3,audio/sentence_meanings/He-practices-the-skill.mp3,LMS;clip-pack,2
他接受任务。,He accepts the quest.,任务,audio/sentences/他接受任务。.mp3,audio/sentence_meanings/He-accepts-the-quest.mp3,LMS;clip-pack,2
他得到奖励。,He receives the reward.,奖励,audio/sentences/他得到奖励。.mp3,audio/sentence_meanings/He-receives-the-reward.mp3,LMS;clip-pack,2
他数金币。,He counts gold coins.,金币,audio/sentences/他数金币。.mp3,audio/sentence_meanings/He-counts-gold-coins.mp3,LMS;clip-pack,2
他收下银币。,He accepts the silver coins.,银币,audio/sentences/他收下银币。.mp3,audio/sentence_meanings/He-accepts-the-silver-coins.mp3,LMS;clip-pack,2
他留下铜币。,He keeps the copper coins.,铜币,audio/sentences/他留下铜币。.mp3,audio/sentence_meanings/He-keeps-the-copper-coins.mp3,LMS;clip-pack,2
他还有债。,He still has debt.,债,audio/sentences/他还有债。.mp3,audio/sentence_meanings/He-still-has-debt.mp3,LMS;clip-pack,2
利息越来越高。,The interest gets higher and higher.,利息,audio/sentences/利息越来越高。.mp3,audio/sentence_meanings/The-interest-gets-higher-and-higher.mp3,LMS;clip-pack,2
生意慢慢变好。,Business slowly gets better.,生意,audio/sentences/生意慢慢变好。.mp3,audio/sentence_meanings/Business-slowly-gets-better.mp3,LMS;clip-pack,2
他拿到工资。,He receives wages.,工资,audio/sentences/他拿到工资。.mp3,audio/sentence_meanings/He-receives-wages.mp3,LMS;clip-pack,2
机器开始动了。,The machine starts moving.,机器,audio/sentences/机器开始动了。.mp3,audio/sentence_meanings/The-machine-starts-moving.mp3,LMS;clip-pack,2
他进入胶囊。,He enters the capsule.,胶囊,audio/sentences/他进入胶囊。.mp3,audio/sentence_meanings/He-enters-the-capsule.mp3,LMS;clip-pack,2
王国很大。,The kingdom is large.,王国,audio/sentences/王国很大。.mp3,audio/sentence_meanings/The-kingdom-is-large.mp3,LMS;clip-pack,2
市场很热闹。,The market is lively.,市场,audio/sentences/市场很热闹。.mp3,audio/sentence_meanings/The-market-is-lively.mp3,LMS;clip-pack,2
他走进训练场。,He walks into the training hall.,训练场,audio/sentences/他走进训练场。.mp3,audio/sentence_meanings/He-walks-into-the-training-hall.mp3,LMS;clip-pack,2
他打稻草人。,He hits the scarecrow.,稻草人,audio/sentences/他打稻草人。.mp3,audio/sentence_meanings/He-hits-the-scarecrow.mp3,LMS;clip-pack,2
他拿起木剑。,He picks up the wooden sword.,木剑,audio/sentences/他拿起木剑。.mp3,audio/sentence_meanings/He-picks-up-the-wooden-sword.mp3,LMS;clip-pack,2
剑很锋利。,The sword is sharp.,剑,audio/sentences/剑很锋利。.mp3,audio/sentence_meanings/The-sword-is-sharp.mp3,LMS;clip-pack,2
他举起盾牌。,He raises the shield.,盾牌,audio/sentences/他举起盾牌。.mp3,audio/sentence_meanings/He-raises-the-shield.mp3,LMS;clip-pack,2
他穿上盔甲。,He puts on armor.,盔甲,audio/sentences/他穿上盔甲。.mp3,audio/sentence_meanings/He-puts-on-armor.mp3,LMS;clip-pack,2
他喝下药。,He drinks the medicine.,药,audio/sentences/他喝下药。.mp3,audio/sentence_meanings/He-drinks-the-medicine.mp3,LMS;clip-pack,2
他去了医院。,He goes to the hospital.,医院,audio/sentences/他去了医院。.mp3,audio/sentence_meanings/He-goes-to-the-hospital.mp3,LMS;clip-pack,2
他在工厂工作。,He works in the factory.,工厂,audio/sentences/他在工厂工作。.mp3,audio/sentence_meanings/He-works-in-the-factory.mp3,LMS;clip-pack,2
伤口还在痛。,The wound still hurts.,伤口,audio/sentences/伤口还在痛。.mp3,audio/sentence_meanings/The-wound-still-hurts.mp3,LMS;clip-pack,2
他找到线索。,He finds a clue.,线索,audio/sentences/他找到线索。.mp3,audio/sentence_meanings/He-finds-a-clue.mp3,LMS;clip-pack,2
表面很平静。,The surface is peaceful.,表面,audio/sentences/表面很平静。.mp3,audio/sentence_meanings/The-surface-is-peaceful.mp3,LMS;clip-pack,2
他的手指受伤了。,His finger is injured.,手指,audio/sentences/他的手指受伤了。.mp3,audio/sentence_meanings/His-finger-is-injured.mp3,LMS;clip-pack,2
他的表情很紧张。,His expression is nervous.,表情,audio/sentences/他的表情很紧张。.mp3,audio/sentence_meanings/His-expression-is-nervous.mp3,LMS;clip-pack,2
他看着镜子。,He looks at the mirror.,镜子,audio/sentences/他看着镜子。.mp3,audio/sentence_meanings/He-looks-at-the-mirror.mp3,LMS;clip-pack,2
台灯还亮着。,The desk lamp is still on.,台灯,audio/sentences/台灯还亮着。.mp3,audio/sentence_meanings/The-desk-lamp-is-still-on.mp3,LMS;clip-pack,2
他需要本钱。,He needs the original cost.,本钱,audio/sentences/他需要本钱。.mp3,audio/sentence_meanings/He-needs-the-original-cost.mp3,LMS;clip-pack,2
他记下步骤。,He writes down the steps.,步骤,audio/sentences/他记下步骤。.mp3,audio/sentence_meanings/He-writes-down-the-steps.mp3,LMS;clip-pack,2
他的目的很清楚。,His purpose is clear.,目的,audio/sentences/他的目的很清楚。.mp3,audio/sentence_meanings/His-purpose-is-clear.mp3,LMS;clip-pack,2
护士包扎伤口。,The nurse bandages the wound.,护士,audio/sentences/护士包扎伤口。.mp3,audio/sentence_meanings/The-nurse-bandages-the-wound.mp3,LMS;clip-pack,2
店主看着他。,The shopkeeper looks at him.,店主,audio/sentences/店主看着他。.mp3,audio/sentence_meanings/The-shopkeeper-looks-at-him.mp3,LMS;clip-pack,2
商人选择价格。,The merchant chooses the price.,商人,audio/sentences/商人选择价格。.mp3,audio/sentence_meanings/The-merchant-chooses-the-price.mp3,LMS;clip-pack,2
工人继续工作。,The worker continues working.,工人,audio/sentences/工人继续工作。.mp3,audio/sentence_meanings/The-worker-continues-working.mp3,LMS;clip-pack,2
老板很满意。,The boss is satisfied.,老板,audio/sentences/老板很满意。.mp3,audio/sentence_meanings/The-boss-is-satisfied.mp3,LMS;clip-pack,2
战士继续训练。,The warrior continues training.,战士,audio/sentences/战士继续训练。.mp3,audio/sentence_meanings/The-warrior-continues-training.mp3,LMS;clip-pack,2
骑士举起盾牌。,The knight raises the shield.,骑士,audio/sentences/骑士举起盾牌。.mp3,audio/sentence_meanings/The-knight-raises-the-shield.mp3,LMS;clip-pack,2
士兵守在门口。,The soldier guards the door.,士兵,audio/sentences/士兵守在门口。.mp3,audio/sentence_meanings/The-soldier-guards-the-door.mp3,LMS;clip-pack,2
女仆轻轻开口。,The maid speaks softly.,女仆,audio/sentences/女仆轻轻开口。.mp3,audio/sentence_meanings/The-maid-speaks-softly.mp3,LMS;clip-pack,2
他一下子愣住了。,He is suddenly stunned.,愣住,audio/sentences/他一下子愣住了。.mp3,audio/sentence_meanings/He-is-suddenly-stunned.mp3,LMS;clip-pack,2
他忽然停住。,He suddenly stops.,忽然,audio/sentences/他忽然停住。.mp3,audio/sentence_meanings/He-suddenly-stops.mp3,LMS;clip-pack,2
他轻轻放下剑。,He gently puts down the sword.,轻轻,audio/sentences/他轻轻放下剑。.mp3,audio/sentence_meanings/He-gently-puts-down-the-sword.mp3,LMS;clip-pack,2
木剑有点歪。,The wooden sword is a little crooked.,歪,audio/sentences/木剑有点歪。.mp3,audio/sentence_meanings/The-wooden-sword-is-a-little-crooked.mp3,LMS;clip-pack,2
他留着金币。,He keeps the gold coins.,留着,audio/sentences/他留着金币。.mp3,audio/sentence_meanings/He-keeps-the-gold-coins.mp3,LMS;clip-pack,2
中午他还在训练。,"At noon, he is still training.",中午,audio/sentences/中午他还在训练。.mp3,"audio/sentence_meanings/At-noon,-he-is-still-training.mp3",LMS;clip-pack,2
半夜他还没睡。,"At midnight, he still has not slept.",半夜,audio/sentences/半夜他还没睡。.mp3,"audio/sentence_meanings/At-midnight,-he-still-has-not-slept.mp3",LMS;clip-pack,2
时间很短。,The time is short.,短,audio/sentences/时间很短。.mp3,audio/sentence_meanings/The-time-is-short.mp3,LMS;clip-pack,2
这个线索是假的。,This clue is false.,假,audio/sentences/这个线索是假的。.mp3,audio/sentence_meanings/This-clue-is-false.mp3,LMS;clip-pack,2
情况变坏了。,The situation turns bad.,坏,audio/sentences/情况变坏了。.mp3,audio/sentence_meanings/The-situation-turns-bad.mp3,LMS;clip-pack,2
李贤继续练习。,Lee Hyun continues practicing.,李贤,audio/sentences/李贤继续练习。.mp3,audio/sentence_meanings/Lee-Hyun-continues-practicing.mp3,LMS;clip-pack,2
李夏妍有点担心。,Lee Hayan is a little worried.,李夏妍,audio/sentences/李夏妍有点担心。.mp3,audio/sentence_meanings/Lee-Hayan-is-a-little-worried.mp3,LMS;clip-pack,2
他进入皇家之路。,He enters Royal Road.,皇家之路,audio/sentences/他进入皇家之路。.mp3,audio/sentence_meanings/He-enters-Royal-Road.mp3,LMS;clip-pack,2
他来到罗森海姆。,He arrives in Rosenheim.,罗森海姆,audio/sentences/他来到罗森海姆。.mp3,audio/sentence_meanings/He-arrives-in-Rosenheim.mp3,LMS;clip-pack,2
他前往塞拉堡。,He heads to Serabourg.,塞拉堡,audio/sentences/他前往塞拉堡。.mp3,audio/sentence_meanings/He-heads-to-Serabourg.mp3,LMS;clip-pack,2
扎哈布看着作品。,Zahab looks at the work.,扎哈布,audio/sentences/扎哈布看着作品。.mp3,audio/sentence_meanings/Zahab-looks-at-the-work.mp3,LMS;clip-pack,2
他成为月光雕刻师。,He becomes the Moonlight Sculptor.,月光雕刻师,audio/sentences/他成为月光雕刻师。.mp3,audio/sentence_meanings/He-becomes-the-Moonlight-Sculptor.mp3,LMS;clip-pack,2
他走进雕刻店。,He walks into the sculpture shop.,雕刻店,audio/sentences/他走进雕刻店。.mp3,audio/sentence_meanings/He-walks-into-the-sculpture-shop.mp3,LMS;clip-pack,2
他得到秘密职业。,He gets a hidden class.,秘密职业,audio/sentences/他得到秘密职业。.mp3,audio/sentence_meanings/He-gets-a-hidden-class.mp3,LMS;clip-pack,2
我看见开始。,I see to begin.,开始,audio/sentences/我看见开始。.mp3,audio/sentence_meanings/I-see-to-begin.mp3,LMS;clip-pack,2
我看见准备。,I see to prepare.,准备,audio/sentences/我看见准备。.mp3,audio/sentence_meanings/I-see-to-prepare.mp3,LMS;clip-pack,2
我看见着。,I see a continuous action particle.,着,audio/sentences/我看见着。.mp3,audio/sentence_meanings/I-see-a-continuous-action-particle.mp3,LMS;clip-pack,2
我看见件。,I see a measure word.,件,audio/sentences/我看见件。.mp3,audio/sentence_meanings/I-see-a-measure-word.mp3,LMS;clip-pack,2
我看见一个。,I see an one.,一个,audio/sentences/我看见一个。.mp3,audio/sentence_meanings/I-see-an-one.mp3,LMS;clip-pack,2
我看见只要。,I see an as long as.,只要,audio/sentences/我看见只要。.mp3,audio/sentence_meanings/I-see-an-as-long-as.mp3,LMS;clip-pack,2
我看见好像。,I see to seem.,好像,audio/sentences/我看见好像。.mp3,audio/sentence_meanings/I-see-to-seem.mp3,LMS;clip-pack,2
我看见认为。,I see to think.,认为,audio/sentences/我看见认为。.mp3,audio/sentence_meanings/I-see-to-think.mp3,LMS;clip-pack,2
我看见以为。,I see to think.,以为,audio/sentences/我看见以为。.mp3,audio/sentence_meanings/I-see-to-think.mp3,LMS;clip-pack,2
我看见感觉。,I see to feel.,感觉,audio/sentences/我看见感觉。.mp3,audio/sentence_meanings/I-see-to-feel.mp3,LMS;clip-pack,2
我看见就是。,I see a precisely.,就是,audio/sentences/我看见就是。.mp3,audio/sentence_meanings/I-see-a-precisely.mp3,LMS;clip-pack,2
我看见认识。,I see to know.,认识,audio/sentences/我看见认识。.mp3,audio/sentence_meanings/I-see-to-know.mp3,LMS;clip-pack,2
我看见穿。,I see to wear.,穿,audio/sentences/我看见穿。.mp3,audio/sentence_meanings/I-see-to-wear.mp3,LMS;clip-pack,2
我看见简单。,I see a simple.,简单,audio/sentences/我看见简单。.mp3,audio/sentence_meanings/I-see-a-simple.mp3,LMS;clip-pack,2
我看见脸。,I see a face.,脸,audio/sentences/我看见脸。.mp3,audio/sentence_meanings/I-see-a-face.mp3,LMS;clip-pack,2
我看见但。,I see a but.,但,audio/sentences/我看见但。.mp3,audio/sentence_meanings/I-see-a-but.mp3,LMS;clip-pack,2
我看见却。,I see a but.,却,audio/sentences/我看见却。.mp3,audio/sentence_meanings/I-see-a-but.mp3,LMS;clip-pack,2
我看见嘴。,I see a mouth.,嘴,audio/sentences/我看见嘴。.mp3,audio/sentence_meanings/I-see-a-mouth.mp3,LMS;clip-pack,2
我看见讲。,I see to speak.,讲,audio/sentences/我看见讲。.mp3,audio/sentence_meanings/I-see-to-speak.mp3,LMS;clip-pack,2
我看见到底。,I see an after all.,到底,audio/sentences/我看见到底。.mp3,audio/sentence_meanings/I-see-an-after-all.mp3,LMS;clip-pack,2
我看见经过。,I see to pass through.,经过,audio/sentences/我看见经过。.mp3,audio/sentence_meanings/I-see-to-pass-through.mp3,LMS;clip-pack,2
我看见幸福。,I see a happy.,幸福,audio/sentences/我看见幸福。.mp3,audio/sentence_meanings/I-see-a-happy.mp3,LMS;clip-pack,2
我看见条。,I see a measure word.,条,audio/sentences/我看见条。.mp3,audio/sentence_meanings/I-see-a-measure-word.mp3,LMS;clip-pack,2
我看见伤心。,I see a sad.,伤心,audio/sentences/我看见伤心。.mp3,audio/sentence_meanings/I-see-a-sad.mp3,LMS;clip-pack,2
我看见帮。,I see to help.,帮,audio/sentences/我看见帮。.mp3,audio/sentence_meanings/I-see-to-help.mp3,LMS;clip-pack,2
我看见还有。,I see an also.,还有,audio/sentences/我看见还有。.mp3,audio/sentence_meanings/I-see-an-also.mp3,LMS;clip-pack,2
我看见休息。,I see to rest.,休息,audio/sentences/我看见休息。.mp3,audio/sentence_meanings/I-see-to-rest.mp3,LMS;clip-pack,2
我看见而。,I see an and.,而,audio/sentences/我看见而。.mp3,audio/sentence_meanings/I-see-an-and.mp3,LMS;clip-pack,2
我看见真的。,I see a really.,真的,audio/sentences/我看见真的。.mp3,audio/sentence_meanings/I-see-a-really.mp3,LMS;clip-pack,2
我看见发现。,I see to discover.,发现,audio/sentences/我看见发现。.mp3,audio/sentence_meanings/I-see-to-discover.mp3,LMS;clip-pack,2
我看见当。,I see a when.,当,audio/sentences/我看见当。.mp3,audio/sentence_meanings/I-see-a-when.mp3,LMS;clip-pack,2
我看见几。,I see a how many.,几,audio/sentences/我看见几。.mp3,audio/sentence_meanings/I-see-a-how-many.mp3,LMS;clip-pack,2
我看见家里。,I see an at home.,家里,audio/sentences/我看见家里。.mp3,audio/sentence_meanings/I-see-an-at-home.mp3,LMS;clip-pack,2
我看见可。,I see a but.,可,audio/sentences/我看见可。.mp3,audio/sentence_meanings/I-see-a-but.mp3,LMS;clip-pack,2
我看见故事。,I see a story.,故事,audio/sentences/我看见故事。.mp3,audio/sentence_meanings/I-see-a-story.mp3,LMS;clip-pack,2
我看见回去。,I see to go back.,回去,audio/sentences/我看见回去。.mp3,audio/sentence_meanings/I-see-to-go-back.mp3,LMS;clip-pack,2
我看见动。,I see to move.,动,audio/sentences/我看见动。.mp3,audio/sentence_meanings/I-see-to-move.mp3,LMS;clip-pack,2
我看见家人。,I see a family members.,家人,audio/sentences/我看见家人。.mp3,audio/sentence_meanings/I-see-a-family-members.mp3,LMS;clip-pack,2
我看见出去。,I see to go out.,出去,audio/sentences/我看见出去。.mp3,audio/sentence_meanings/I-see-to-go-out.mp3,LMS;clip-pack,2
我看见男朋友。,I see a boyfriend.,男朋友,audio/sentences/我看见男朋友。.mp3,audio/sentence_meanings/I-see-a-boyfriend.mp3,LMS;clip-pack,2
我看见系统。,I see a system.,系统,audio/sentences/我看见系统。.mp3,audio/sentence_meanings/I-see-a-system.mp3,LMS;clip-pack,2
我看见也许。,I see a maybe.,也许,audio/sentences/我看见也许。.mp3,audio/sentence_meanings/I-see-a-maybe.mp3,LMS;clip-pack,2
我看见问问。,I see to ask.,问问,audio/sentences/我看见问问。.mp3,audio/sentence_meanings/I-see-to-ask.mp3,LMS;clip-pack,2
我看见不好。,I see a not good.,不好,audio/sentences/我看见不好。.mp3,audio/sentence_meanings/I-see-a-not-good.mp3,LMS;clip-pack,2
我看见前面。,I see an in front.,前面,audio/sentences/我看见前面。.mp3,audio/sentence_meanings/I-see-an-in-front.mp3,LMS;clip-pack,2
我看见回家。,I see to go home.,回家,audio/sentences/我看见回家。.mp3,audio/sentence_meanings/I-see-to-go-home.mp3,LMS;clip-pack,2
我看见送。,I see to send.,送,audio/sentences/我看见送。.mp3,audio/sentence_meanings/I-see-to-send.mp3,LMS;clip-pack,2
我看见为了。,I see a for.,为了,audio/sentences/我看见为了。.mp3,audio/sentence_meanings/I-see-a-for.mp3,LMS;clip-pack,2
我看见直。,I see a straight.,直,audio/sentences/我看见直。.mp3,audio/sentence_meanings/I-see-a-straight.mp3,LMS;clip-pack,2
我看见活。,I see to live.,活,audio/sentences/我看见活。.mp3,audio/sentence_meanings/I-see-to-live.mp3,LMS;clip-pack,2
我看见手里。,I see an in one's hand.,手里,audio/sentences/我看见手里。.mp3,audio/sentence_meanings/I-see-an-in-one's-hand.mp3,LMS;clip-pack,2
我看见不错。,I see a not bad.,不错,audio/sentences/我看见不错。.mp3,audio/sentence_meanings/I-see-a-not-bad.mp3,LMS;clip-pack,2
我看见不过。,I see a but.,不过,audio/sentences/我看见不过。.mp3,audio/sentence_meanings/I-see-a-but.mp3,LMS;clip-pack,2
我看见不对。,I see a wrong.,不对,audio/sentences/我看见不对。.mp3,audio/sentence_meanings/I-see-a-wrong.mp3,LMS;clip-pack,2
我看见这么。,I see a so.,这么,audio/sentences/我看见这么。.mp3,audio/sentence_meanings/I-see-a-so.mp3,LMS;clip-pack,2
我看见面前。,I see an in front of.,面前,audio/sentences/我看见面前。.mp3,audio/sentence_meanings/I-see-an-in-front-of.mp3,LMS;clip-pack,2
我看见衣服。,I see a clothes.,衣服,audio/sentences/我看见衣服。.mp3,audio/sentence_meanings/I-see-a-clothes.mp3,LMS;clip-pack,2
我看见看看。,I see to take a look.,看看,audio/sentences/我看见看看。.mp3,audio/sentence_meanings/I-see-to-take-a-look.mp3,LMS;clip-pack,2
我看见找到。,I see to find.,找到,audio/sentences/我看见找到。.mp3,audio/sentence_meanings/I-see-to-find.mp3,LMS;clip-pack,2
我看见工作。,I see to work.,工作,audio/sentences/我看见工作。.mp3,audio/sentence_meanings/I-see-to-work.mp3,LMS;clip-pack,2
我看见行。,I see to walk.,行,audio/sentences/我看见行。.mp3,audio/sentence_meanings/I-see-to-walk.mp3,LMS;clip-pack,2
我看见第三。,I see a third.,第三,audio/sentences/我看见第三。.mp3,audio/sentence_meanings/I-see-a-third.mp3,LMS;clip-pack,2
我看见它们。,I see a they.,它们,audio/sentences/我看见它们。.mp3,audio/sentence_meanings/I-see-a-they.mp3,LMS;clip-pack,2
我看见坐下。,I see to sit down.,坐下,audio/sentences/我看见坐下。.mp3,audio/sentence_meanings/I-see-to-sit-down.mp3,LMS;clip-pack,2
我看见聪明。,I see a smart.,聪明,audio/sentences/我看见聪明。.mp3,audio/sentence_meanings/I-see-a-smart.mp3,LMS;clip-pack,2
我看见那种。,I see a that kind of.,那种,audio/sentences/我看见那种。.mp3,audio/sentence_meanings/I-see-a-that-kind-of.mp3,LMS;clip-pack,2
我看见输。,I see to lose.,输,audio/sentences/我看见输。.mp3,audio/sentence_meanings/I-see-to-lose.mp3,LMS;clip-pack,2
我看见回到。,I see to return to.,回到,audio/sentences/我看见回到。.mp3,audio/sentence_meanings/I-see-to-return-to.mp3,LMS;clip-pack,2
我看见完全。,I see a completely.,完全,audio/sentences/我看见完全。.mp3,audio/sentence_meanings/I-see-a-completely.mp3,LMS;clip-pack,2
我看见真正。,I see a real.,真正,audio/sentences/我看见真正。.mp3,audio/sentence_meanings/I-see-a-real.mp3,LMS;clip-pack,2
我看见洞。,I see a hole.,洞,audio/sentences/我看见洞。.mp3,audio/sentence_meanings/I-see-a-hole.mp3,LMS;clip-pack,2
我看见心。,I see a heart.,心,audio/sentences/我看见心。.mp3,audio/sentence_meanings/I-see-a-heart.mp3,LMS;clip-pack,2
我看见路上。,I see an on the road.,路上,audio/sentences/我看见路上。.mp3,audio/sentence_meanings/I-see-an-on-the-road.mp3,LMS;clip-pack,2
我看见不知。,I see a not know.,不知,audio/sentences/我看见不知。.mp3,audio/sentence_meanings/I-see-a-not-know.mp3,LMS;clip-pack,2
我看见有时候。,I see a Because.,有时候,audio/sentences/我看见有时候。.mp3,audio/sentence_meanings/I-see-a-Because.mp3,LMS;clip-pack,2
我看见付。,I see to pay.,付,audio/sentences/我看见付。.mp3,audio/sentence_meanings/I-see-to-pay.mp3,LMS;clip-pack,2
我看见强大。,I see a powerful.,强大,audio/sentences/我看见强大。.mp3,audio/sentence_meanings/I-see-a-powerful.mp3,LMS;clip-pack,2
我看见吃饭。,I see to eat.,吃饭,audio/sentences/我看见吃饭。.mp3,audio/sentence_meanings/I-see-to-eat.mp3,LMS;clip-pack,2
我看见气。,I see an air.,气,audio/sentences/我看见气。.mp3,audio/sentence_meanings/I-see-an-air.mp3,LMS;clip-pack,2
我看见掉。,I see to drop.,掉,audio/sentences/我看见掉。.mp3,audio/sentence_meanings/I-see-to-drop.mp3,LMS;clip-pack,2
我看见每个。,I see an every.,每个,audio/sentences/我看见每个。.mp3,audio/sentence_meanings/I-see-an-every.mp3,LMS;clip-pack,2
我看见子。,I see a child.,子,audio/sentences/我看见子。.mp3,audio/sentence_meanings/I-see-a-child.mp3,LMS;clip-pack,2
我看见个人。,I see an individual.,个人,audio/sentences/我看见个人。.mp3,audio/sentence_meanings/I-see-an-individual.mp3,LMS;clip-pack,2
我看见过去。,I see the past.,过去,audio/sentences/我看见过去。.mp3,audio/sentence_meanings/I-see-the-past.mp3,LMS;clip-pack,2
我看见其他。,I see an other.,其他,audio/sentences/我看见其他。.mp3,audio/sentence_meanings/I-see-an-other.mp3,LMS;clip-pack,2
我看见或者。,I see an or.,或者,audio/sentences/我看见或者。.mp3,audio/sentence_meanings/I-see-an-or.mp3,LMS;clip-pack,2
我看见身。,I see a body.,身,audio/sentences/我看见身。.mp3,audio/sentence_meanings/I-see-a-body.mp3,LMS;clip-pack,2
我看见名。,I see a name.,名,audio/sentences/我看见名。.mp3,audio/sentence_meanings/I-see-a-name.mp3,LMS;clip-pack,2
我看见白。,I see a white.,白,audio/sentences/我看见白。.mp3,audio/sentence_meanings/I-see-a-white.mp3,LMS;clip-pack,2
我看见口。,I see a mouth.,口,audio/sentences/我看见口。.mp3,audio/sentence_meanings/I-see-a-mouth.mp3,LMS;clip-pack,2
我看见愿意。,I see a willing.,愿意,audio/sentences/我看见愿意。.mp3,audio/sentence_meanings/I-see-a-willing.mp3,LMS;clip-pack,2
我看见藏。,I see to hide.,藏,audio/sentences/我看见藏。.mp3,audio/sentence_meanings/I-see-to-hide.mp3,LMS;clip-pack,2
我看见亮。,I see a bright.,亮,audio/sentences/我看见亮。.mp3,audio/sentence_meanings/I-see-a-bright.mp3,LMS;clip-pack,2
我看见本来。,I see an originally.,本来,audio/sentences/我看见本来。.mp3,audio/sentence_meanings/I-see-an-originally.mp3,LMS;clip-pack,2
我看见成为。,I see to become.,成为,audio/sentences/我看见成为。.mp3,audio/sentence_meanings/I-see-to-become.mp3,LMS;clip-pack,2
我看见根本。,I see an at all.,根本,audio/sentences/我看见根本。.mp3,audio/sentence_meanings/I-see-an-at-all.mp3,LMS;clip-pack,2
我看见下面。,I see a below.,下面,audio/sentences/我看见下面。.mp3,audio/sentence_meanings/I-see-a-below.mp3,LMS;clip-pack,2
我看见赢。,I see to win.,赢,audio/sentences/我看见赢。.mp3,audio/sentence_meanings/I-see-to-win.mp3,LMS;clip-pack,2
我看见房子。,I see a house.,房子,audio/sentences/我看见房子。.mp3,audio/sentence_meanings/I-see-a-house.mp3,LMS;clip-pack,2
我看见样子。,I see an appearance.,样子,audio/sentences/我看见样子。.mp3,audio/sentence_meanings/I-see-an-appearance.mp3,LMS;clip-pack,2
我看见打算。,I see to plan.,打算,audio/sentences/我看见打算。.mp3,audio/sentence_meanings/I-see-to-plan.mp3,LMS;clip-pack,2
我看见想法。,I see an idea.,想法,audio/sentences/我看见想法。.mp3,audio/sentence_meanings/I-see-an-idea.mp3,LMS;clip-pack,2
我看见每天。,I see an every day.,每天,audio/sentences/我看见每天。.mp3,audio/sentence_meanings/I-see-an-every-day.mp3,LMS;clip-pack,2
我看见奇怪。,I see a strange.,奇怪,audio/sentences/我看见奇怪。.mp3,audio/sentence_meanings/I-see-a-strange.mp3,LMS;clip-pack,2
我看见力。,I see a power.,力,audio/sentences/我看见力。.mp3,audio/sentence_meanings/I-see-a-power.mp3,LMS;clip-pack,2
我看见狗。,I see a dog.,狗,audio/sentences/我看见狗。.mp3,audio/sentence_meanings/I-see-a-dog.mp3,LMS;clip-pack,2
我看见除非。,I see an unless.,除非,audio/sentences/我看见除非。.mp3,audio/sentence_meanings/I-see-an-unless.mp3,LMS;clip-pack,2
我看见甚至。,I see an even.,甚至,audio/sentences/我看见甚至。.mp3,audio/sentence_meanings/I-see-an-even.mp3,LMS;clip-pack,2
我看见这次。,I see a this time.,这次,audio/sentences/我看见这次。.mp3,audio/sentence_meanings/I-see-a-this-time.mp3,LMS;clip-pack,2
我看见出现。,I see to appear.,出现,audio/sentences/我看见出现。.mp3,audio/sentence_meanings/I-see-to-appear.mp3,LMS;clip-pack,2
我看见教。,I see to teach.,教,audio/sentences/我看见教。.mp3,audio/sentence_meanings/I-see-to-teach.mp3,LMS;clip-pack,2
我看见冷。,I see a cold.,冷,audio/sentences/我看见冷。.mp3,audio/sentence_meanings/I-see-a-cold.mp3,LMS;clip-pack,2
我看见记。,I see to remember.,记,audio/sentences/我看见记。.mp3,audio/sentence_meanings/I-see-to-remember.mp3,LMS;clip-pack,2
我看见下次。,I see a next time.,下次,audio/sentences/我看见下次。.mp3,audio/sentence_meanings/I-see-a-next-time.mp3,LMS;clip-pack,2
我看见至少。,I see an at least.,至少,audio/sentences/我看见至少。.mp3,audio/sentence_meanings/I-see-an-at-least.mp3,LMS;clip-pack,2
我看见不行。,I see a no way.,不行,audio/sentences/我看见不行。.mp3,audio/sentence_meanings/I-see-a-no-way.mp3,LMS;clip-pack,2
我看见别的。,I see an other.,别的,audio/sentences/我看见别的。.mp3,audio/sentence_meanings/I-see-an-other.mp3,LMS;clip-pack,2
我看见根。,I see a root.,根,audio/sentences/我看见根。.mp3,audio/sentence_meanings/I-see-a-root.mp3,LMS;clip-pack,2
我看见算。,I see to count.,算,audio/sentences/我看见算。.mp3,audio/sentence_meanings/I-see-to-count.mp3,LMS;clip-pack,2
我看见情况。,I see a situation.,情况,audio/sentences/我看见情况。.mp3,audio/sentence_meanings/I-see-a-situation.mp3,LMS;clip-pack,2
我看见错。,I see a wrong.,错,audio/sentences/我看见错。.mp3,audio/sentence_meanings/I-see-a-wrong.mp3,LMS;clip-pack,2
我看见米。,I see a rice.,米,audio/sentences/我看见米。.mp3,audio/sentence_meanings/I-see-a-rice.mp3,LMS;clip-pack,2
我看见月。,I see a month.,月,audio/sentences/我看见月。.mp3,audio/sentence_meanings/I-see-a-month.mp3,LMS;clip-pack,2
我看见停。,I see to stop.,停,audio/sentences/我看见停。.mp3,audio/sentence_meanings/I-see-to-stop.mp3,LMS;clip-pack,2
我看见句。,I see a sentence.,句,audio/sentences/我看见句。.mp3,audio/sentence_meanings/I-see-a-sentence.mp3,LMS;clip-pack,2
我看见搬。,I see to move.,搬,audio/sentences/我看见搬。.mp3,audio/sentence_meanings/I-see-to-move.mp3,LMS;clip-pack,2
我看见安。,I see a peace.,安,audio/sentences/我看见安。.mp3,audio/sentence_meanings/I-see-a-peace.mp3,LMS;clip-pack,2
我看见第二。,I see a second.,第二,audio/sentences/我看见第二。.mp3,audio/sentence_meanings/I-see-a-second.mp3,LMS;clip-pack,2
我看见喝。,I see to drink.,喝,audio/sentences/我看见喝。.mp3,audio/sentence_meanings/I-see-to-drink.mp3,LMS;clip-pack,2
我看见爬。,I see to climb.,爬,audio/sentences/我看见爬。.mp3,audio/sentence_meanings/I-see-to-climb.mp3,LMS;clip-pack,2
我看见吹。,I see to blow.,吹,audio/sentences/我看见吹。.mp3,audio/sentence_meanings/I-see-to-blow.mp3,LMS;clip-pack,2
我看见邻居。,I see a neighbor.,邻居,audio/sentences/我看见邻居。.mp3,audio/sentence_meanings/I-see-a-neighbor.mp3,LMS;clip-pack,2
我看见很快。,I see a very fast.,很快,audio/sentences/我看见很快。.mp3,audio/sentence_meanings/I-see-a-very-fast.mp3,LMS;clip-pack,2
我看见同。,I see a same.,同,audio/sentences/我看见同。.mp3,audio/sentence_meanings/I-see-a-same.mp3,LMS;clip-pack,2
我看见越。,I see a more and more.,越,audio/sentences/我看见越。.mp3,audio/sentence_meanings/I-see-a-more-and-more.mp3,LMS;clip-pack,2
我看见那边。,I see an over there.,那边,audio/sentences/我看见那边。.mp3,audio/sentence_meanings/I-see-an-over-there.mp3,LMS;clip-pack,2
我看见创造。,I see to create.,创造,audio/sentences/我看见创造。.mp3,audio/sentence_meanings/I-see-to-create.mp3,LMS;clip-pack,2
我看见连。,I see an even.,连,audio/sentences/我看见连。.mp3,audio/sentence_meanings/I-see-an-even.mp3,LMS;clip-pack,2
我看见黑。,I see a black.,黑,audio/sentences/我看见黑。.mp3,audio/sentence_meanings/I-see-a-black.mp3,LMS;clip-pack,2
我看见往。,I see to go.,往,audio/sentences/我看见往。.mp3,audio/sentence_meanings/I-see-to-go.mp3,LMS;clip-pack,2
我看见再说。,I see to say again.,再说,audio/sentences/我看见再说。.mp3,audio/sentence_meanings/I-see-to-say-again.mp3,LMS;clip-pack,2
我看见百。,I see a hundred.,百,audio/sentences/我看见百。.mp3,audio/sentence_meanings/I-see-a-hundred.mp3,LMS;clip-pack,2
我看见神奇。,I see a magical.,神奇,audio/sentences/我看见神奇。.mp3,audio/sentence_meanings/I-see-a-magical.mp3,LMS;clip-pack,2
我看见躲。,I see to evade.,躲,audio/sentences/我看见躲。.mp3,audio/sentence_meanings/I-see-to-evade.mp3,LMS;clip-pack,2
我看见改变。,I see to change.,改变,audio/sentences/我看见改变。.mp3,audio/sentence_meanings/I-see-to-change.mp3,LMS;clip-pack,2
我看见年纪。,I see an age.,年纪,audio/sentences/我看见年纪。.mp3,audio/sentence_meanings/I-see-an-age.mp3,LMS;clip-pack,2
我看见学。,I see to study.,学,audio/sentences/我看见学。.mp3,audio/sentence_meanings/I-see-to-study.mp3,LMS;clip-pack,2
我看见包。,I see a bag.,包,audio/sentences/我看见包。.mp3,audio/sentence_meanings/I-see-a-bag.mp3,LMS;clip-pack,2
我看见醒来。,I see to wake up.,醒来,audio/sentences/我看见醒来。.mp3,audio/sentence_meanings/I-see-to-wake-up.mp3,LMS;clip-pack,2
我看见我们。,I see a we.,我们,audio/sentences/我看见我们。.mp3,audio/sentence_meanings/I-see-a-we.mp3,LMS;clip-pack,2
我看见车。,I see a car.,车,audio/sentences/我看见车。.mp3,audio/sentence_meanings/I-see-a-car.mp3,LMS;clip-pack,2
我看见想想。,I see a think again.,想想,audio/sentences/我看见想想。.mp3,audio/sentence_meanings/I-see-a-think-again.mp3,LMS;clip-pack,2
我看见你们。,I see a you.,你们,audio/sentences/我看见你们。.mp3,audio/sentence_meanings/I-see-a-you.mp3,LMS;clip-pack,2
我看见先生。,I see a Mr..,先生,audio/sentences/我看见先生。.mp3,audio/sentence_meanings/I-see-a-Mr.mp3,LMS;clip-pack,2
我看见成功。,I see to succeed.,成功,audio/sentences/我看见成功。.mp3,audio/sentence_meanings/I-see-to-succeed.mp3,LMS;clip-pack,2
我看见成。,I see to become.,成,audio/sentences/我看见成。.mp3,audio/sentence_meanings/I-see-to-become.mp3,LMS;clip-pack,2
我看见本。,I see a this.,本,audio/sentences/我看见本。.mp3,audio/sentence_meanings/I-see-a-this.mp3,LMS;clip-pack,2
我看见洗。,I see to wash.,洗,audio/sentences/我看见洗。.mp3,audio/sentence_meanings/I-see-to-wash.mp3,LMS;clip-pack,2
我看见结果。,I see a result.,结果,audio/sentences/我看见结果。.mp3,audio/sentence_meanings/I-see-a-result.mp3,LMS;clip-pack,2
我看见发生。,I see to happen.,发生,audio/sentences/我看见发生。.mp3,audio/sentence_meanings/I-see-to-happen.mp3,LMS;clip-pack,2
我看见选。,I see to choose.,选,audio/sentences/我看见选。.mp3,audio/sentence_meanings/I-see-to-choose.mp3,LMS;clip-pack,2
我看见肯定。,I see a definitely.,肯定,audio/sentences/我看见肯定。.mp3,audio/sentence_meanings/I-see-a-definitely.mp3,LMS;clip-pack,2
我看见电话。,I see a telephone.,电话,audio/sentences/我看见电话。.mp3,audio/sentence_meanings/I-see-a-telephone.mp3,LMS;clip-pack,2
我看见等等。,I see an and so on.,等等,audio/sentences/我看见等等。.mp3,audio/sentence_meanings/I-see-an-and-so-on.mp3,LMS;clip-pack,2
我看见节目。,I see a program.,节目,audio/sentences/我看见节目。.mp3,audio/sentence_meanings/I-see-a-program.mp3,LMS;clip-pack,2
我看见还要。,I see a still want.,还要,audio/sentences/我看见还要。.mp3,audio/sentence_meanings/I-see-a-still-want.mp3,LMS;clip-pack,2
我看见战斗。,I see a battle.,战斗,audio/sentences/我看见战斗。.mp3,audio/sentence_meanings/I-see-a-battle.mp3,LMS;clip-pack,2
我看见今晚。,I see a tonight.,今晚,audio/sentences/我看见今晚。.mp3,audio/sentence_meanings/I-see-a-tonight.mp3,LMS;clip-pack,2
我看见女孩。,I see a girl.,女孩,audio/sentences/我看见女孩。.mp3,audio/sentence_meanings/I-see-a-girl.mp3,LMS;clip-pack,2
我看见少。,I see a few.,少,audio/sentences/我看见少。.mp3,audio/sentence_meanings/I-see-a-few.mp3,LMS;clip-pack,2
我看见来到。,I see an arrive.,来到,audio/sentences/我看见来到。.mp3,audio/sentence_meanings/I-see-an-arrive.mp3,LMS;clip-pack,2
我看见于。,I see an in.,于,audio/sentences/我看见于。.mp3,audio/sentence_meanings/I-see-an-in.mp3,LMS;clip-pack,2
我看见美国。,I see an America.,美国,audio/sentences/我看见美国。.mp3,audio/sentence_meanings/I-see-an-America.mp3,LMS;clip-pack,2
我看见打电话。,I see to make a phone call.,打电话,audio/sentences/我看见打电话。.mp3,audio/sentence_meanings/I-see-to-make-a-phone-call.mp3,LMS;clip-pack,2
我看见恭喜。,I see a Congratulations / joyous greetings.,恭喜,audio/sentences/我看见恭喜。.mp3,audio/sentence_meanings/I-see-a-Congratulations---joyous-greetings.mp3,LMS;clip-pack,2
我看见儿子。,I see a son.,儿子,audio/sentences/我看见儿子。.mp3,audio/sentence_meanings/I-see-a-son.mp3,LMS;clip-pack,2
我看见检查。,I see to check.,检查,audio/sentences/我看见检查。.mp3,audio/sentence_meanings/I-see-to-check.mp3,LMS;clip-pack,2
我看见再见。,I see a goodbye.,再见,audio/sentences/我看见再见。.mp3,audio/sentence_meanings/I-see-a-goodbye.mp3,LMS;clip-pack,2
我看见真是。,I see a really.,真是,audio/sentences/我看见真是。.mp3,audio/sentence_meanings/I-see-a-really.mp3,LMS;clip-pack,2
我看见公司。,I see a company.,公司,audio/sentences/我看见公司。.mp3,audio/sentence_meanings/I-see-a-company.mp3,LMS;clip-pack,2
我看见消息。,I see a news.,消息,audio/sentences/我看见消息。.mp3,audio/sentence_meanings/I-see-a-news.mp3,LMS;clip-pack,2
我看见努力。,I see to work hard.,努力,audio/sentences/我看见努力。.mp3,audio/sentence_meanings/I-see-to-work-hard.mp3,LMS;clip-pack,2
我看见电视。,I see a television.,电视,audio/sentences/我看见电视。.mp3,audio/sentence_meanings/I-see-a-television.mp3,LMS;clip-pack,2
我看见强。,I see a strong.,强,audio/sentences/我看见强。.mp3,audio/sentence_meanings/I-see-a-strong.mp3,LMS;clip-pack,2
我看见她们。,I see a they.,她们,audio/sentences/我看见她们。.mp3,audio/sentence_meanings/I-see-a-they.mp3,LMS;clip-pack,2
我看见张。,I see a measure word.,张,audio/sentences/我看见张。.mp3,audio/sentence_meanings/I-see-a-measure-word.mp3,LMS;clip-pack,2
我看见女儿。,I see a daughter.,女儿,audio/sentences/我看见女儿。.mp3,audio/sentence_meanings/I-see-a-daughter.mp3,LMS;clip-pack,2
我看见小姐。,I see a Miss.,小姐,audio/sentences/我看见小姐。.mp3,audio/sentence_meanings/I-see-a-Miss.mp3,LMS;clip-pack,2
我看见原因。,I see a reason.,原因,audio/sentences/我看见原因。.mp3,audio/sentence_meanings/I-see-a-reason.mp3,LMS;clip-pack,2
我看见听说。,I see to hear that.,听说,audio/sentences/我看见听说。.mp3,audio/sentence_meanings/I-see-to-hear-that.mp3,LMS;clip-pack,2
我看见人们。,I see a people.,人们,audio/sentences/我看见人们。.mp3,audio/sentence_meanings/I-see-a-people.mp3,LMS;clip-pack,2
我看见电影。,I see a movie.,电影,audio/sentences/我看见电影。.mp3,audio/sentence_meanings/I-see-a-movie.mp3,LMS;clip-pack,2
我看见放松。,I see to relax.,放松,audio/sentences/我看见放松。.mp3,audio/sentence_meanings/I-see-to-relax.mp3,LMS;clip-pack,2
我看见试。,I see to try.,试,audio/sentences/我看见试。.mp3,audio/sentence_meanings/I-see-to-try.mp3,LMS;clip-pack,2
我看见够。,I see an enough.,够,audio/sentences/我看见够。.mp3,audio/sentence_meanings/I-see-an-enough.mp3,LMS;clip-pack,2
我看见接。,I see to receive.,接,audio/sentences/我看见接。.mp3,audio/sentence_meanings/I-see-to-receive.mp3,LMS;clip-pack,2
我看见可爱。,I see a cute.,可爱,audio/sentences/我看见可爱。.mp3,audio/sentence_meanings/I-see-a-cute.mp3,LMS;clip-pack,2
我看见不管。,I see a regardless.,不管,audio/sentences/我看见不管。.mp3,audio/sentence_meanings/I-see-a-regardless.mp3,LMS;clip-pack,2
我看见不同。,I see a different.,不同,audio/sentences/我看见不同。.mp3,audio/sentence_meanings/I-see-a-different.mp3,LMS;clip-pack,2
我看见飞机。,I see an airplane.,飞机,audio/sentences/我看见飞机。.mp3,audio/sentence_meanings/I-see-an-airplane.mp3,LMS;clip-pack,2
我看见男孩。,I see a boy.,男孩,audio/sentences/我看见男孩。.mp3,audio/sentence_meanings/I-see-a-boy.mp3,LMS;clip-pack,2
我看见美元。,I see an US dollar.,美元,audio/sentences/我看见美元。.mp3,audio/sentence_meanings/I-see-an-US-dollar.mp3,LMS;clip-pack,2
我看见这边。,I see a this side.,这边,audio/sentences/我看见这边。.mp3,audio/sentence_meanings/I-see-a-this-side.mp3,LMS;clip-pack,2
我看见留下。,I see to leave behind.,留下,audio/sentences/我看见留下。.mp3,audio/sentence_meanings/I-see-to-leave-behind.mp3,LMS;clip-pack,2
我看见首。,I see a head.,首,audio/sentences/我看见首。.mp3,audio/sentence_meanings/I-see-a-head.mp3,LMS;clip-pack,2
我看见技术。,I see a technology.,技术,audio/sentences/我看见技术。.mp3,audio/sentence_meanings/I-see-a-technology.mp3,LMS;clip-pack,2
我看见点儿。,I see a little.,点儿,audio/sentences/我看见点儿。.mp3,audio/sentence_meanings/I-see-a-little.mp3,LMS;clip-pack,2
我看见大学。,I see an university.,大学,audio/sentences/我看见大学。.mp3,audio/sentence_meanings/I-see-an-university.mp3,LMS;clip-pack,2
我看见放弃。,I see to give up.,放弃,audio/sentences/我看见放弃。.mp3,audio/sentence_meanings/I-see-to-give-up.mp3,LMS;clip-pack,2
我看见怎么办。,I see a what to do.,怎么办,audio/sentences/我看见怎么办。.mp3,audio/sentence_meanings/I-see-a-what-to-do.mp3,LMS;clip-pack,2
我看见小孩。,I see a child.,小孩,audio/sentences/我看见小孩。.mp3,audio/sentence_meanings/I-see-a-child.mp3,LMS;clip-pack,2
我看见星期。,I see a week.,星期,audio/sentences/我看见星期。.mp3,audio/sentence_meanings/I-see-a-week.mp3,LMS;clip-pack,2
我看见生日。,I see a birthday.,生日,audio/sentences/我看见生日。.mp3,audio/sentence_meanings/I-see-a-birthday.mp3,LMS;clip-pack,2
我看见手机。,I see a cell phone.,手机,audio/sentences/我看见手机。.mp3,audio/sentence_meanings/I-see-a-cell-phone.mp3,LMS;clip-pack,2
我看见记住。,I see to remember.,记住,audio/sentences/我看见记住。.mp3,audio/sentence_meanings/I-see-to-remember.mp3,LMS;clip-pack,2
我看见杀人。,I see to kill someone.,杀人,audio/sentences/我看见杀人。.mp3,audio/sentence_meanings/I-see-to-kill-someone.mp3,LMS;clip-pack,2
我看见什么样。,I see a what kind.,什么样,audio/sentences/我看见什么样。.mp3,audio/sentence_meanings/I-see-a-what-kind.mp3,LMS;clip-pack,2
我看见部分。,I see a part.,部分,audio/sentences/我看见部分。.mp3,audio/sentence_meanings/I-see-a-part.mp3,LMS;clip-pack,2
我看见人生。,I see a life.,人生,audio/sentences/我看见人生。.mp3,audio/sentence_meanings/I-see-a-life.mp3,LMS;clip-pack,2
我看见冰。,I see an ice.,冰,audio/sentences/我看见冰。.mp3,audio/sentence_meanings/I-see-an-ice.mp3,LMS;clip-pack,2
我看见声。,I see a sound.,声,audio/sentences/我看见声。.mp3,audio/sentence_meanings/I-see-a-sound.mp3,LMS;clip-pack,2
我看见一半。,I see a half.,一半,audio/sentences/我看见一半。.mp3,audio/sentence_meanings/I-see-a-half.mp3,LMS;clip-pack,2
我看见脱。,I see to take off.,脱,audio/sentences/我看见脱。.mp3,audio/sentence_meanings/I-see-to-take-off.mp3,LMS;clip-pack,2
我看见明星。,I see a celebrity.,明星,audio/sentences/我看见明星。.mp3,audio/sentence_meanings/I-see-a-celebrity.mp3,LMS;clip-pack,2
我看见汽车。,I see a car.,汽车,audio/sentences/我看见汽车。.mp3,audio/sentence_meanings/I-see-a-car.mp3,LMS;clip-pack,2
我看见方法。,I see a method.,方法,audio/sentences/我看见方法。.mp3,audio/sentence_meanings/I-see-a-method.mp3,LMS;clip-pack,2
我看见喝酒。,I see to drink alcohol.,喝酒,audio/sentences/我看见喝酒。.mp3,audio/sentence_meanings/I-see-to-drink-alcohol.mp3,LMS;clip-pack,2
我看见嗯。,I see an uh-huh.,嗯,audio/sentences/我看见嗯。.mp3,audio/sentence_meanings/I-see-an-uh-huh.mp3,LMS;clip-pack,2
我看见公园。,I see a park.,公园,audio/sentences/我看见公园。.mp3,audio/sentence_meanings/I-see-a-park.mp3,LMS;clip-pack,2
我看见武器。,I see a weapon.,武器,audio/sentences/我看见武器。.mp3,audio/sentence_meanings/I-see-a-weapon.mp3,LMS;clip-pack,2
我看见听听。,I see to have a listen.,听听,audio/sentences/我看见听听。.mp3,audio/sentence_meanings/I-see-to-have-a-listen.mp3,LMS;clip-pack,2
我看见比较。,I see to compare.,比较,audio/sentences/我看见比较。.mp3,audio/sentence_meanings/I-see-to-compare.mp3,LMS;clip-pack,2
