word,meaning,status,lessonNumber,tags,partOfSpeech,audioWordFilename,audioMeaningFilename,pinyin,source,notes,seenCount,correctCount,wrongCount,listenedSeconds,lastReviewedAt
一样,the same; matter,known,1,general conversation;clip-pack;LMS 1000,,audio/words/一样.mp3,audio/meanings/the-same;-matter.mp3,yí yàng,LMS 1000,Existing Known.txt entry.,0,0,0,0,
一次,one time; once,known,1,existing known;clip-pack;LMS 1000,,audio/words/一次.mp3,audio/meanings/one-time;-once.mp3,yí cì,LMS 1000,Existing Known.txt entry.,0,0,0,0,
一生,one's whole life,known,1,general conversation;clip-pack;LMS 1000,,audio/words/一生.mp3,audio/meanings/one's-whole-life.mp3,yì shēng,LMS 1000,Existing Known.txt entry.,0,0,0,0,
一边,one side,known,1,general conversation;clip-pack;LMS 1000,,audio/words/一边.mp3,audio/meanings/one-side.mp3,yì biān,LMS 1000,Existing Known.txt entry.,0,0,0,0,
一点,a little,known,1,general conversation;clip-pack;LMS 1000,,audio/words/一点.mp3,audio/meanings/a-little.mp3,yì diǎn,LMS 1000,Existing Known.txt entry.,0,0,0,0,
上天,heaven; the sky,known,2,existing known;clip-pack;LMS 1000,,audio/words/上天.mp3,audio/meanings/heaven;-the-sky.mp3,shàng tiān,LMS 1000,Existing Known.txt entry.,0,0,0,0,
上山,to go up the mountain,known,2,existing known;clip-pack;LMS 1000,,audio/words/上山.mp3,audio/meanings/to-go-up-the-mountain.mp3,shàng shān,LMS 1000,Existing Known.txt entry.,0,0,0,0,
上课,to attend class,known,2,existing known;clip-pack;LMS 1000,,audio/words/上课.mp3,audio/meanings/to-attend-class.mp3,shàng kè,LMS 1000,Existing Known.txt entry.,0,0,0,0,
上面,above; on top of,known,2,general conversation;clip-pack;LMS 1000,,audio/words/上面.mp3,audio/meanings/above;-on-top-of.mp3,shàng miàn,LMS 1000,Existing Known.txt entry.,0,0,0,0,
下来,to come down,known,2,general conversation;clip-pack;LMS 1000,,audio/words/下来.mp3,audio/meanings/to-come-down.mp3,xià lái,LMS 1000,Existing Known.txt entry.,0,0,0,0,
不想,to not want to,known,3,existing known;clip-pack;LMS 1000,,audio/words/不想.mp3,audio/meanings/to-not-want-to.mp3,bù xiǎng,LMS 1000,Existing Known.txt entry.,0,0,0,0,
丑,ugly,known,3,existing known;clip-pack;LMS 1000,,audio/words/丑.mp3,audio/meanings/ugly.mp3,chǒu,LMS 1000,Existing Known.txt entry.,0,0,0,0,
世界,world,known,3,general conversation;clip-pack;LMS 1000,,audio/words/世界.mp3,audio/meanings/world.mp3,shì jiè,LMS 1000,Existing Known.txt entry.,0,0,0,0,
中,middle,known,3,general conversation;clip-pack;LMS 1000,,audio/words/中.mp3,audio/meanings/middle.mp3,zhōng,LMS 1000,Existing Known.txt entry.,0,0,0,0,
事,matter; thing,known,3,general conversation;clip-pack;LMS 1000,,audio/words/事.mp3,audio/meanings/matter;-thing.mp3,shì,LMS 1000,Existing Known.txt entry.,0,0,0,0,
但是,but; however,known,4,narrative glue;clip-pack;LMS 1000,,audio/words/但是.mp3,audio/meanings/but;-however.mp3,dàn shì,LMS 1000,Existing Known.txt entry.,0,0,0,0,
位,measure word,known,4,general conversation;clip-pack;LMS 1000,,audio/words/位.mp3,audio/meanings/measure-word.mp3,wèi,LMS 1000,Existing Known.txt entry.,0,0,0,0,
来自,to come from,known,4,general conversation;clip-pack;LMS 1000,,audio/words/来自.mp3,audio/meanings/to-come-from.mp3,lái zì,LMS 1000,Existing Known.txt entry.,0,0,0,0,
们,plural suffix for people,known,4,general conversation;clip-pack;LMS 1000,,audio/words/们.mp3,audio/meanings/plural-suffix-for-people.mp3,men,LMS 1000,Existing Known.txt entry.,0,0,0,0,
兄弟,brother; brothers,known,4,general conversation;clip-pack;LMS 1000,,audio/words/兄弟.mp3,audio/meanings/brother;-brothers.mp3,xiōng dì,LMS 1000,Existing Known.txt entry.,0,0,0,0,
光,light; only,known,5,general conversation;clip-pack;LMS 1000,,audio/words/光.mp3,audio/meanings/light;-only.mp3,guāng,LMS 1000,Existing Known.txt entry.,0,0,0,0,
出生,to be born; birth,known,5,general conversation;clip-pack;LMS 1000,,audio/words/出生.mp3,audio/meanings/to-be-born;-birth.mp3,chū shēng,LMS 1000,Existing Known.txt entry.,0,0,0,0,
刀,knife,known,5,general conversation;clip-pack;LMS 1000,,audio/words/刀.mp3,audio/meanings/knife.mp3,dāo,LMS 1000,Existing Known.txt entry.,0,0,0,0,
到家,to arrive home,known,5,existing known;clip-pack;LMS 1000,,audio/words/到家.mp3,audio/meanings/to-arrive-home.mp3,dào jiā,LMS 1000,Existing Known.txt entry.,0,0,0,0,
刚才,just now; a moment ago,known,5,general conversation;clip-pack;LMS 1000,,audio/words/刚才.mp3,audio/meanings/just-now;-a-moment-ago.mp3,gāng cái,LMS 1000,Existing Known.txt entry.,0,0,0,0,
动物,animal; creature,known,6,general conversation;clip-pack;LMS 1000,,audio/words/动物.mp3,audio/meanings/animal;-creature.mp3,dòng wù,LMS 1000,Existing Known.txt entry.,0,0,0,0,
北,north,known,6,general conversation;clip-pack;LMS 1000,,audio/words/北.mp3,audio/meanings/north.mp3,běi,LMS 1000,Existing Known.txt entry.,0,0,0,0,
友好,friendly,known,6,existing known;clip-pack;LMS 1000,,audio/words/友好.mp3,audio/meanings/friendly.mp3,yǒu hǎo,LMS 1000,Existing Known.txt entry.,0,0,0,0,
可怕,terrible; frightening,known,6,general conversation;clip-pack;LMS 1000,,audio/words/可怕.mp3,audio/meanings/terrible;-frightening.mp3,kě pà,LMS 1000,Existing Known.txt entry.,0,0,0,0,
向,toward; to face,known,6,general conversation;clip-pack;LMS 1000,,audio/words/向.mp3,audio/meanings/toward;-to-face.mp3,xiàng,LMS 1000,Existing Known.txt entry.,0,0,0,0,
哪里,where,known,7,general conversation;clip-pack;LMS 1000,,audio/words/哪里.mp3,audio/meanings/where.mp3,nǎ lǐ,LMS 1000,Existing Known.txt entry.,0,0,0,0,
哭,to cry,known,7,general conversation;clip-pack;LMS 1000,,audio/words/哭.mp3,audio/meanings/to-cry.mp3,kū,LMS 1000,Existing Known.txt entry.,0,0,0,0,
唱,to sing,known,7,general conversation;clip-pack;LMS 1000,,audio/words/唱.mp3,audio/meanings/to-sing.mp3,chàng,LMS 1000,Existing Known.txt entry.,0,0,0,0,
啊,exclamation particle,known,7,general conversation;clip-pack;LMS 1000,,audio/words/啊.mp3,audio/meanings/exclamation-particle.mp3,a,LMS 1000,Existing Known.txt entry.,0,0,0,0,
喊叫,to shout; to yell,known,7,existing known;clip-pack;LMS 1000,,audio/words/喊叫.mp3,audio/meanings/to-shout;-to-yell.mp3,hǎn jiào,LMS 1000,Existing Known.txt entry.,0,0,0,0,
四周,all around; surroundings,known,8,existing known;clip-pack;LMS 1000,,audio/words/四周.mp3,audio/meanings/all-around;-surroundings.mp3,sì zhōu,LMS 1000,Existing Known.txt entry.,0,0,0,0,
国王,king; sovereign,known,8,general conversation;clip-pack;LMS 1000,,audio/words/国王.mp3,audio/meanings/king;-sovereign.mp3,guó wáng,LMS 1000,Existing Known.txt entry.,0,0,0,0,
地,structural particle,known,8,general conversation;clip-pack;LMS 1000,,audio/words/地.mp3,audio/meanings/structural-particle.mp3,de,LMS 1000,Existing Known.txt entry.,0,0,0,0,
地方,place; location,known,8,general conversation;clip-pack;LMS 1000,,audio/words/地方.mp3,audio/meanings/place;-location.mp3,dì fāng,LMS 1000,Existing Known.txt entry.,0,0,0,0,
地狱,hell,known,8,general conversation;clip-pack;LMS 1000,,audio/words/地狱.mp3,audio/meanings/hell.mp3,dì yù,LMS 1000,Existing Known.txt entry.,0,0,0,0,
地球,Earth; the globe,known,9,general conversation;clip-pack;LMS 1000,,audio/words/地球.mp3,audio/meanings/Earth;-the-globe.mp3,dì qiú,LMS 1000,Existing Known.txt entry.,0,0,0,0,
多么,how; what,known,9,general conversation;clip-pack;LMS 1000,,audio/words/多么.mp3,audio/meanings/how;-what.mp3,duō me,LMS 1000,Existing Known.txt entry.,0,0,0,0,
大地,the earth; the land,known,9,existing known;clip-pack;LMS 1000,,audio/words/大地.mp3,audio/meanings/the-earth;-the-land.mp3,dà dì,LMS 1000,Existing Known.txt entry.,0,0,0,0,
大海,the sea; ocean,known,9,existing known;clip-pack;LMS 1000,,audio/words/大海.mp3,audio/meanings/the-sea;-ocean.mp3,dà hǎi,LMS 1000,Existing Known.txt entry.,0,0,0,0,
大风,gale,known,9,existing known;clip-pack;LMS 1000,,audio/words/大风.mp3,,dà fēng,LMS 1000,Existing Known.txt entry.,0,0,0,0,
天上,in the sky; heaven,known,10,existing known;clip-pack;LMS 1000,,audio/words/天上.mp3,audio/meanings/in-the-sky;-heaven.mp3,tiān shàng,LMS 1000,Existing Known.txt entry.,0,0,0,0,
天地,heaven and earth; the world,known,10,existing known;clip-pack;LMS 1000,,audio/words/天地.mp3,audio/meanings/heaven-and-earth;-the-world.mp3,tiān dì,LMS 1000,Existing Known.txt entry.,0,0,0,0,
姐妹,sisters,known,10,general conversation;clip-pack;LMS 1000,,audio/words/姐妹.mp3,audio/meanings/sisters.mp3,jiě mèi,LMS 1000,Existing Known.txt entry.,0,0,0,0,
学会,to learn,known,10,general conversation;clip-pack;LMS 1000,,audio/words/学会.mp3,audio/meanings/to-learn.mp3,xué huì,LMS 1000,Existing Known.txt entry.,0,0,0,0,
安全,safe; safety,known,10,general conversation;clip-pack;LMS 1000,,audio/words/安全.mp3,audio/meanings/safe;-safety.mp3,ān quán,LMS 1000,Existing Known.txt entry.,0,0,0,0,
宫殿,palace,known,11,existing known;clip-pack;LMS 1000,,audio/words/宫殿.mp3,audio/meanings/palace.mp3,gōng diàn,LMS 1000,Existing Known.txt entry.,0,0,0,0,
害怕,to be afraid; scared,known,11,emotion/internal arc;clip-pack;LMS 1000,,audio/words/害怕.mp3,audio/meanings/to-be-afraid;-scared.mp3,hài pà,LMS 1000,Existing Known.txt entry.,0,0,0,0,
容易,easy,known,11,general conversation;clip-pack;LMS 1000,,audio/words/容易.mp3,audio/meanings/easy.mp3,róng yì,LMS 1000,Existing Known.txt entry.,0,0,0,0,
山,mountain; hill,known,11,general conversation;clip-pack;LMS 1000,,audio/words/山.mp3,audio/meanings/mountain;-hill.mp3,shān,LMS 1000,Existing Known.txt entry.,0,0,0,0,
山顶,hilltop,known,11,existing known;clip-pack;LMS 1000,,audio/words/山顶.mp3,,shān dǐng,LMS 1000,Existing Known.txt entry.,0,0,0,0,
带,to bring,known,12,general conversation;clip-pack;LMS 1000,,audio/words/带.mp3,audio/meanings/to-bring.mp3,dài,LMS 1000,Existing Known.txt entry.,0,0,0,0,
年轻,young,known,12,general conversation;clip-pack;LMS 1000,,audio/words/年轻.mp3,audio/meanings/young.mp3,nián qīng,LMS 1000,Existing Known.txt entry.,0,0,0,0,
床,bed,known,12,general conversation;clip-pack;LMS 1000,,audio/words/床.mp3,audio/meanings/bed.mp3,chuáng,LMS 1000,Existing Known.txt entry.,0,0,0,0,
座,measure word; seat,known,12,general conversation;clip-pack;LMS 1000,,audio/words/座.mp3,audio/meanings/measure-word;-seat.mp3,zuò,LMS 1000,Existing Known.txt entry.,0,0,0,0,
张开,to open; to spread out,known,12,existing known;clip-pack;LMS 1000,,audio/words/张开.mp3,audio/meanings/to-open;-to-spread-out.mp3,zhāng kāi,LMS 1000,Existing Known.txt entry.,0,0,0,0,
后,after; behind,known,13,narrative glue;clip-pack;LMS 1000,,audio/words/后.mp3,audio/meanings/after;-behind.mp3,hòu,LMS 1000,Existing Known.txt entry.,0,0,0,0,
得到,to get,known,13,general conversation;clip-pack;LMS 1000,,audio/words/得到.mp3,audio/meanings/to-get.mp3,dé dào,LMS 1000,Existing Known.txt entry.,0,0,0,0,
必须,must; have to,known,13,general conversation;clip-pack;LMS 1000,,audio/words/必须.mp3,audio/meanings/must;-have-to.mp3,bì xū,LMS 1000,Existing Known.txt entry.,0,0,0,0,
怕,to fear,known,13,emotion/internal arc;clip-pack;LMS 1000,,audio/words/怕.mp3,audio/meanings/to-fear.mp3,pà,LMS 1000,Existing Known.txt entry.,0,0,0,0,
想到,to think of,known,13,emotion/internal arc;clip-pack;LMS 1000,,audio/words/想到.mp3,audio/meanings/to-think-of.mp3,xiǎng dào,LMS 1000,Existing Known.txt entry.,0,0,0,0,
愉快,pleasant; happy,known,14,emotion/internal arc;clip-pack;LMS 1000,,audio/words/愉快.mp3,audio/meanings/pleasant;-happy.mp3,yú kuài,LMS 1000,Existing Known.txt entry.,0,0,0,0,
感到,to feel,known,14,emotion/internal arc;clip-pack;LMS 1000,,audio/words/感到.mp3,audio/meanings/to-feel.mp3,gǎn dào,LMS 1000,Existing Known.txt entry.,0,0,0,0,
应该,should; ought to,known,14,general conversation;clip-pack;LMS 1000,,audio/words/应该.mp3,audio/meanings/should;-ought-to.mp3,yīng gāi,LMS 1000,Existing Known.txt entry.,0,0,0,0,
怀孕,pregnant,known,14,general conversation;clip-pack;LMS 1000,,audio/words/怀孕.mp3,audio/meanings/pregnant.mp3,huái yùn,LMS 1000,Existing Known.txt entry.,0,0,0,0,
所以,so; therefore,known,14,narrative glue;clip-pack;LMS 1000,,audio/words/所以.mp3,audio/meanings/so;-therefore.mp3,suǒ yǐ,LMS 1000,Existing Known.txt entry.,0,0,0,0,
打,to hit,known,15,action/combat/training;clip-pack;LMS 1000,,audio/words/打.mp3,audio/meanings/to-hit.mp3,dǎ,LMS 1000,Existing Known.txt entry.,0,0,0,0,
把,disposal particle; to hold,known,15,general conversation;clip-pack;LMS 1000,,audio/words/把.mp3,audio/meanings/disposal-particle;-to-hold.mp3,bǎ,LMS 1000,Existing Known.txt entry.,0,0,0,0,
拍手,to clap hands,known,15,existing known;clip-pack;LMS 1000,,audio/words/拍手.mp3,audio/meanings/to-clap-hands.mp3,pāi shǒu,LMS 1000,Existing Known.txt entry.,0,0,0,0,
拿起,to pick up,known,15,existing known;clip-pack;LMS 1000,,audio/words/拿起.mp3,audio/meanings/to-pick-up.mp3,ná qǐ,LMS 1000,Existing Known.txt entry.,0,0,0,0,
担心,to worry; worried,known,15,emotion/internal arc;clip-pack;LMS 1000,,audio/words/担心.mp3,audio/meanings/to-worry;-worried.mp3,dān xīn,LMS 1000,Existing Known.txt entry.,0,0,0,0,
放心,to feel at ease; don't worry,known,16,emotion/internal arc;clip-pack;LMS 1000,,audio/words/放心.mp3,audio/meanings/to-feel-at-ease;-don't-worry.mp3,fàng xīn,LMS 1000,Existing Known.txt entry.,0,0,0,0,
方,square; direction,known,16,general conversation;clip-pack;LMS 1000,,audio/words/方.mp3,audio/meanings/square;-direction.mp3,fāng,LMS 1000,Existing Known.txt entry.,0,0,0,0,
时,time; when,known,16,general conversation;clip-pack;LMS 1000,,audio/words/时.mp3,audio/meanings/time;-when.mp3,shí,LMS 1000,Existing Known.txt entry.,0,0,0,0,
晚,late; evening,known,16,general conversation;clip-pack;LMS 1000,,audio/words/晚.mp3,audio/meanings/late;-evening.mp3,wǎn,LMS 1000,Existing Known.txt entry.,0,0,0,0,
晚安,good night,known,16,general conversation;clip-pack;LMS 1000,,audio/words/晚安.mp3,audio/meanings/good-night.mp3,wǎn ān,LMS 1000,Existing Known.txt entry.,0,0,0,0,
智慧,wisdom,known,17,existing known;clip-pack;LMS 1000,,audio/words/智慧.mp3,audio/meanings/wisdom.mp3,zhì huì,LMS 1000,Existing Known.txt entry.,0,0,0,0,
更,even more; further,known,17,general conversation;clip-pack;LMS 1000,,audio/words/更.mp3,audio/meanings/even-more;-further.mp3,gèng,LMS 1000,Existing Known.txt entry.,0,0,0,0,
最后,finally; last,known,17,general conversation;clip-pack;LMS 1000,,audio/words/最后.mp3,audio/meanings/finally;-last.mp3,zuì hòu,LMS 1000,Existing Known.txt entry.,0,0,0,0,
最近,recently; lately,known,17,general conversation;clip-pack;LMS 1000,,audio/words/最近.mp3,audio/meanings/recently;-lately.mp3,zuì jìn,LMS 1000,Existing Known.txt entry.,0,0,0,0,
月亮,moon,known,17,existing known;clip-pack;LMS 1000,,audio/words/月亮.mp3,audio/meanings/moon.mp3,yuè liàng,LMS 1000,Existing Known.txt entry.,0,0,0,0,
有些,some; somewhat,known,18,general conversation;clip-pack;LMS 1000,,audio/words/有些.mp3,audio/meanings/some;-somewhat.mp3,yǒu xiē,LMS 1000,Existing Known.txt entry.,0,0,0,0,
有力,powerful; strong,known,18,existing known;clip-pack;LMS 1000,,audio/words/有力.mp3,audio/meanings/powerful;-strong.mp3,yǒu lì,LMS 1000,Existing Known.txt entry.,0,0,0,0,
有点,a little,known,18,general conversation;clip-pack;LMS 1000,,audio/words/有点.mp3,audio/meanings/a-little.mp3,yǒu diǎn,LMS 1000,Existing Known.txt entry.,0,0,0,0,
果,fruit; result,known,18,existing known;clip-pack;LMS 1000,,audio/words/果.mp3,audio/meanings/fruit;-result.mp3,guǒ,LMS 1000,Existing Known.txt entry.,0,0,0,0,
森林,forest,known,18,existing known;clip-pack;LMS 1000,,audio/words/森林.mp3,audio/meanings/forest.mp3,sēn lín,LMS 1000,Existing Known.txt entry.,0,0,0,0,
极大,extremely large; enormous,known,19,existing known;clip-pack;LMS 1000,,audio/words/极大.mp3,audio/meanings/extremely-large;-enormous.mp3,jí dà,LMS 1000,Existing Known.txt entry.,0,0,0,0,
树,tree,known,19,general conversation;clip-pack;LMS 1000,,audio/words/树.mp3,audio/meanings/tree.mp3,shù,LMS 1000,Existing Known.txt entry.,0,0,0,0,
歌,song,known,19,general conversation;clip-pack;LMS 1000,,audio/words/歌.mp3,audio/meanings/song.mp3,gē,LMS 1000,Existing Known.txt entry.,0,0,0,0,
欢迎,to welcome,known,19,general conversation;clip-pack;LMS 1000,,audio/words/欢迎.mp3,audio/meanings/to-welcome.mp3,huān yíng,LMS 1000,Existing Known.txt entry.,0,0,0,0,
死,to die; dead,known,19,general conversation;clip-pack;LMS 1000,,audio/words/死.mp3,audio/meanings/to-die;-dead.mp3,sǐ,LMS 1000,Existing Known.txt entry.,0,0,0,0,
段,section,known,20,general conversation;clip-pack;LMS 1000,,audio/words/段.mp3,audio/meanings/section.mp3,duàn,LMS 1000,Existing Known.txt entry.,0,0,0,0,
没,not; with,known,20,general conversation;clip-pack;LMS 1000,,audio/words/没.mp3,audio/meanings/not;-with.mp3,méi,LMS 1000,Existing Known.txt entry.,0,0,0,0,
河流,river,known,20,existing known;clip-pack;LMS 1000,,audio/words/河流.mp3,audio/meanings/river.mp3,hé liú,LMS 1000,Existing Known.txt entry.,0,0,0,0,
洗澡,to bathe; to take a shower,known,20,existing known;clip-pack;LMS 1000,,audio/words/洗澡.mp3,audio/meanings/to-bathe;-to-take-a-shower.mp3,xǐ zǎo,LMS 1000,Existing Known.txt entry.,0,0,0,0,
洲,continent,known,20,existing known;clip-pack;LMS 1000,,audio/words/洲.mp3,audio/meanings/continent.mp3,zhōu,LMS 1000,Existing Known.txt entry.,0,0,0,0,
海,sea; ocean,known,21,general conversation;clip-pack;LMS 1000,,audio/words/海.mp3,audio/meanings/sea;-ocean.mp3,hǎi,LMS 1000,Existing Known.txt entry.,0,0,0,0,
海边,seaside; by the sea,known,21,existing known;clip-pack;LMS 1000,,audio/words/海边.mp3,audio/meanings/seaside;-by-the-sea.mp3,hǎi biān,LMS 1000,Existing Known.txt entry.,0,0,0,0,
火焰,flame,known,21,existing known;clip-pack;LMS 1000,,audio/words/火焰.mp3,audio/meanings/flame.mp3,huǒ yàn,LMS 1000,Existing Known.txt entry.,0,0,0,0,
为,for; because of,known,21,narrative glue;clip-pack;LMS 1000,,audio/words/为.mp3,audio/meanings/for;-because-of.mp3,wèi,LMS 1000,Existing Known.txt entry.,0,0,0,0,
无法无天,lawless; unruly,known,21,existing known;clip-pack;LMS 1000,,audio/words/无法无天.mp3,audio/meanings/lawless;-unruly.mp3,wú fǎ wú tiān,LMS 1000,Existing Known.txt entry.,0,0,0,0,
猴,monkey,known,22,existing known;clip-pack;LMS 1000,,audio/words/猴.mp3,audio/meanings/monkey.mp3,hóu,LMS 1000,Existing Known.txt entry.,0,0,0,0,
瓶子,bottle,known,22,existing known;clip-pack;LMS 1000,,audio/words/瓶子.mp3,audio/meanings/bottle.mp3,píng zi,LMS 1000,Existing Known.txt entry.,0,0,0,0,
当然,of course; naturally,known,22,general conversation;clip-pack;LMS 1000,,audio/words/当然.mp3,audio/meanings/of-course;-naturally.mp3,dāng rán,LMS 1000,Existing Known.txt entry.,0,0,0,0,
发出,to send out,known,22,general conversation;clip-pack;LMS 1000,,audio/words/发出.mp3,audio/meanings/to-send-out.mp3,fā chū,LMS 1000,Existing Known.txt entry.,0,0,0,0,
白天,daytime,known,22,existing known;clip-pack;LMS 1000,,audio/words/白天.mp3,audio/meanings/daytime.mp3,bái tiān,LMS 1000,Existing Known.txt entry.,0,0,0,0,
盆,basin; pot,known,23,existing known;clip-pack;LMS 1000,,audio/words/盆.mp3,audio/meanings/basin;-pot.mp3,pén,LMS 1000,Existing Known.txt entry.,0,0,0,0,
看起来,to look; to seem,known,23,existing known;clip-pack;LMS 1000,,audio/words/看起来.mp3,audio/meanings/to-look;-to-seem.mp3,kàn qǐ lái,LMS 1000,Existing Known.txt entry.,0,0,0,0,
睡,to sleep,known,23,general conversation;clip-pack;LMS 1000,,audio/words/睡.mp3,audio/meanings/to-sleep.mp3,shuì,LMS 1000,Existing Known.txt entry.,0,0,0,0,
石头,stone; rock,known,23,general conversation;clip-pack;LMS 1000,,audio/words/石头.mp3,audio/meanings/stone;-rock.mp3,shí tou,LMS 1000,Existing Known.txt entry.,0,0,0,0,
礼物,gift,known,23,general conversation;clip-pack;LMS 1000,,audio/words/礼物.mp3,audio/meanings/gift.mp3,lǐ wù,LMS 1000,Existing Known.txt entry.,0,0,0,0,
空,empty; sky,known,24,general conversation;clip-pack;LMS 1000,,audio/words/空.mp3,audio/meanings/empty;-sky.mp3,kōng,LMS 1000,Existing Known.txt entry.,0,0,0,0,
站,to stand; station,known,24,general conversation;clip-pack;LMS 1000,,audio/words/站.mp3,audio/meanings/to-stand;-station.mp3,zhàn,LMS 1000,Existing Known.txt entry.,0,0,0,0,
第,ordinal prefix,known,24,general conversation;clip-pack;LMS 1000,,audio/words/第.mp3,audio/meanings/ordinal-prefix.mp3,dì,LMS 1000,Existing Known.txt entry.,0,0,0,0,
等到,to wait until,known,24,existing known;clip-pack;LMS 1000,,audio/words/等到.mp3,audio/meanings/to-wait-until.mp3,děng dào,LMS 1000,Existing Known.txt entry.,0,0,0,0,
美,beautiful; pretty,known,24,general conversation;clip-pack;LMS 1000,,audio/words/美.mp3,audio/meanings/beautiful;-pretty.mp3,měi,LMS 1000,Existing Known.txt entry.,0,0,0,0,
美丽,beautiful,known,25,general conversation;clip-pack;LMS 1000,,audio/words/美丽.mp3,audio/meanings/beautiful.mp3,měi lì,LMS 1000,Existing Known.txt entry.,0,0,0,0,
耳朵,ear,known,25,general conversation;clip-pack;LMS 1000,,audio/words/耳朵.mp3,audio/meanings/ear.mp3,ěr duo,LMS 1000,Existing Known.txt entry.,0,0,0,0,
圣人,sage; saint,known,25,existing known;clip-pack;LMS 1000,,audio/words/圣人.mp3,audio/meanings/sage;-saint.mp3,shèng rén,LMS 1000,Existing Known.txt entry.,0,0,0,0,
自己,oneself; self,known,25,general conversation;clip-pack;LMS 1000,,audio/words/自己.mp3,audio/meanings/oneself;-self.mp3,zì jǐ,LMS 1000,Existing Known.txt entry.,0,0,0,0,
舞,dance; to wave,known,25,general conversation;clip-pack;LMS 1000,,audio/words/舞.mp3,audio/meanings/dance;-to-wave.mp3,wǔ,LMS 1000,Existing Known.txt entry.,0,0,0,0,
花,flower; to spend,known,26,money/business/shop;clip-pack;LMS 1000,,audio/words/花.mp3,audio/meanings/flower;-to-spend.mp3,huā,LMS 1000,Existing Known.txt entry.,0,0,0,0,
蛋,egg,known,26,general conversation;clip-pack;LMS 1000,,audio/words/蛋.mp3,audio/meanings/egg.mp3,dàn,LMS 1000,Existing Known.txt entry.,0,0,0,0,
里面,inside; within,known,26,general conversation;clip-pack;LMS 1000,,audio/words/里面.mp3,audio/meanings/inside;-within.mp3,lǐ miàn,LMS 1000,Existing Known.txt entry.,0,0,0,0,
见,to see,known,26,social/conversation;clip-pack;LMS 1000,,audio/words/见.mp3,audio/meanings/to-see.mp3,jiàn,LMS 1000,Existing Known.txt entry.,0,0,0,0,
许多,many; a lot of,known,26,general conversation;clip-pack;LMS 1000,,audio/words/许多.mp3,audio/meanings/many;-a-lot-of.mp3,xǔ duō,LMS 1000,Existing Known.txt entry.,0,0,0,0,
变,to change,known,27,general conversation;clip-pack;LMS 1000,,audio/words/变.mp3,audio/meanings/to-change.mp3,biàn,LMS 1000,Existing Known.txt entry.,0,0,0,0,
变成,to become,known,27,general conversation;clip-pack;LMS 1000,,audio/words/变成.mp3,audio/meanings/to-become.mp3,biàn chéng,LMS 1000,Existing Known.txt entry.,0,0,0,0,
走出,to walk out of,known,27,existing known;clip-pack;LMS 1000,,audio/words/走出.mp3,audio/meanings/to-walk-out-of.mp3,zǒu chū,LMS 1000,Existing Known.txt entry.,0,0,0,0,
走向,to walk toward,known,27,existing known;clip-pack;LMS 1000,,audio/words/走向.mp3,audio/meanings/to-walk-toward.mp3,zǒu xiàng,LMS 1000,Existing Known.txt entry.,0,0,0,0,
起来,to get up,known,27,general conversation;clip-pack;LMS 1000,,audio/words/起来.mp3,audio/meanings/to-get-up.mp3,qǐ lái,LMS 1000,Existing Known.txt entry.,0,0,0,0,
跟,follow; accompany,known,28,general conversation;clip-pack;LMS 1000,,audio/words/跟.mp3,audio/meanings/follow;-accompany.mp3,gēn,LMS 1000,Existing Known.txt entry.,0,0,0,0,
跳,to jump,known,28,general conversation;clip-pack;LMS 1000,,audio/words/跳.mp3,audio/meanings/to-jump.mp3,tiào,LMS 1000,Existing Known.txt entry.,0,0,0,0,
身上,on one's body,known,28,general conversation;clip-pack;LMS 1000,,audio/words/身上.mp3,audio/meanings/on-one's-body.mp3,shēn shàng,LMS 1000,Existing Known.txt entry.,0,0,0,0,
这些,these,known,28,general conversation;clip-pack;LMS 1000,,audio/words/这些.mp3,audio/meanings/these.mp3,zhè xiē,LMS 1000,Existing Known.txt entry.,0,0,0,0,
这儿,here,known,28,general conversation;clip-pack;LMS 1000,,audio/words/这儿.mp3,audio/meanings/here.mp3,zhè ér,LMS 1000,Existing Known.txt entry.,0,0,0,0,
这样,like this,known,29,general conversation;clip-pack;LMS 1000,,audio/words/这样.mp3,audio/meanings/like-this.mp3,zhè yàng,LMS 1000,Existing Known.txt entry.,0,0,0,0,
这里,here,known,29,general conversation;clip-pack;LMS 1000,,audio/words/这里.mp3,audio/meanings/here.mp3,zhè lǐ,LMS 1000,Existing Known.txt entry.,0,0,0,0,
过,to pass; experience particle,known,29,general conversation;clip-pack;LMS 1000,,audio/words/过.mp3,audio/meanings/to-pass;-experience-particle.mp3,guò,LMS 1000,Existing Known.txt entry.,0,0,0,0,
道,way; path,known,29,general conversation;clip-pack;LMS 1000,,audio/words/道.mp3,audio/meanings/way;-path.mp3,dào,LMS 1000,Existing Known.txt entry.,0,0,0,0,
避,to avoid; to evade,known,29,existing known;clip-pack;LMS 1000,,audio/words/避.mp3,audio/meanings/to-avoid;-to-evade.mp3,bì,LMS 1000,Existing Known.txt entry.,0,0,0,0,
边,side; edge,known,30,general conversation;clip-pack;LMS 1000,,audio/words/边.mp3,audio/meanings/side;-edge.mp3,biān,LMS 1000,Existing Known.txt entry.,0,0,0,0,
那里,there,known,30,general conversation;clip-pack;LMS 1000,,audio/words/那里.mp3,audio/meanings/there.mp3,nà lǐ,LMS 1000,Existing Known.txt entry.,0,0,0,0,
酒,alcohol; wine,known,30,general conversation;clip-pack;LMS 1000,,audio/words/酒.mp3,audio/meanings/alcohol;-wine.mp3,jiǔ,LMS 1000,Existing Known.txt entry.,0,0,0,0,
钓鱼,to fish,known,30,existing known;clip-pack;LMS 1000,,audio/words/钓鱼.mp3,audio/meanings/to-fish.mp3,diào yú,LMS 1000,Existing Known.txt entry.,0,0,0,0,
长生,long life; immortality,known,30,existing known;clip-pack;LMS 1000,,audio/words/长生.mp3,audio/meanings/long-life;-immortality.mp3,cháng shēng,LMS 1000,Existing Known.txt entry.,0,0,0,0,
闭,to close,known,31,general conversation;clip-pack;LMS 1000,,audio/words/闭.mp3,audio/meanings/to-close.mp3,bì,LMS 1000,Existing Known.txt entry.,0,0,0,0,
开门,to open the door,known,31,general conversation;clip-pack;LMS 1000,,audio/words/开门.mp3,audio/meanings/to-open-the-door.mp3,kāi mén,LMS 1000,Existing Known.txt entry.,0,0,0,0,
关于,about; regarding,known,31,general conversation;clip-pack;LMS 1000,,audio/words/关于.mp3,audio/meanings/about;-regarding.mp3,guān yú,LMS 1000,Existing Known.txt entry.,0,0,0,0,
离开,leave; depart,known,31,general conversation;clip-pack;LMS 1000,,audio/words/离开.mp3,audio/meanings/leave;-depart.mp3,lí kāi,LMS 1000,Existing Known.txt entry.,0,0,0,0,
云,cloud,known,31,existing known;clip-pack;LMS 1000,,audio/words/云.mp3,audio/meanings/cloud.mp3,yún,LMS 1000,Existing Known.txt entry.,0,0,0,0,
雷电,thunder and lightning,known,32,existing known;clip-pack;LMS 1000,,audio/words/雷电.mp3,audio/meanings/thunder-and-lightning.mp3,léi diàn,LMS 1000,Existing Known.txt entry.,0,0,0,0,
需要,to need,known,32,general conversation;clip-pack;LMS 1000,,audio/words/需要.mp3,audio/meanings/to-need.mp3,xū yào,LMS 1000,Existing Known.txt entry.,0,0,0,0,
头,head; top,known,32,general conversation;clip-pack;LMS 1000,,audio/words/头.mp3,audio/meanings/head;-top.mp3,tóu,LMS 1000,Existing Known.txt entry.,0,0,0,0,
风,wind,known,32,general conversation;clip-pack;LMS 1000,,audio/words/风.mp3,audio/meanings/wind.mp3,fēng,LMS 1000,Existing Known.txt entry.,0,0,0,0,
飞过,to fly over; to fly past,known,32,existing known;clip-pack;LMS 1000,,audio/words/飞过.mp3,audio/meanings/to-fly-over;-to-fly-past.mp3,fēi guò,LMS 1000,Existing Known.txt entry.,0,0,0,0,
马上,immediately,known,33,general conversation;clip-pack;LMS 1000,,audio/words/马上.mp3,audio/meanings/immediately.mp3,mǎ shàng,LMS 1000,Existing Known.txt entry.,0,0,0,0,
鸟,bird,known,33,general conversation;clip-pack;LMS 1000,,audio/words/鸟.mp3,audio/meanings/bird.mp3,niǎo,LMS 1000,Existing Known.txt entry.,0,0,0,0,
有一天,one day,known,33,existing known;clip-pack;LMS 1000,,audio/words/有一天.mp3,audio/meanings/one-day.mp3,yǒu yì tiān,LMS 1000,Existing Known.txt entry.,0,0,0,0,
亲爱的,dear; beloved,known,33,existing known;clip-pack;LMS 1000,,audio/words/亲爱的.mp3,audio/meanings/dear;-beloved.mp3,qīn ài de,LMS 1000,Existing Known.txt entry.,0,0,0,0,
很多,many; a lot,known,33,general conversation;clip-pack;LMS 1000,,audio/words/很多.mp3,,hěn duō,LMS 1000,Existing Known.txt entry.,0,0,0,0,
看到,to see,known,34,general conversation;clip-pack;LMS 1000,,audio/words/看到.mp3,audio/meanings/to-see.mp3,kàn dào,LMS 1000,Existing Known.txt entry.,0,0,0,0,
只有,only,known,34,general conversation;clip-pack;LMS 1000,,audio/words/只有.mp3,audio/meanings/only.mp3,zhǐ yǒu,LMS 1000,Existing Known.txt entry.,0,0,0,0,
是的,yes; that's right,known,34,general conversation;clip-pack;LMS 1000,,audio/words/是的.mp3,audio/meanings/yes;-that's-right.mp3,shì de,LMS 1000,Existing Known.txt entry.,0,0,0,0,
住在,to live in,known,34,existing known;clip-pack;LMS 1000,,audio/words/住在.mp3,,zhù zài,LMS 1000,Existing Known.txt entry.,0,0,0,0,
一开始,at first; from the beginning,known,34,existing known;clip-pack;LMS 1000,,audio/words/一开始.mp3,,yì kāi shǐ,LMS 1000,Existing Known.txt entry.,0,0,0,0,
流向,to flow toward,known,35,existing known;clip-pack;LMS 1000,,audio/words/流向.mp3,audio/meanings/to-flow-toward.mp3,liú xiàng,LMS 1000,Existing Known.txt entry.,0,0,0,0,
的时侯,when; at the time of,known,35,existing known;clip-pack;LMS 1000,,audio/words/的时侯.mp3,audio/meanings/when;-at-the-time-of.mp3,de shí hòu,LMS 1000,Existing Known.txt entry.,0,0,0,0,
等着,waiting; to wait,known,35,existing known;clip-pack;LMS 1000,,audio/words/等着.mp3,,děng zhe,LMS 1000,Existing Known.txt entry.,0,0,0,0,
海中,in the sea,known,35,existing known;clip-pack;LMS 1000,,audio/words/海中.mp3,audio/meanings/in-the-sea.mp3,hǎi zhōng,LMS 1000,Existing Known.txt entry.,0,0,0,0,
看着,looking at; watching,known,35,existing known;clip-pack;LMS 1000,,audio/words/看着.mp3,,kàn zhe,LMS 1000,Existing Known.txt entry.,0,0,0,0,
哭着,crying; while crying,known,36,existing known;clip-pack;LMS 1000,,audio/words/哭着.mp3,audio/meanings/crying;-while-crying.mp3,kū zhe,LMS 1000,Existing Known.txt entry.,0,0,0,0,
学着,learning; trying to learn,known,36,existing known;clip-pack;LMS 1000,,audio/words/学着.mp3,audio/meanings/learning;-trying-to-learn.mp3,xué zhe,LMS 1000,Existing Known.txt entry.,0,0,0,0,
笑着,smiling; laughing,known,36,existing known;clip-pack;LMS 1000,,audio/words/笑着.mp3,,xiào zhe,LMS 1000,Existing Known.txt entry.,0,0,0,0,
弯刀,curved blade; scimitar,known,36,existing known;clip-pack;LMS 1000,,audio/words/弯刀.mp3,audio/meanings/curved-blade;-scimitar.mp3,wān dāo,LMS 1000,Existing Known.txt entry.,0,0,0,0,
说过,have said; said before,known,36,existing known;clip-pack;LMS 1000,,audio/words/说过.mp3,audio/meanings/have-said;-said-before.mp3,shuō guo,LMS 1000,Existing Known.txt entry.,0,0,0,0,
吧,suggestion particle,known,37,general conversation;clip-pack;LMS 1000,,audio/words/吧.mp3,audio/meanings/suggestion-particle.mp3,ba,LMS 1000,Existing Known.txt entry.,0,0,0,0,
一,one; single,known,37,general conversation;clip-pack;LMS 1000,,audio/words/一.mp3,,yī,LMS 1000,Existing Known.txt entry.,0,0,0,0,
一下,a bit; a little,known,37,general conversation;clip-pack;LMS 1000,,audio/words/一下.mp3,,yí xià,LMS 1000,Existing Known.txt entry.,0,0,0,0,
一些,some; a few,known,37,general conversation;clip-pack;LMS 1000,,audio/words/一些.mp3,audio/meanings/some;-a-few.mp3,yì xiē,LMS 1000,Existing Known.txt entry.,0,0,0,0,
一定,definitely; certainly,known,37,general conversation;clip-pack;LMS 1000,,audio/words/一定.mp3,audio/meanings/definitely;-certainly.mp3,yí dìng,LMS 1000,Existing Known.txt entry.,0,0,0,0,
一会儿,a moment,known,38,general conversation;clip-pack;LMS 1000,,audio/words/一会儿.mp3,audio/meanings/a-moment.mp3,yí huì er,LMS 1000,Existing Known.txt entry.,0,0,0,0,
一起,together,known,38,general conversation;clip-pack;LMS 1000,,audio/words/一起.mp3,audio/meanings/together.mp3,yì qǐ,LMS 1000,Existing Known.txt entry.,0,0,0,0,
一点儿,a little bit,known,38,existing known;clip-pack;LMS 1000,,audio/words/一点儿.mp3,audio/meanings/a-little-bit.mp3,yì diǎn er,LMS 1000,Existing Known.txt entry.,0,0,0,0,
七,seven,known,38,general conversation;clip-pack;LMS 1000,,audio/words/七.mp3,audio/meanings/seven.mp3,qī,LMS 1000,Existing Known.txt entry.,0,0,0,0,
三,three,known,38,general conversation;clip-pack;LMS 1000,,audio/words/三.mp3,audio/meanings/three.mp3,sān,LMS 1000,Existing Known.txt entry.,0,0,0,0,
上,up,known,39,general conversation;clip-pack;LMS 1000,,audio/words/上.mp3,audio/meanings/up.mp3,shàng,LMS 1000,Existing Known.txt entry.,0,0,0,0,
上去,to go up,known,39,general conversation;clip-pack;LMS 1000,,audio/words/上去.mp3,audio/meanings/to-go-up.mp3,shàng qù,LMS 1000,Existing Known.txt entry.,0,0,0,0,
下,down; below,known,39,general conversation;clip-pack;LMS 1000,,audio/words/下.mp3,audio/meanings/down;-below.mp3,xià,LMS 1000,Existing Known.txt entry.,0,0,0,0,
不,not,known,39,general conversation;clip-pack;LMS 1000,,audio/words/不.mp3,audio/meanings/not.mp3,bù,LMS 1000,Existing Known.txt entry.,0,0,0,0,
中国,China,known,39,general conversation;clip-pack;LMS 1000,,audio/words/中国.mp3,audio/meanings/China.mp3,zhōng guó,LMS 1000,Existing Known.txt entry.,0,0,0,0,
九,nine,known,40,general conversation;clip-pack;LMS 1000,,audio/words/九.mp3,audio/meanings/nine.mp3,jiǔ,LMS 1000,Existing Known.txt entry.,0,0,0,0,
也,also; too,known,40,general conversation;clip-pack;LMS 1000,,audio/words/也.mp3,audio/meanings/also;-too.mp3,yě,LMS 1000,Existing Known.txt entry.,0,0,0,0,
了,completed-action particle,known,40,general conversation;clip-pack;LMS 1000,,audio/words/了.mp3,,le,LMS 1000,Existing Known.txt entry.,0,0,0,0,
事情,affair; matter,known,40,general conversation;clip-pack;LMS 1000,,audio/words/事情.mp3,,shì qíng,LMS 1000,Existing Known.txt entry.,0,0,0,0,
二,two,known,40,general conversation;clip-pack;LMS 1000,,audio/words/二.mp3,audio/meanings/two.mp3,èr,LMS 1000,Existing Known.txt entry.,0,0,0,0,
人,person; people,known,41,general conversation;clip-pack;LMS 1000,,audio/words/人.mp3,audio/meanings/person;-people.mp3,rén,LMS 1000,Existing Known.txt entry.,0,0,0,0,
什么,what,known,41,general conversation;clip-pack;LMS 1000,,audio/words/什么.mp3,audio/meanings/what.mp3,shén me,LMS 1000,Existing Known.txt entry.,0,0,0,0,
今天,today,known,41,general conversation;clip-pack;LMS 1000,,audio/words/今天.mp3,audio/meanings/today.mp3,jīn tiān,LMS 1000,Existing Known.txt entry.,0,0,0,0,
他,he,known,41,general conversation;clip-pack;LMS 1000,,audio/words/他.mp3,audio/meanings/he.mp3,tā,LMS 1000,Existing Known.txt entry.,0,0,0,0,
以前,before; previously,known,41,narrative glue;clip-pack;LMS 1000,,audio/words/以前.mp3,audio/meanings/before;-previously.mp3,yǐ qián,LMS 1000,Existing Known.txt entry.,0,0,0,0,
以后,after; later,known,42,narrative glue;clip-pack;LMS 1000,,audio/words/以后.mp3,audio/meanings/after;-later.mp3,yǐ hòu,LMS 1000,Existing Known.txt entry.,0,0,0,0,
住,to live,known,42,general conversation;clip-pack;LMS 1000,,audio/words/住.mp3,audio/meanings/to-live.mp3,zhù,LMS 1000,Existing Known.txt entry.,0,0,0,0,
你,you,known,42,general conversation;clip-pack;LMS 1000,,audio/words/你.mp3,audio/meanings/you.mp3,nǐ,LMS 1000,Existing Known.txt entry.,0,0,0,0,
来,to come,known,42,general conversation;clip-pack;LMS 1000,,audio/words/来.mp3,audio/meanings/to-come.mp3,lái,LMS 1000,Existing Known.txt entry.,0,0,0,0,
个,general measure word,known,42,general conversation;clip-pack;LMS 1000,,audio/words/个.mp3,audio/meanings/general-measure-word.mp3,gè,LMS 1000,Existing Known.txt entry.,0,0,0,0,
做,to do,known,43,general conversation;clip-pack;LMS 1000,,audio/words/做.mp3,audio/meanings/to-do.mp3,zuò,LMS 1000,Existing Known.txt entry.,0,0,0,0,
像,to be like,known,43,general conversation;clip-pack;LMS 1000,,audio/words/像.mp3,audio/meanings/to-be-like.mp3,xiàng,LMS 1000,Existing Known.txt entry.,0,0,0,0,
先,first; before,known,43,narrative glue;clip-pack;LMS 1000,,audio/words/先.mp3,audio/meanings/first;-before.mp3,xiān,LMS 1000,Existing Known.txt entry.,0,0,0,0,
两,two,known,43,general conversation;clip-pack;LMS 1000,,audio/words/两.mp3,audio/meanings/two.mp3,liǎng,LMS 1000,Existing Known.txt entry.,0,0,0,0,
八,eight,known,43,general conversation;clip-pack;LMS 1000,,audio/words/八.mp3,audio/meanings/eight.mp3,bā,LMS 1000,Existing Known.txt entry.,0,0,0,0,
六,six,known,44,general conversation;clip-pack;LMS 1000,,audio/words/六.mp3,audio/meanings/six.mp3,liù,LMS 1000,Existing Known.txt entry.,0,0,0,0,
再,again; then,known,44,general conversation;clip-pack;LMS 1000,,audio/words/再.mp3,audio/meanings/again;-then.mp3,zài,LMS 1000,Existing Known.txt entry.,0,0,0,0,
出来,to come out,known,44,general conversation;clip-pack;LMS 1000,,audio/words/出来.mp3,audio/meanings/to-come-out.mp3,chū lái,LMS 1000,Existing Known.txt entry.,0,0,0,0,
别,don't; other,known,44,general conversation;clip-pack;LMS 1000,,audio/words/别.mp3,audio/meanings/don't;-other.mp3,bié,LMS 1000,Existing Known.txt entry.,0,0,0,0,
到,to arrive,known,44,general conversation;clip-pack;LMS 1000,,audio/words/到.mp3,audio/meanings/to-arrive.mp3,dào,LMS 1000,Existing Known.txt entry.,0,0,0,0,
刚,just now,known,45,general conversation;clip-pack;LMS 1000,,audio/words/刚.mp3,audio/meanings/just-now.mp3,gāng,LMS 1000,Existing Known.txt entry.,0,0,0,0,
十,ten,known,45,general conversation;clip-pack;LMS 1000,,audio/words/十.mp3,audio/meanings/ten.mp3,shí,LMS 1000,Existing Known.txt entry.,0,0,0,0,
千,thousand,known,45,general conversation;clip-pack;LMS 1000,,audio/words/千.mp3,audio/meanings/thousand.mp3,qiān,LMS 1000,Existing Known.txt entry.,0,0,0,0,
去,to go,known,45,general conversation;clip-pack;LMS 1000,,audio/words/去.mp3,audio/meanings/to-go.mp3,qù,LMS 1000,Existing Known.txt entry.,0,0,0,0,
又,again; also,known,45,general conversation;clip-pack;LMS 1000,,audio/words/又.mp3,audio/meanings/again;-also.mp3,yòu,LMS 1000,Existing Known.txt entry.,0,0,0,0,
只,only; just,known,46,general conversation;clip-pack;LMS 1000,,audio/words/只.mp3,audio/meanings/only;-just.mp3,zhǐ,LMS 1000,Existing Known.txt entry.,0,0,0,0,
叫,to call,known,46,social/conversation;clip-pack;LMS 1000,,audio/words/叫.mp3,audio/meanings/to-call.mp3,jiào,LMS 1000,Existing Known.txt entry.,0,0,0,0,
可以,can; may,known,46,general conversation;clip-pack;LMS 1000,,audio/words/可以.mp3,audio/meanings/can;-may.mp3,kě yǐ,LMS 1000,Existing Known.txt entry.,0,0,0,0,
可能,maybe; possible,known,46,general conversation;clip-pack;LMS 1000,,audio/words/可能.mp3,audio/meanings/maybe;-possible.mp3,kě néng,LMS 1000,Existing Known.txt entry.,0,0,0,0,
吃,to eat,known,46,general conversation;clip-pack;LMS 1000,,audio/words/吃.mp3,audio/meanings/to-eat.mp3,chī,LMS 1000,Existing Known.txt entry.,0,0,0,0,
名字,name,known,47,general conversation;clip-pack;LMS 1000,,audio/words/名字.mp3,,míng zì,LMS 1000,Existing Known.txt entry.,0,0,0,0,
告诉,to tell,known,47,social/conversation;clip-pack;LMS 1000,,audio/words/告诉.mp3,audio/meanings/to-tell.mp3,gào sù,LMS 1000,Existing Known.txt entry.,0,0,0,0,
呢,question particle,known,47,general conversation;clip-pack;LMS 1000,,audio/words/呢.mp3,audio/meanings/question-particle.mp3,ne,LMS 1000,Existing Known.txt entry.,0,0,0,0,
唱歌,to sing,known,47,general conversation;clip-pack;LMS 1000,,audio/words/唱歌.mp3,audio/meanings/to-sing.mp3,chàng gē,LMS 1000,Existing Known.txt entry.,0,0,0,0,
问,to depart,known,47,social/conversation;clip-pack;LMS 1000,,audio/words/问.mp3,audio/meanings/to-depart.mp3,wèn,LMS 1000,Existing Known.txt entry.,0,0,0,0,
喜欢,to like,known,48,emotion/internal arc;clip-pack;LMS 1000,,audio/words/喜欢.mp3,audio/meanings/to-like.mp3,xǐ huan,LMS 1000,Existing Known.txt entry.,0,0,0,0,
吗,question particle,known,48,general conversation;clip-pack;LMS 1000,,audio/words/吗.mp3,audio/meanings/question-particle.mp3,ma,LMS 1000,Existing Known.txt entry.,0,0,0,0,
四,four,known,48,general conversation;clip-pack;LMS 1000,,audio/words/四.mp3,audio/meanings/four.mp3,sì,LMS 1000,Existing Known.txt entry.,0,0,0,0,
回,to return,known,48,general conversation;clip-pack;LMS 1000,,audio/words/回.mp3,audio/meanings/to-return.mp3,huí,LMS 1000,Existing Known.txt entry.,0,0,0,0,
回来,to come back,known,48,general conversation;clip-pack;LMS 1000,,audio/words/回来.mp3,audio/meanings/to-come-back.mp3,huí lái,LMS 1000,Existing Known.txt entry.,0,0,0,0,
回答,to answer,known,49,social/conversation;clip-pack;LMS 1000,,audio/words/回答.mp3,audio/meanings/to-answer.mp3,huí dá,LMS 1000,Existing Known.txt entry.,0,0,0,0,
因为,because,known,49,narrative glue;clip-pack;LMS 1000,,audio/words/因为.mp3,audio/meanings/because.mp3,yīn wèi,LMS 1000,Existing Known.txt entry.,0,0,0,0,
国家,country; nation,known,49,general conversation;clip-pack;LMS 1000,,audio/words/国家.mp3,audio/meanings/country;-nation.mp3,guó jiā,LMS 1000,Existing Known.txt entry.,0,0,0,0,
在,at,known,49,general conversation;clip-pack;LMS 1000,,audio/words/在.mp3,audio/meanings/at.mp3,zài,LMS 1000,Existing Known.txt entry.,0,0,0,0,
坐,to sit,known,49,general conversation;clip-pack;LMS 1000,,audio/words/坐.mp3,audio/meanings/to-sit.mp3,zuò,LMS 1000,Existing Known.txt entry.,0,0,0,0,
块,piece; lump,known,50,general conversation;clip-pack;LMS 1000,,audio/words/块.mp3,audio/meanings/piece;-lump.mp3,kuài,LMS 1000,Existing Known.txt entry.,0,0,0,0,
外面,outside; exterior,known,50,general conversation;clip-pack;LMS 1000,,audio/words/外面.mp3,audio/meanings/outside;-exterior.mp3,wài miàn,LMS 1000,Existing Known.txt entry.,0,0,0,0,
多,many; much,known,50,general conversation;clip-pack;LMS 1000,,audio/words/多.mp3,audio/meanings/many;-much.mp3,duō,LMS 1000,Existing Known.txt entry.,0,0,0,0,
大,big; large,known,50,general conversation;clip-pack;LMS 1000,,audio/words/大.mp3,audio/meanings/big;-large.mp3,dà,LMS 1000,Existing Known.txt entry.,0,0,0,0,
大家,everyone; everybody,known,50,general conversation;clip-pack;LMS 1000,,audio/words/大家.mp3,audio/meanings/everyone;-everybody.mp3,dà jiā,LMS 1000,Existing Known.txt entry.,0,0,0,0,
天,day; sky,known,51,general conversation;clip-pack;LMS 1000,,audio/words/天.mp3,audio/meanings/day;-sky.mp3,tiān,LMS 1000,Existing Known.txt entry.,0,0,0,0,
天气,weather,known,51,general conversation;clip-pack;LMS 1000,,audio/words/天气.mp3,audio/meanings/weather.mp3,tiān qì,LMS 1000,Existing Known.txt entry.,0,0,0,0,
太,too; extremely,known,51,general conversation;clip-pack;LMS 1000,,audio/words/太.mp3,audio/meanings/too;-extremely.mp3,tài,LMS 1000,Existing Known.txt entry.,0,0,0,0,
她,she,known,51,general conversation;clip-pack;LMS 1000,,audio/words/她.mp3,audio/meanings/she.mp3,tā,LMS 1000,Existing Known.txt entry.,0,0,0,0,
好,good,known,51,general conversation;clip-pack;LMS 1000,,audio/words/好.mp3,audio/meanings/good.mp3,hǎo,LMS 1000,Existing Known.txt entry.,0,0,0,0,
如果,if,known,52,narrative glue;clip-pack;LMS 1000,,audio/words/如果.mp3,audio/meanings/if.mp3,rú guǒ,LMS 1000,Existing Known.txt entry.,0,0,0,0,
姓,surname; to be surnamed,known,52,general conversation;clip-pack;LMS 1000,,audio/words/姓.mp3,audio/meanings/surname;-to-be-surnamed.mp3,xìng,LMS 1000,Existing Known.txt entry.,0,0,0,0,
妈妈,mom; mother,known,52,general conversation;clip-pack;LMS 1000,,audio/words/妈妈.mp3,audio/meanings/mom;-mother.mp3,mā ma,LMS 1000,Existing Known.txt entry.,0,0,0,0,
字,character; word,known,52,general conversation;clip-pack;LMS 1000,,audio/words/字.mp3,audio/meanings/character;-word.mp3,zì,LMS 1000,Existing Known.txt entry.,0,0,0,0,
孩子,child; children,known,52,general conversation;clip-pack;LMS 1000,,audio/words/孩子.mp3,audio/meanings/child;-children.mp3,hái zi,LMS 1000,Existing Known.txt entry.,0,0,0,0,
学校,school,known,53,general conversation;clip-pack;LMS 1000,,audio/words/学校.mp3,audio/meanings/school.mp3,xué xiào,LMS 1000,Existing Known.txt entry.,0,0,0,0,
学生,student,known,53,general conversation;clip-pack;LMS 1000,,audio/words/学生.mp3,audio/meanings/student.mp3,xué shēng,LMS 1000,Existing Known.txt entry.,0,0,0,0,
学习,to study,known,53,general conversation;clip-pack;LMS 1000,,audio/words/学习.mp3,audio/meanings/to-study.mp3,xué xí,LMS 1000,Existing Known.txt entry.,0,0,0,0,
它,it,known,53,general conversation;clip-pack;LMS 1000,,audio/words/它.mp3,audio/meanings/it.mp3,tā,LMS 1000,Existing Known.txt entry.,0,0,0,0,
家,home,known,53,general conversation;clip-pack;LMS 1000,,audio/words/家.mp3,audio/meanings/home.mp3,jiā,LMS 1000,Existing Known.txt entry.,0,0,0,0,
写,to write,known,54,general conversation;clip-pack;LMS 1000,,audio/words/写.mp3,audio/meanings/to-write.mp3,xiě,LMS 1000,Existing Known.txt entry.,0,0,0,0,
对,correct; toward,known,54,general conversation;clip-pack;LMS 1000,,audio/words/对.mp3,audio/meanings/correct;-toward.mp3,duì,LMS 1000,Existing Known.txt entry.,0,0,0,0,
对不起,sorry; excuse me,known,54,general conversation;clip-pack;LMS 1000,,audio/words/对不起.mp3,audio/meanings/sorry;-excuse-me.mp3,duì bù qǐ,LMS 1000,Existing Known.txt entry.,0,0,0,0,
小,small; little,known,54,general conversation;clip-pack;LMS 1000,,audio/words/小.mp3,audio/meanings/small;-little.mp3,xiǎo,LMS 1000,Existing Known.txt entry.,0,0,0,0,
小心,be careful; watch out,known,54,general conversation;clip-pack;LMS 1000,,audio/words/小心.mp3,audio/meanings/be-careful;-watch-out.mp3,xiǎo xīn,LMS 1000,Existing Known.txt entry.,0,0,0,0,
小时,hour,known,55,general conversation;clip-pack;LMS 1000,,audio/words/小时.mp3,audio/meanings/hour.mp3,xiǎo shí,LMS 1000,Existing Known.txt entry.,0,0,0,0,
已经,already,known,55,narrative glue;clip-pack;LMS 1000,,audio/words/已经.mp3,audio/meanings/already.mp3,yǐ jīng,LMS 1000,Existing Known.txt entry.,0,0,0,0,
帮助,to help,known,55,social/conversation;clip-pack;LMS 1000,,audio/words/帮助.mp3,audio/meanings/to-help.mp3,bāng zhù,LMS 1000,Existing Known.txt entry.,0,0,0,0,
年,year,known,55,general conversation;clip-pack;LMS 1000,,audio/words/年.mp3,audio/meanings/year.mp3,nián,LMS 1000,Existing Known.txt entry.,0,0,0,0,
弟弟,younger brother,known,55,general conversation;clip-pack;LMS 1000,,audio/words/弟弟.mp3,audio/meanings/younger-brother.mp3,dì di,LMS 1000,Existing Known.txt entry.,0,0,0,0,
很,very,known,56,general conversation;clip-pack;LMS 1000,,audio/words/很.mp3,audio/meanings/very.mp3,hěn,LMS 1000,Existing Known.txt entry.,0,0,0,0,
后门,back door,known,56,existing known;clip-pack;LMS 1000,,audio/words/后门.mp3,audio/meanings/back-door.mp3,hòu mén,LMS 1000,Existing Known.txt entry.,0,0,0,0,
后面,behind; back,known,56,general conversation;clip-pack;LMS 1000,,audio/words/后面.mp3,audio/meanings/behind;-back.mp3,hòu miàn,LMS 1000,Existing Known.txt entry.,0,0,0,0,
得,structural particle; to have to,known,56,general conversation;clip-pack;LMS 1000,,audio/words/得.mp3,,de,LMS 1000,Existing Known.txt entry.,0,0,0,0,
从,from; through,known,56,general conversation;clip-pack;LMS 1000,,audio/words/从.mp3,,cóng,LMS 1000,Existing Known.txt entry.,0,0,0,0,
快乐,happy; joyful,known,57,emotion/internal arc;clip-pack;LMS 1000,,audio/words/快乐.mp3,audio/meanings/happy;-joyful.mp3,kuài lè,LMS 1000,Existing Known.txt entry.,0,0,0,0,
怎么,how; why,known,57,general conversation;clip-pack;LMS 1000,,audio/words/怎么.mp3,audio/meanings/how;-why.mp3,zěn me,LMS 1000,Existing Known.txt entry.,0,0,0,0,
想,to think,known,57,emotion/internal arc;clip-pack;LMS 1000,,audio/words/想.mp3,audio/meanings/to-think.mp3,xiǎng,LMS 1000,Existing Known.txt entry.,0,0,0,0,
意思,meaning,known,57,general conversation;clip-pack;LMS 1000,,audio/words/意思.mp3,audio/meanings/meaning.mp3,yì sī,LMS 1000,Existing Known.txt entry.,0,0,0,0,
爱,to love,known,57,general conversation;clip-pack;LMS 1000,,audio/words/爱.mp3,audio/meanings/to-love.mp3,ài,LMS 1000,Existing Known.txt entry.,0,0,0,0,
慢,slow,known,58,general conversation;clip-pack;LMS 1000,,audio/words/慢.mp3,audio/meanings/slow.mp3,màn,LMS 1000,Existing Known.txt entry.,0,0,0,0,
我,me,known,58,general conversation;clip-pack;LMS 1000,,audio/words/我.mp3,audio/meanings/me.mp3,wǒ,LMS 1000,Existing Known.txt entry.,0,0,0,0,
房间,room,known,58,general conversation;clip-pack;LMS 1000,,audio/words/房间.mp3,,fáng jiān,LMS 1000,Existing Known.txt entry.,0,0,0,0,
手,hand,known,58,general conversation;clip-pack;LMS 1000,,audio/words/手.mp3,audio/meanings/hand.mp3,shǒu,LMS 1000,Existing Known.txt entry.,0,0,0,0,
打开,to open,known,58,general conversation;clip-pack;LMS 1000,,audio/words/打开.mp3,audio/meanings/to-open.mp3,dǎ kāi,LMS 1000,Existing Known.txt entry.,0,0,0,0,
找,to look for,known,59,action/combat/training;clip-pack;LMS 1000,,audio/words/找.mp3,audio/meanings/to-look-for.mp3,zhǎo,LMS 1000,Existing Known.txt entry.,0,0,0,0,
新,new,known,59,general conversation;clip-pack;LMS 1000,,audio/words/新.mp3,audio/meanings/new.mp3,xīn,LMS 1000,Existing Known.txt entry.,0,0,0,0,
早上,morning,known,59,general conversation;clip-pack;LMS 1000,,audio/words/早上.mp3,audio/meanings/morning.mp3,zǎo shàng,LMS 1000,Existing Known.txt entry.,0,0,0,0,
明天,tomorrow,known,59,general conversation;clip-pack;LMS 1000,,audio/words/明天.mp3,audio/meanings/tomorrow.mp3,míng tiān,LMS 1000,Existing Known.txt entry.,0,0,0,0,
明白,to understand; clear,known,59,general conversation;clip-pack;LMS 1000,,audio/words/明白.mp3,audio/meanings/to-understand;-clear.mp3,míng bái,LMS 1000,Existing Known.txt entry.,0,0,0,0,
昨天,yesterday,known,60,general conversation;clip-pack;LMS 1000,,audio/words/昨天.mp3,audio/meanings/yesterday.mp3,zuó tiān,LMS 1000,Existing Known.txt entry.,0,0,0,0,
是,to be,known,60,general conversation;clip-pack;LMS 1000,,audio/words/是.mp3,audio/meanings/to-be.mp3,shì,LMS 1000,Existing Known.txt entry.,0,0,0,0,
时间,time,known,60,general conversation;clip-pack;LMS 1000,,audio/words/时间.mp3,audio/meanings/time.mp3,shí jiān,LMS 1000,Existing Known.txt entry.,0,0,0,0,
晚上,evening; night,known,60,general conversation;clip-pack;LMS 1000,,audio/words/晚上.mp3,audio/meanings/evening;-night.mp3,wǎn shàng,LMS 1000,Existing Known.txt entry.,0,0,0,0,
书,book,known,60,general conversation;clip-pack;LMS 1000,,audio/words/书.mp3,audio/meanings/book.mp3,shū,LMS 1000,Existing Known.txt entry.,0,0,0,0,
最,most; -est,known,61,general conversation;clip-pack;LMS 1000,,audio/words/最.mp3,audio/meanings/most;--est.mp3,zuì,LMS 1000,Existing Known.txt entry.,0,0,0,0,
会,can; will,known,61,general conversation;clip-pack;LMS 1000,,audio/words/会.mp3,audio/meanings/can;-will.mp3,huì,LMS 1000,Existing Known.txt entry.,0,0,0,0,
有,to have,known,61,general conversation;clip-pack;LMS 1000,,audio/words/有.mp3,audio/meanings/to-have.mp3,yǒu,LMS 1000,Existing Known.txt entry.,0,0,0,0,
有名,famous; well-known,known,61,existing known;clip-pack;LMS 1000,,audio/words/有名.mp3,audio/meanings/famous;-well-known.mp3,yǒu míng,LMS 1000,Existing Known.txt entry.,0,0,0,0,
朋友,friend,known,61,social/conversation;clip-pack;LMS 1000,,audio/words/朋友.mp3,audio/meanings/friend.mp3,péng yǒu,LMS 1000,Existing Known.txt entry.,0,0,0,0,
杯子,cup; glass,known,62,existing known;clip-pack;LMS 1000,,audio/words/杯子.mp3,audio/meanings/cup;-glass.mp3,bēi zi,LMS 1000,Existing Known.txt entry.,0,0,0,0,
东西,thing; stuff,known,62,general conversation;clip-pack;LMS 1000,,audio/words/东西.mp3,audio/meanings/thing;-stuff.mp3,dōng xī,LMS 1000,Existing Known.txt entry.,0,0,0,0,
桌子,table; desk,known,62,general conversation;clip-pack;LMS 1000,,audio/words/桌子.mp3,audio/meanings/table;-desk.mp3,zhuō zi,LMS 1000,Existing Known.txt entry.,0,0,0,0,
椅子,chair,known,62,general conversation;clip-pack;LMS 1000,,audio/words/椅子.mp3,audio/meanings/chair.mp3,yǐ zi,LMS 1000,Existing Known.txt entry.,0,0,0,0,
次,time,known,62,general conversation;clip-pack;LMS 1000,,audio/words/次.mp3,audio/meanings/time.mp3,cì,LMS 1000,Existing Known.txt entry.,0,0,0,0,
正在,in the process of; currently,known,63,narrative glue;clip-pack;LMS 1000,,audio/words/正在.mp3,audio/meanings/in-the-process-of;-currently.mp3,zhèng zài,LMS 1000,Existing Known.txt entry.,0,0,0,0,
每,every; each,known,63,general conversation;clip-pack;LMS 1000,,audio/words/每.mp3,audio/meanings/every;-each.mp3,měi,LMS 1000,Existing Known.txt entry.,0,0,0,0,
比,compared to; than,known,63,general conversation;clip-pack;LMS 1000,,audio/words/比.mp3,audio/meanings/compared-to;-than.mp3,bǐ,LMS 1000,Existing Known.txt entry.,0,0,0,0,
水,water,known,63,general conversation;clip-pack;LMS 1000,,audio/words/水.mp3,audio/meanings/water.mp3,shuǐ,LMS 1000,Existing Known.txt entry.,0,0,0,0,
水果,fruit,known,63,existing known;clip-pack;LMS 1000,,audio/words/水果.mp3,audio/meanings/fruit.mp3,shuǐ guǒ,LMS 1000,Existing Known.txt entry.,0,0,0,0,
游泳,to swim,known,64,existing known;clip-pack;LMS 1000,,audio/words/游泳.mp3,audio/meanings/to-swim.mp3,yóu yǒng,LMS 1000,Existing Known.txt entry.,0,0,0,0,
漂亮,beautiful; pretty,known,64,general conversation;clip-pack;LMS 1000,,audio/words/漂亮.mp3,audio/meanings/beautiful;-pretty.mp3,piào liang,LMS 1000,Existing Known.txt entry.,0,0,0,0,
为什么,why,known,64,general conversation;clip-pack;LMS 1000,,audio/words/为什么.mp3,audio/meanings/why.mp3,wèi shén me,LMS 1000,Existing Known.txt entry.,0,0,0,0,
然后,then; after that,known,64,narrative glue;clip-pack;LMS 1000,,audio/words/然后.mp3,audio/meanings/then;-after-that.mp3,rán hòu,LMS 1000,Existing Known.txt entry.,0,0,0,0,
热,hot; warm,known,64,general conversation;clip-pack;LMS 1000,,audio/words/热.mp3,audio/meanings/hot;-warm.mp3,rè,LMS 1000,Existing Known.txt entry.,0,0,0,0,
爸爸,dad; father,known,65,general conversation;clip-pack;LMS 1000,,audio/words/爸爸.mp3,audio/meanings/dad;-father.mp3,bà ba,LMS 1000,Existing Known.txt entry.,0,0,0,0,
王,king,known,65,general conversation;clip-pack;LMS 1000,,audio/words/王.mp3,audio/meanings/king.mp3,wáng,LMS 1000,Existing Known.txt entry.,0,0,0,0,
玩,to play,known,65,general conversation;clip-pack;LMS 1000,,audio/words/玩.mp3,audio/meanings/to-play.mp3,wán,LMS 1000,Existing Known.txt entry.,0,0,0,0,
现在,now,known,65,narrative glue;clip-pack;LMS 1000,,audio/words/现在.mp3,audio/meanings/now.mp3,xiàn zài,LMS 1000,Existing Known.txt entry.,0,0,0,0,
生气,angry,known,65,general conversation;clip-pack;LMS 1000,,audio/words/生气.mp3,audio/meanings/angry.mp3,shēng qì,LMS 1000,Existing Known.txt entry.,0,0,0,0,
生活,life; to live,known,66,general conversation;clip-pack;LMS 1000,,audio/words/生活.mp3,audio/meanings/life;-to-live.mp3,shēng huó,LMS 1000,Existing Known.txt entry.,0,0,0,0,
用,to use,known,66,action/combat/training;clip-pack;LMS 1000,,audio/words/用.mp3,audio/meanings/to-use.mp3,yòng,LMS 1000,Existing Known.txt entry.,0,0,0,0,
的,possessive/descriptive particle,known,66,general conversation;clip-pack;LMS 1000,,audio/words/的.mp3,audio/meanings/possessive-descriptive-particle.mp3,de,LMS 1000,Existing Known.txt entry.,0,0,0,0,
的话,if; in that case,known,66,general conversation;clip-pack;LMS 1000,,audio/words/的话.mp3,,de huà,LMS 1000,Existing Known.txt entry.,0,0,0,0,
看,to look,known,66,general conversation;clip-pack;LMS 1000,,audio/words/看.mp3,audio/meanings/to-look.mp3,kàn,LMS 1000,Existing Known.txt entry.,0,0,0,0,
看见,to see,known,67,general conversation;clip-pack;LMS 1000,,audio/words/看见.mp3,audio/meanings/to-see.mp3,kàn jiàn,LMS 1000,Existing Known.txt entry.,0,0,0,0,
真,really; true,known,67,general conversation;clip-pack;LMS 1000,,audio/words/真.mp3,audio/meanings/really;-true.mp3,zhēn,LMS 1000,Existing Known.txt entry.,0,0,0,0,
眼睛,eye,known,67,general conversation;clip-pack;LMS 1000,,audio/words/眼睛.mp3,audio/meanings/eye.mp3,yǎn jīng,LMS 1000,Existing Known.txt entry.,0,0,0,0,
睡觉,to sleep,known,67,general conversation;clip-pack;LMS 1000,,audio/words/睡觉.mp3,audio/meanings/to-sleep.mp3,shuì jiào,LMS 1000,Existing Known.txt entry.,0,0,0,0,
知道,to know,known,67,general conversation;clip-pack;LMS 1000,,audio/words/知道.mp3,audio/meanings/to-know.mp3,zhī dào,LMS 1000,Existing Known.txt entry.,0,0,0,0,
种,kind; type,known,68,general conversation;clip-pack;LMS 1000,,audio/words/种.mp3,audio/meanings/kind;-type.mp3,zhǒng,LMS 1000,Existing Known.txt entry.,0,0,0,0,
笑,to laugh,known,68,general conversation;clip-pack;LMS 1000,,audio/words/笑.mp3,audio/meanings/to-laugh.mp3,xiào,LMS 1000,Existing Known.txt entry.,0,0,0,0,
等,to wait; etc.,known,68,action/combat/training;clip-pack;LMS 1000,,audio/words/等.mp3,audio/meanings/to-wait;-etc.mp3,děng,LMS 1000,Existing Known.txt entry.,0,0,0,0,
累,tired; exhausted,known,68,general conversation;clip-pack;LMS 1000,,audio/words/累.mp3,audio/meanings/tired;-exhausted.mp3,lèi,LMS 1000,Existing Known.txt entry.,0,0,0,0,
终于,finally; at last,known,68,general conversation;clip-pack;LMS 1000,,audio/words/终于.mp3,audio/meanings/finally;-at-last.mp3,zhōng yú,LMS 1000,Existing Known.txt entry.,0,0,0,0,
给,to give; for,known,69,general conversation;clip-pack;LMS 1000,,audio/words/给.mp3,audio/meanings/to-give;-for.mp3,gěi,LMS 1000,Existing Known.txt entry.,0,0,0,0,
经常,often; frequently,known,69,general conversation;clip-pack;LMS 1000,,audio/words/经常.mp3,audio/meanings/often;-frequently.mp3,jīng cháng,LMS 1000,Existing Known.txt entry.,0,0,0,0,
老,old; always,known,69,general conversation;clip-pack;LMS 1000,,audio/words/老.mp3,audio/meanings/old;-always.mp3,lǎo,LMS 1000,Existing Known.txt entry.,0,0,0,0,
老师,teacher,known,69,general conversation;clip-pack;LMS 1000,,audio/words/老师.mp3,audio/meanings/teacher.mp3,lǎo shī,LMS 1000,Existing Known.txt entry.,0,0,0,0,
声音,sound; voice,known,69,general conversation;clip-pack;LMS 1000,,audio/words/声音.mp3,audio/meanings/sound;-voice.mp3,shēng yīn,LMS 1000,Existing Known.txt entry.,0,0,0,0,
听,to listen,known,70,general conversation;clip-pack;LMS 1000,,audio/words/听.mp3,audio/meanings/to-listen.mp3,tīng,LMS 1000,Existing Known.txt entry.,0,0,0,0,
听到,to hear,known,70,general conversation;clip-pack;LMS 1000,,audio/words/听到.mp3,audio/meanings/to-hear.mp3,tīng dào,LMS 1000,Existing Known.txt entry.,0,0,0,0,
能,can; to be able to,known,70,general conversation;clip-pack;LMS 1000,,audio/words/能.mp3,audio/meanings/can;-to-be-able-to.mp3,néng,LMS 1000,Existing Known.txt entry.,0,0,0,0,
船,boat; ship,known,70,general conversation;clip-pack;LMS 1000,,audio/words/船.mp3,audio/meanings/boat;-ship.mp3,chuán,LMS 1000,Existing Known.txt entry.,0,0,0,0,
草,grass; Weed,known,70,existing known;clip-pack;LMS 1000,,audio/words/草.mp3,audio/meanings/grass;-Weed.mp3,cǎo,LMS 1000,Existing Known.txt entry.,0,0,0,0,
西,west,known,71,general conversation;clip-pack;LMS 1000,,audio/words/西.mp3,audio/meanings/west.mp3,xī,LMS 1000,Existing Known.txt entry.,0,0,0,0,
要,to want,known,71,general conversation;clip-pack;LMS 1000,,audio/words/要.mp3,audio/meanings/to-want.mp3,yào,LMS 1000,Existing Known.txt entry.,0,0,0,0,
话,words; speech,known,71,general conversation;clip-pack;LMS 1000,,audio/words/话.mp3,audio/meanings/words;-speech.mp3,huà,LMS 1000,Existing Known.txt entry.,0,0,0,0,
说话,to speak,known,71,general conversation;clip-pack;LMS 1000,,audio/words/说话.mp3,audio/meanings/to-speak.mp3,shuō huà,LMS 1000,Existing Known.txt entry.,0,0,0,0,
请,please; to invite,known,71,social/conversation;clip-pack;LMS 1000,,audio/words/请.mp3,audio/meanings/please;-to-invite.mp3,qǐng,LMS 1000,Existing Known.txt entry.,0,0,0,0,
谢谢,thank you,known,72,general conversation;clip-pack;LMS 1000,,audio/words/谢谢.mp3,audio/meanings/thank-you.mp3,xiè xiè,LMS 1000,Existing Known.txt entry.,0,0,0,0,
读,to read,known,72,general conversation;clip-pack;LMS 1000,,audio/words/读.mp3,audio/meanings/to-read.mp3,dú,LMS 1000,Existing Known.txt entry.,0,0,0,0,
让,to let,known,72,general conversation;clip-pack;LMS 1000,,audio/words/让.mp3,audio/meanings/to-let.mp3,ràng,LMS 1000,Existing Known.txt entry.,0,0,0,0,
买,to buy,known,72,money/business/shop;clip-pack;LMS 1000,,audio/words/买.mp3,audio/meanings/to-buy.mp3,mǎi,LMS 1000,Existing Known.txt entry.,0,0,0,0,
卖,to sell,known,72,money/business/shop;clip-pack;LMS 1000,,audio/words/卖.mp3,audio/meanings/to-sell.mp3,mài,LMS 1000,Existing Known.txt entry.,0,0,0,0,
走,to walk,known,73,action/combat/training;clip-pack;LMS 1000,,audio/words/走.mp3,audio/meanings/to-walk.mp3,zǒu,LMS 1000,Existing Known.txt entry.,0,0,0,0,
起,to rise,known,73,general conversation;clip-pack;LMS 1000,,audio/words/起.mp3,audio/meanings/to-rise.mp3,qǐ,LMS 1000,Existing Known.txt entry.,0,0,0,0,
跑,to run,known,73,action/combat/training;clip-pack;LMS 1000,,audio/words/跑.mp3,audio/meanings/to-run.mp3,pǎo,LMS 1000,Existing Known.txt entry.,0,0,0,0,
路,road; path,known,73,general conversation;clip-pack;LMS 1000,,audio/words/路.mp3,audio/meanings/road;-path.mp3,lù,LMS 1000,Existing Known.txt entry.,0,0,0,0,
跳舞,to dance,known,73,general conversation;clip-pack;LMS 1000,,audio/words/跳舞.mp3,audio/meanings/to-dance.mp3,tiào wǔ,LMS 1000,Existing Known.txt entry.,0,0,0,0,
身体,body; health,known,74,general conversation;clip-pack;LMS 1000,,audio/words/身体.mp3,audio/meanings/body;-health.mp3,shēn tǐ,LMS 1000,Existing Known.txt entry.,0,0,0,0,
办法,method; way,known,74,general conversation;clip-pack;LMS 1000,,audio/words/办法.mp3,audio/meanings/method;-way.mp3,bàn fǎ,LMS 1000,Existing Known.txt entry.,0,0,0,0,
这,this,known,74,general conversation;clip-pack;LMS 1000,,audio/words/这.mp3,audio/meanings/this.mp3,zhè,LMS 1000,Existing Known.txt entry.,0,0,0,0,
进,to enter,known,74,general conversation;clip-pack;LMS 1000,,audio/words/进.mp3,audio/meanings/to-enter.mp3,jìn,LMS 1000,Existing Known.txt entry.,0,0,0,0,
进去,to go in,known,74,general conversation;clip-pack;LMS 1000,,audio/words/进去.mp3,audio/meanings/to-go-in.mp3,jìn qù,LMS 1000,Existing Known.txt entry.,0,0,0,0,
远,far; distant,known,75,general conversation;clip-pack;LMS 1000,,audio/words/远.mp3,audio/meanings/far;-distant.mp3,yuǎn,LMS 1000,Existing Known.txt entry.,0,0,0,0,
还,still; also,known,75,general conversation;clip-pack;LMS 1000,,audio/words/还.mp3,audio/meanings/still;-also.mp3,hái,LMS 1000,Existing Known.txt entry.,0,0,0,0,
那,that,known,75,general conversation;clip-pack;LMS 1000,,audio/words/那.mp3,audio/meanings/that.mp3,nà,LMS 1000,Existing Known.txt entry.,0,0,0,0,
那些,those,known,75,general conversation;clip-pack;LMS 1000,,audio/words/那些.mp3,audio/meanings/those.mp3,nà xiē,LMS 1000,Existing Known.txt entry.,0,0,0,0,
那样,like that,known,75,general conversation;clip-pack;LMS 1000,,audio/words/那样.mp3,audio/meanings/like-that.mp3,nà yàng,LMS 1000,Existing Known.txt entry.,0,0,0,0,
里,inside; to follow,known,76,general conversation;clip-pack;LMS 1000,,audio/words/里.mp3,audio/meanings/inside;-to-follow.mp3,lǐ,LMS 1000,Existing Known.txt entry.,0,0,0,0,
长,long,known,76,general conversation;clip-pack;LMS 1000,,audio/words/长.mp3,audio/meanings/long.mp3,cháng,LMS 1000,Existing Known.txt entry.,0,0,0,0,
门,door; gate,known,76,general conversation;clip-pack;LMS 1000,,audio/words/门.mp3,audio/meanings/door;-gate.mp3,mén,LMS 1000,Existing Known.txt entry.,0,0,0,0,
开,to open,known,76,action/combat/training;clip-pack;LMS 1000,,audio/words/开.mp3,audio/meanings/to-open.mp3,kāi,LMS 1000,Existing Known.txt entry.,0,0,0,0,
关,to close,known,76,action/combat/training;clip-pack;LMS 1000,,audio/words/关.mp3,audio/meanings/to-close.mp3,guān,LMS 1000,Existing Known.txt entry.,0,0,0,0,
附近,nearby; vicinity,known,77,general conversation;clip-pack;LMS 1000,,audio/words/附近.mp3,audio/meanings/nearby;-vicinity.mp3,fù jìn,LMS 1000,Existing Known.txt entry.,0,0,0,0,
离,away from; to leave,known,77,general conversation;clip-pack;LMS 1000,,audio/words/离.mp3,audio/meanings/away-from;-to-leave.mp3,lí,LMS 1000,Existing Known.txt entry.,0,0,0,0,
非常,very; extremely,known,77,general conversation;clip-pack;LMS 1000,,audio/words/非常.mp3,audio/meanings/very;-extremely.mp3,fēi cháng,LMS 1000,Existing Known.txt entry.,0,0,0,0,
面,face; side,known,77,general conversation;clip-pack;LMS 1000,,audio/words/面.mp3,audio/meanings/face;-side.mp3,miàn,LMS 1000,Existing Known.txt entry.,0,0,0,0,
头发,hair,known,77,general conversation;clip-pack;LMS 1000,,audio/words/头发.mp3,audio/meanings/hair.mp3,tóu fa,LMS 1000,Existing Known.txt entry.,0,0,0,0,
高,tall; high,known,78,general conversation;clip-pack;LMS 1000,,audio/words/高.mp3,audio/meanings/tall;-high.mp3,gāo,LMS 1000,Existing Known.txt entry.,0,0,0,0,
高兴,happy; glad,known,78,emotion/internal arc;clip-pack;LMS 1000,,audio/words/高兴.mp3,audio/meanings/happy;-glad.mp3,gāo xìng,LMS 1000,Existing Known.txt entry.,0,0,0,0,
点,a little; point,known,78,general conversation;clip-pack;LMS 1000,,audio/words/点.mp3,audio/meanings/a-little;-point.mp3,diǎn,LMS 1000,Existing Known.txt entry.,0,0,0,0,
旧,old; former,known,78,general conversation;clip-pack;LMS 1000,,audio/words/旧.mp3,audio/meanings/old;-former.mp3,jiù,LMS 1000,Existing Known.txt entry.,0,0,0,0,
明,bright; clear,known,78,general conversation;clip-pack;LMS 1000,,audio/words/明.mp3,audio/meanings/bright;-clear.mp3,míng,LMS 1000,Existing Known.txt entry.,0,0,0,0,
钱包,money bag; wallet,known,79,money/business/shop;clip-pack;LMS 1000,,audio/words/钱包.mp3,audio/meanings/money-bag;-wallet.mp3,qián bāo,LMS 1000,Existing Known.txt entry.,0,0,0,0,
中文,Chinese language,known,79,existing known;clip-pack;LMS 1000,,audio/words/中文.mp3,audio/meanings/Chinese-language.mp3,zhōng wén,LMS 1000,Existing Known.txt entry.,0,0,0,0,
父,father,known,79,existing known;clip-pack;LMS 1000,,audio/words/父.mp3,audio/meanings/father.mp3,fù,LMS 1000,Existing Known.txt entry.,0,0,0,0,
犹太人,Jew,known,79,general conversation;clip-pack;LMS 1000,,audio/words/犹太人.mp3,,yóu tài rén,LMS 1000,Existing Known.txt entry.,0,0,0,0,
不是,is not; no,known,79,existing known;clip-pack;LMS 1000,,audio/words/不是.mp3,audio/meanings/is-not;-no.mp3,bú shì,LMS 1000,Existing Known.txt entry.,0,0,0,0,
在一起,together,known,80,existing known;clip-pack;LMS 1000,,audio/words/在一起.mp3,audio/meanings/together.mp3,zài yì qǐ,LMS 1000,Existing Known.txt entry.,0,0,0,0,
一个人,one person; alone,known,80,existing known;clip-pack;LMS 1000,,audio/words/一个人.mp3,audio/meanings/one-person;-alone.mp3,yí gè rén,LMS 1000,Existing Known.txt entry.,0,0,0,0,
西门,west gate,known,80,existing known;clip-pack;LMS 1000,,audio/words/西门.mp3,audio/meanings/west-gate.mp3,xī mén,LMS 1000,Existing Known.txt entry.,0,0,0,0,
那时候,at that time,known,80,existing known;clip-pack;LMS 1000,,audio/words/那时候.mp3,audio/meanings/at-that-time.mp3,nà shí hòu,LMS 1000,Existing Known.txt entry.,0,0,0,0,
日,day; sun,known,80,general conversation;clip-pack;LMS 1000,,audio/words/日.mp3,audio/meanings/day;-sun.mp3,rì,LMS 1000,Existing Known.txt entry.,0,0,0,0,
十二,twelve,known,81,existing known;clip-pack;LMS 1000,,audio/words/十二.mp3,audio/meanings/twelve.mp3,shí èr,LMS 1000,Existing Known.txt entry.,0,0,0,0,
第二天,the next day,known,81,existing known;clip-pack;LMS 1000,,audio/words/第二天.mp3,audio/meanings/the-next-day.mp3,dì èr tiān,LMS 1000,Existing Known.txt entry.,0,0,0,0,
一定要,must; be sure to,known,81,existing known;clip-pack;LMS 1000,,audio/words/一定要.mp3,audio/meanings/must;-be-sure-to.mp3,yí dìng yào,LMS 1000,Existing Known.txt entry.,0,0,0,0,
过节,to celebrate a festival,known,81,existing known;clip-pack;LMS 1000,,audio/words/过节.mp3,audio/meanings/to-celebrate-a-festival.mp3,guò jié,LMS 1000,Existing Known.txt entry.,0,0,0,0,
后来,afterwards; later,known,81,narrative glue;clip-pack;LMS 1000,,audio/words/后来.mp3,,hòu lái,LMS 1000,Existing Known.txt entry.,0,0,0,0,
只是,just; merely,known,82,general conversation;clip-pack;LMS 1000,,audio/words/只是.mp3,audio/meanings/just;-merely.mp3,zhǐ shì,LMS 1000,Existing Known.txt entry.,0,0,0,0,
那是,that is,known,82,existing known;clip-pack;LMS 1000,,audio/words/那是.mp3,audio/meanings/that-is.mp3,nà shì,LMS 1000,Existing Known.txt entry.,0,0,0,0,
看错,to misread; to see incorrectly,known,82,existing known;clip-pack;LMS 1000,,audio/words/看错.mp3,audio/meanings/to-misread;-to-see-incorrectly.mp3,kàn cuò,LMS 1000,Existing Known.txt entry.,0,0,0,0,
走过,to walk past; to pass through,known,82,existing known;clip-pack;LMS 1000,,audio/words/走过.mp3,audio/meanings/to-walk-past;-to-pass-through.mp3,zǒu guò,LMS 1000,Existing Known.txt entry.,0,0,0,0,
觉得,to feel,known,82,emotion/internal arc;clip-pack;LMS 1000,,audio/words/觉得.mp3,audio/meanings/to-feel.mp3,jué de,LMS 1000,Existing Known.txt entry.,0,0,0,0,
下去,to go down,known,83,general conversation;clip-pack;LMS 1000,,audio/words/下去.mp3,audio/meanings/to-go-down.mp3,xià qù,LMS 1000,Existing Known.txt entry.,0,0,0,0,
这不,this is not; isn't this,known,83,existing known;clip-pack;LMS 1000,,audio/words/这不.mp3,,zhè bù,LMS 1000,Existing Known.txt entry.,0,0,0,0,
在世,alive; living,known,83,existing known;clip-pack;LMS 1000,,audio/words/在世.mp3,audio/meanings/alive;-living.mp3,zài shì,LMS 1000,Existing Known.txt entry.,0,0,0,0,
大会,conference; general assembly,known,83,existing known;clip-pack;LMS 1000,,audio/words/大会.mp3,audio/meanings/conference;-general-assembly.mp3,dà huì,LMS 1000,Existing Known.txt entry.,0,0,0,0,
到现在,until now,known,83,existing known;clip-pack;LMS 1000,,audio/words/到现在.mp3,audio/meanings/until-now.mp3,dào xiàn zài,LMS 1000,Existing Known.txt entry.,0,0,0,0,
父爱,fatherly love,known,84,existing known;clip-pack;LMS 1000,,audio/words/父爱.mp3,audio/meanings/fatherly-love.mp3,fù ài,LMS 1000,Existing Known.txt entry.,0,0,0,0,
不只,not only,known,84,existing known;clip-pack;LMS 1000,,audio/words/不只.mp3,audio/meanings/not-only.mp3,bù zhī,LMS 1000,Existing Known.txt entry.,0,0,0,0,
人中,among people,known,84,existing known;clip-pack;LMS 1000,,audio/words/人中.mp3,audio/meanings/among-people.mp3,rén zhōng,LMS 1000,Existing Known.txt entry.,0,0,0,0,
对不对,right?; is that correct?,known,84,existing known;clip-pack;LMS 1000,,audio/words/对不对.mp3,audio/meanings/right-;-is-that-correct.mp3,duì bu duì,LMS 1000,Existing Known.txt entry.,0,0,0,0,
去死,go die; die,known,84,existing known;clip-pack;LMS 1000,,audio/words/去死.mp3,audio/meanings/go-die;-die.mp3,qù sǐ,LMS 1000,Existing Known.txt entry.,0,0,0,0,
那时,at that time; then,known,85,general conversation;clip-pack;LMS 1000,,audio/words/那时.mp3,audio/meanings/at-that-time;-then.mp3,nà shí,LMS 1000,Existing Known.txt entry.,0,0,0,0,
穿上,to put on,known,85,existing known;clip-pack;LMS 1000,,audio/words/穿上.mp3,audio/meanings/to-put-on.mp3,chuān shàng,LMS 1000,Existing Known.txt entry.,0,0,0,0,
三次,three times,known,85,existing known;clip-pack;LMS 1000,,audio/words/三次.mp3,audio/meanings/three-times.mp3,sān cì,LMS 1000,Existing Known.txt entry.,0,0,0,0,
小羊,lamb; little sheep,known,85,existing known;clip-pack;LMS 1000,,audio/words/小羊.mp3,audio/meanings/lamb;-little-sheep.mp3,xiǎo yáng,LMS 1000,Existing Known.txt entry.,0,0,0,0,
大节,major festival; important principle,known,85,existing known;clip-pack;LMS 1000,,audio/words/大节.mp3,audio/meanings/major-festival;-important-principle.mp3,dà jié,LMS 1000,Existing Known.txt entry.,0,0,0,0,
院子,courtyard; yard,known,86,existing known;clip-pack;LMS 1000,,audio/words/院子.mp3,audio/meanings/courtyard;-yard.mp3,yuàn zi,LMS 1000,Existing Known.txt entry.,0,0,0,0,
是不是,is it or not; whether,known,86,existing known;clip-pack;LMS 1000,,audio/words/是不是.mp3,audio/meanings/is-it-or-not;-whether.mp3,shì bu shì,LMS 1000,Existing Known.txt entry.,0,0,0,0,
病人,patient; sick person,known,86,general conversation;clip-pack;LMS 1000,,audio/words/病人.mp3,audio/meanings/patient;-sick-person.mp3,bìng rén,LMS 1000,Existing Known.txt entry.,0,0,0,0,
分,to divide; minute,known,86,general conversation;clip-pack;LMS 1000,,audio/words/分.mp3,audio/meanings/to-divide;-minute.mp3,fēn,LMS 1000,Existing Known.txt entry.,0,0,0,0,
什么时候,when,known,86,existing known;clip-pack;LMS 1000,,audio/words/什么时候.mp3,audio/meanings/when.mp3,shén me shí hòu,LMS 1000,Existing Known.txt entry.,0,0,0,0,
色,color; appearance,known,87,existing known;clip-pack;LMS 1000,,audio/words/色.mp3,audio/meanings/color;-appearance.mp3,sè,LMS 1000,Existing Known.txt entry.,0,0,0,0,
差不多,approximately; nearly,known,87,general conversation;clip-pack;LMS 1000,,audio/words/差不多.mp3,audio/meanings/approximately;-nearly.mp3,chà bù duō,LMS 1000,Existing Known.txt entry.,0,0,0,0,
山上,on the mountain,known,87,existing known;clip-pack;LMS 1000,,audio/words/山上.mp3,audio/meanings/on-the-mountain.mp3,shān shàng,LMS 1000,Existing Known.txt entry.,0,0,0,0,
全世界,worldwide; global,known,87,general conversation;clip-pack;LMS 1000,,audio/words/全世界.mp3,audio/meanings/worldwide;-global.mp3,quán shì jiè,LMS 1000,Existing Known.txt entry.,0,0,0,0,
流出,to flow out,known,87,existing known;clip-pack;LMS 1000,,audio/words/流出.mp3,audio/meanings/to-flow-out.mp3,liú chū,LMS 1000,Existing Known.txt entry.,0,0,0,0,
第二次,second time,known,88,existing known;clip-pack;LMS 1000,,audio/words/第二次.mp3,audio/meanings/second-time.mp3,dì èr cì,LMS 1000,Existing Known.txt entry.,0,0,0,0,
擦,to rub,known,88,general conversation;clip-pack;LMS 1000,,audio/words/擦.mp3,audio/meanings/to-rub.mp3,cā,LMS 1000,Existing Known.txt entry.,0,0,0,0,
想见,to want to see,known,88,existing known;clip-pack;LMS 1000,,audio/words/想见.mp3,audio/meanings/to-want-to-see.mp3,xiǎng jiàn,LMS 1000,Existing Known.txt entry.,0,0,0,0,
驴,donkey,known,88,existing known;clip-pack;LMS 1000,,audio/words/驴.mp3,audio/meanings/donkey.mp3,lǘ,LMS 1000,Existing Known.txt entry.,0,0,0,0,
十五,fifteen,known,88,existing known;clip-pack;LMS 1000,,audio/words/十五.mp3,audio/meanings/fifteen.mp3,shí wǔ,LMS 1000,Existing Known.txt entry.,0,0,0,0,
十七,seventeen,known,89,existing known;clip-pack;LMS 1000,,audio/words/十七.mp3,audio/meanings/seventeen.mp3,shí qī,LMS 1000,Existing Known.txt entry.,0,0,0,0,
十九,nineteen,known,89,existing known;clip-pack;LMS 1000,,audio/words/十九.mp3,audio/meanings/nineteen.mp3,shí jiǔ,LMS 1000,Existing Known.txt entry.,0,0,0,0,
石,stone; rock,known,89,existing known;clip-pack;LMS 1000,,audio/words/石.mp3,audio/meanings/stone;-rock.mp3,shí,LMS 1000,Existing Known.txt entry.,0,0,0,0,
在后,behind; afterward,known,89,existing known;clip-pack;LMS 1000,,audio/words/在后.mp3,audio/meanings/behind;-afterward.mp3,zài hòu,LMS 1000,Existing Known.txt entry.,0,0,0,0,
关掉,turn off; shut down,known,89,general conversation;clip-pack;LMS 1000,,audio/words/关掉.mp3,audio/meanings/turn-off;-shut-down.mp3,guān diào,LMS 1000,Existing Known.txt entry.,0,0,0,0,
不太好,not very good,known,90,existing known;clip-pack;LMS 1000,,audio/words/不太好.mp3,audio/meanings/not-very-good.mp3,bú tài hǎo,LMS 1000,Existing Known.txt entry.,0,0,0,0,
买卖,buying and selling; business,known,90,existing known;clip-pack;LMS 1000,,audio/words/买卖.mp3,audio/meanings/buying-and-selling;-business.mp3,mǎi mài,LMS 1000,Existing Known.txt entry.,0,0,0,0,
再生,rebirth; to regenerate,known,90,existing known;clip-pack;LMS 1000,,audio/words/再生.mp3,audio/meanings/rebirth;-to-regenerate.mp3,zài shēng,LMS 1000,Existing Known.txt entry.,0,0,0,0,
买东西,to buy things; to go shopping,known,90,existing known;clip-pack;LMS 1000,,audio/words/买东西.mp3,audio/meanings/to-buy-things;-to-go-shopping.mp3,mǎi dōng xī,LMS 1000,Existing Known.txt entry.,0,0,0,0,
流,flow; stream,known,90,general conversation;clip-pack;LMS 1000,,audio/words/流.mp3,audio/meanings/flow;-stream.mp3,liú,LMS 1000,Existing Known.txt entry.,0,0,0,0,
工钱,wages; pay,known,91,existing known;clip-pack;LMS 1000,,audio/words/工钱.mp3,audio/meanings/wages;-pay.mp3,gōng qián,LMS 1000,Existing Known.txt entry.,0,0,0,0,
人马,team; troops,known,91,existing known;clip-pack;LMS 1000,,audio/words/人马.mp3,audio/meanings/team;-troops.mp3,rén mǎ,LMS 1000,Existing Known.txt entry.,0,0,0,0,
全,all; whole,known,91,general conversation;clip-pack;LMS 1000,,audio/words/全.mp3,audio/meanings/all;-whole.mp3,quán,LMS 1000,Existing Known.txt entry.,0,0,0,0,
这位,this person; this one,known,91,existing known;clip-pack;LMS 1000,,audio/words/这位.mp3,audio/meanings/this-person;-this-one.mp3,zhè wèi,LMS 1000,Existing Known.txt entry.,0,0,0,0,
节,festival; season,known,91,general conversation;clip-pack;LMS 1000,,audio/words/节.mp3,audio/meanings/festival;-season.mp3,jié,LMS 1000,Existing Known.txt entry.,0,0,0,0,
间,between; room,known,92,general conversation;clip-pack;LMS 1000,,audio/words/间.mp3,audio/meanings/between;-room.mp3,jiān,LMS 1000,Existing Known.txt entry.,0,0,0,0,
不了,unable to; cannot,known,92,existing known;clip-pack;LMS 1000,,audio/words/不了.mp3,audio/meanings/unable-to;-cannot.mp3,bù liǎo,LMS 1000,Existing Known.txt entry.,0,0,0,0,
医,medicine; medical,known,92,existing known;clip-pack;LMS 1000,,audio/words/医.mp3,audio/meanings/medicine;-medical.mp3,yī,LMS 1000,Existing Known.txt entry.,0,0,0,0,
不可以,cannot; not allowed,known,92,existing known;clip-pack;LMS 1000,,audio/words/不可以.mp3,audio/meanings/cannot;-not-allowed.mp3,bù kě yǐ,LMS 1000,Existing Known.txt entry.,0,0,0,0,
管理,to administer,known,92,general conversation;clip-pack;LMS 1000,,audio/words/管理.mp3,audio/meanings/to-administer.mp3,guǎn lǐ,LMS 1000,Existing Known.txt entry.,0,0,0,0,
真神,true god,known,93,existing known;clip-pack;LMS 1000,,audio/words/真神.mp3,audio/meanings/true-god.mp3,zhēn shén,LMS 1000,Existing Known.txt entry.,0,0,0,0,
一说,once said; as soon as it is said,known,93,existing known;clip-pack;LMS 1000,,audio/words/一说.mp3,audio/meanings/once-said;-as-soon-as-it-is-said.mp3,yī shuō,LMS 1000,Existing Known.txt entry.,0,0,0,0,
拔,to pull out; to extract,known,93,existing known;clip-pack;LMS 1000,,audio/words/拔.mp3,audio/meanings/to-pull-out;-to-extract.mp3,bá,LMS 1000,Existing Known.txt entry.,0,0,0,0,
门外,outside the door,known,93,existing known;clip-pack;LMS 1000,,audio/words/门外.mp3,audio/meanings/outside-the-door.mp3,mén wài,LMS 1000,Existing Known.txt entry.,0,0,0,0,
要不是,if it were not for,known,93,existing known;clip-pack;LMS 1000,,audio/words/要不是.mp3,audio/meanings/if-it-were-not-for.mp3,yào bú shì,LMS 1000,Existing Known.txt entry.,0,0,0,0,
离岸,offshore; away from shore,known,94,existing known;clip-pack;LMS 1000,,audio/words/离岸.mp3,audio/meanings/offshore;-away-from-shore.mp3,lí àn,LMS 1000,Existing Known.txt entry.,0,0,0,0,
万,ten thousand,known,94,general conversation;clip-pack;LMS 1000,,audio/words/万.mp3,audio/meanings/ten-thousand.mp3,wàn,LMS 1000,Existing Known.txt entry.,0,0,0,0,
和,harmony; peace,known,94,general conversation;clip-pack;LMS 1000,,audio/words/和.mp3,audio/meanings/harmony;-peace.mp3,hé,LMS 1000,Existing Known.txt entry.,0,0,0,0,
还是,or; still,known,94,narrative glue;clip-pack;LMS 1000,,audio/words/还是.mp3,audio/meanings/or;-still.mp3,hái shì,LMS 1000,Existing Known.txt entry.,0,0,0,0,
就,then; just,known,94,general conversation;clip-pack;LMS 1000,,audio/words/就.mp3,audio/meanings/then;-just.mp3,jiù,LMS 1000,Existing Known.txt entry.,0,0,0,0,
都,all; both,known,95,general conversation;clip-pack;LMS 1000,,audio/words/都.mp3,audio/meanings/all;-both.mp3,dōu,LMS 1000,Existing Known.txt entry.,0,0,0,0,
可是,but; others,known,95,narrative glue;clip-pack;LMS 1000,,audio/words/可是.mp3,audio/meanings/but;-others.mp3,kě shì,LMS 1000,Existing Known.txt entry.,0,0,0,0,
没有,don't have; there isn't,known,95,general conversation;clip-pack;LMS 1000,,audio/words/没有.mp3,audio/meanings/don't-have;-there-isn't.mp3,méi yǒu,LMS 1000,Existing Known.txt entry.,0,0,0,0,
不能,cannot; must not,known,95,general conversation;clip-pack;LMS 1000,,audio/words/不能.mp3,audio/meanings/cannot;-must-not.mp3,bù néng,LMS 1000,Existing Known.txt entry.,0,0,0,0,
时候,time,known,95,narrative glue;clip-pack;LMS 1000,,audio/words/时候.mp3,audio/meanings/time.mp3,shí hòu,LMS 1000,Existing Known.txt entry.,0,0,0,0,
一直,always; all along,known,96,general conversation;clip-pack;LMS 1000,,audio/words/一直.mp3,audio/meanings/always;-all-along.mp3,yì zhí,LMS 1000,Existing Known.txt entry.,0,0,0,0,
总是,always,known,96,general conversation;clip-pack;LMS 1000,,audio/words/总是.mp3,audio/meanings/always.mp3,zǒng shì,LMS 1000,Existing Known.txt entry.,0,0,0,0,
常常,often,known,96,existing known;clip-pack;LMS 1000,,audio/words/常常.mp3,audio/meanings/often.mp3,cháng cháng,LMS 1000,Existing Known.txt entry.,0,0,0,0,
慢慢,slowly; gradually,known,96,general conversation;clip-pack;LMS 1000,,audio/words/慢慢.mp3,audio/meanings/slowly;-gradually.mp3,màn màn,LMS 1000,Existing Known.txt entry.,0,0,0,0,
快,fast; quick,known,96,general conversation;clip-pack;LMS 1000,,audio/words/快.mp3,audio/meanings/fast;-quick.mp3,kuài,LMS 1000,Existing Known.txt entry.,0,0,0,0,
之后,after; afterwards,known,97,narrative glue;clip-pack;LMS 1000,,audio/words/之后.mp3,audio/meanings/after;-afterwards.mp3,zhī hòu,LMS 1000,Existing Known.txt entry.,0,0,0,0,
谁,who,known,97,general conversation;clip-pack;LMS 1000,,audio/words/谁.mp3,audio/meanings/who.mp3,shuí,LMS 1000,Existing Known.txt entry.,0,0,0,0,
哪个,Which one / What one / Which; quéshù is Quantity,known,97,general conversation;clip-pack;LMS 1000,,audio/words/哪个.mp3,audio/meanings/Which-one---What-one---Which;-quéshù-is-Quantity.mp3,nǎ gè,LMS 1000,Existing Known.txt entry.,0,0,0,0,
多少,how much,known,97,general conversation;clip-pack;LMS 1000,,audio/words/多少.mp3,audio/meanings/how-much.mp3,duō shǎo,LMS 1000,Existing Known.txt entry.,0,0,0,0,
几乎,almost; nearly,known,97,general conversation;clip-pack;LMS 1000,,audio/words/几乎.mp3,audio/meanings/almost;-nearly.mp3,jī hū,LMS 1000,Existing Known.txt entry.,0,0,0,0,
不要,don't; do not,known,98,general conversation;clip-pack;LMS 1000,,audio/words/不要.mp3,audio/meanings/don't;-do-not.mp3,bú yào,LMS 1000,Existing Known.txt entry.,0,0,0,0,
不会,will not; cannot,known,98,existing known;clip-pack;LMS 1000,,audio/words/不会.mp3,audio/meanings/will-not;-cannot.mp3,bú huì,LMS 1000,Existing Known.txt entry.,0,0,0,0,
不用,no need; kid,known,98,general conversation;clip-pack;LMS 1000,,audio/words/不用.mp3,audio/meanings/no-need;-kid.mp3,bú yòng,LMS 1000,Existing Known.txt entry.,0,0,0,0,
另外,in addition; besides,known,98,general conversation;clip-pack;LMS 1000,,audio/words/另外.mp3,audio/meanings/in-addition;-besides.mp3,lìng wài,LMS 1000,Existing Known.txt entry.,0,0,0,0,
记得,to remember,known,98,general conversation;clip-pack;LMS 1000,,audio/words/记得.mp3,audio/meanings/to-remember.mp3,jì de,LMS 1000,Existing Known.txt entry.,0,0,0,0,
收,to receive; to collect,known,99,general conversation;clip-pack;LMS 1000,,audio/words/收.mp3,,shōu,LMS 1000,Existing Known.txt entry.,0,0,0,0,
拿,to take,known,99,action/combat/training;clip-pack;LMS 1000,,audio/words/拿.mp3,audio/meanings/to-take.mp3,ná,LMS 1000,Existing Known.txt entry.,0,0,0,0,
相信,to believe,known,99,social/conversation;clip-pack;LMS 1000,,audio/words/相信.mp3,audio/meanings/to-believe.mp3,xiāng xìn,LMS 1000,Existing Known.txt entry.,0,0,0,0,
忘记,to forget,known,99,general conversation;clip-pack;LMS 1000,,audio/words/忘记.mp3,audio/meanings/to-forget.mp3,wàng jì,LMS 1000,Existing Known.txt entry.,0,0,0,0,
决定,to decide; decision,known,99,general conversation;clip-pack;LMS 1000,,audio/words/决定.mp3,audio/meanings/to-decide;-decision.mp3,jué dìng,LMS 1000,Existing Known.txt entry.,0,0,0,0,
接受,to accept,known,100,general conversation;clip-pack;LMS 1000,,audio/words/接受.mp3,audio/meanings/to-accept.mp3,jiē shòu,LMS 1000,Existing Known.txt entry.,0,0,0,0,
麻烦,trouble; troublesome,known,100,general conversation;clip-pack;LMS 1000,,audio/words/麻烦.mp3,audio/meanings/trouble;-troublesome.mp3,má fán,LMS 1000,Existing Known.txt entry.,0,0,0,0,
希望,to hope,known,100,emotion/internal arc;clip-pack;LMS 1000,,audio/words/希望.mp3,audio/meanings/to-hope.mp3,xī wàng,LMS 1000,Existing Known.txt entry.,0,0,0,0,
问题,question; problem,known,100,general conversation;clip-pack;LMS 1000,,audio/words/问题.mp3,audio/meanings/question;-problem.mp3,wèn tí,LMS 1000,Existing Known.txt entry.,0,0,0,0,
悲伤,sad; sorrowful,known,100,emotion/internal arc;clip-pack;LMS 1000,,audio/words/悲伤.mp3,audio/meanings/sad;-sorrowful.mp3,bēi shāng,LMS 1000,Existing Known.txt entry.,0,0,0,0,
开心,happy; joyful,known,101,emotion/internal arc;clip-pack;LMS 1000,,audio/words/开心.mp3,audio/meanings/happy;-joyful.mp3,kāi xīn,LMS 1000,Existing Known.txt entry.,0,0,0,0,
职业,profession; career,known,101,game/progression;clip-pack;LMS 1000,,audio/words/职业.mp3,audio/meanings/profession;-career.mp3,zhí yè,LMS 1000,Existing Known.txt entry.,0,0,0,0,
木头,wood; log,known,101,existing known;clip-pack;LMS 1000,,audio/words/木头.mp3,audio/meanings/wood;-log.mp3,mù tou,LMS 1000,Existing Known.txt entry.,0,0,0,0,
游戏,game,known,101,game/progression;clip-pack;LMS 1000,,audio/words/游戏.mp3,audio/meanings/game.mp3,yóu xì,LMS 1000,Existing Known.txt entry.,0,0,0,0,
电脑,computer,known,101,general conversation;clip-pack;LMS 1000,,audio/words/电脑.mp3,audio/meanings/computer.mp3,diàn nǎo,LMS 1000,Existing Known.txt entry.,0,0,0,0,
城市,city; urban area,known,102,general conversation;clip-pack;LMS 1000,,audio/words/城市.mp3,audio/meanings/city;-urban-area.mp3,chéng shì,LMS 1000,Existing Known.txt entry.,0,0,0,0,
商店,store; shop,known,102,general conversation;clip-pack;LMS 1000,,audio/words/商店.mp3,audio/meanings/store;-shop.mp3,shāng diàn,LMS 1000,Existing Known.txt entry.,0,0,0,0,
生病,to get sick,known,102,existing known;clip-pack;LMS 1000,,audio/words/生病.mp3,audio/meanings/to-get-sick.mp3,shēng bìng,LMS 1000,Existing Known.txt entry.,0,0,0,0,
男人,man; men,known,102,general conversation;clip-pack;LMS 1000,,audio/words/男人.mp3,audio/meanings/man;-men.mp3,nán rén,LMS 1000,Existing Known.txt entry.,0,0,0,0,
女人,woman,known,102,general conversation;clip-pack;LMS 1000,,audio/words/女人.mp3,audio/meanings/woman.mp3,nǚ rén,LMS 1000,Existing Known.txt entry.,0,0,0,0,
大人,adult; grown-up,known,103,general conversation;clip-pack;LMS 1000,,audio/words/大人.mp3,audio/meanings/adult;-grown-up.mp3,dà rén,LMS 1000,Existing Known.txt entry.,0,0,0,0,
老人,old person; elder,known,103,existing known;clip-pack;LMS 1000,,audio/words/老人.mp3,audio/meanings/old-person;-elder.mp3,lǎo rén,LMS 1000,Existing Known.txt entry.,0,0,0,0,
父亲,father,known,103,general conversation;clip-pack;LMS 1000,,audio/words/父亲.mp3,audio/meanings/father.mp3,fù qīn,LMS 1000,Existing Known.txt entry.,0,0,0,0,
母亲,mother,known,103,general conversation;clip-pack;LMS 1000,,audio/words/母亲.mp3,audio/meanings/mother.mp3,mǔ qīn,LMS 1000,Existing Known.txt entry.,0,0,0,0,
奶奶,grandmother,known,103,general conversation;clip-pack;LMS 1000,,audio/words/奶奶.mp3,audio/meanings/grandmother.mp3,nǎi nai,LMS 1000,Existing Known.txt entry.,0,0,0,0,
爷爷,grandfather; elder brother,known,104,general conversation;clip-pack;LMS 1000,,audio/words/爷爷.mp3,audio/meanings/grandfather;-elder-brother.mp3,yé ye,LMS 1000,Existing Known.txt entry.,0,0,0,0,
哥哥,older brother,known,104,general conversation;clip-pack;LMS 1000,,audio/words/哥哥.mp3,audio/meanings/older-brother.mp3,gē ge,LMS 1000,Existing Known.txt entry.,0,0,0,0,
妹妹,younger sister,known,104,general conversation;clip-pack;LMS 1000,,audio/words/妹妹.mp3,audio/meanings/younger-sister.mp3,mèi mei,LMS 1000,Existing Known.txt entry.,0,0,0,0,
姐姐,older sister,known,104,general conversation;clip-pack;LMS 1000,,audio/words/姐姐.mp3,audio/meanings/older-sister.mp3,jiě jie,LMS 1000,Existing Known.txt entry.,0,0,0,0,
同学,classmate; schoolmate,known,104,general conversation;clip-pack;LMS 1000,,audio/words/同学.mp3,audio/meanings/classmate;-schoolmate.mp3,tóng xué,LMS 1000,Existing Known.txt entry.,0,0,0,0,
医生,doctor,known,105,general conversation;clip-pack;LMS 1000,,audio/words/医生.mp3,audio/meanings/doctor.mp3,yī shēng,LMS 1000,Existing Known.txt entry.,0,0,0,0,
教官,instructor,known,105,existing known;clip-pack;LMS 1000,,audio/words/教官.mp3,audio/meanings/instructor.mp3,jiào guān,LMS 1000,Existing Known.txt entry.,0,0,0,0,
特别,special; especially,known,105,general conversation;clip-pack;LMS 1000,,audio/words/特别.mp3,audio/meanings/special;-especially.mp3,tè bié,LMS 1000,Existing Known.txt entry.,0,0,0,0,
安静,calm; quiet,known,105,general conversation;clip-pack;LMS 1000,,audio/words/安静.mp3,audio/meanings/calm;-quiet.mp3,ān jìng,LMS 1000,Existing Known.txt entry.,0,0,0,0,
便宜,cheap; inexpensive,known,105,existing known;clip-pack;LMS 1000,,audio/words/便宜.mp3,audio/meanings/cheap;-inexpensive.mp3,pián yi,LMS 1000,Existing Known.txt entry.,0,0,0,0,
干,to do; dry,known,106,general conversation;clip-pack;LMS 1000,,audio/words/干.mp3,,gàn,LMS 1000,Existing Known.txt entry.,0,0,0,0,
下午,afternoon,known,106,general conversation;clip-pack;LMS 1000,,audio/words/下午.mp3,audio/meanings/afternoon.mp3,xià wǔ,LMS 1000,Existing Known.txt entry.,0,0,0,0,
低,low; modest,known,106,general conversation;clip-pack;LMS 1000,,audio/words/低.mp3,audio/meanings/low;-modest.mp3,dī,LMS 1000,Existing Known.txt entry.,0,0,0,0,
近,close; near,known,106,general conversation;clip-pack;LMS 1000,,audio/words/近.mp3,audio/meanings/close;-near.mp3,jìn,LMS 1000,Existing Known.txt entry.,0,0,0,0,
一块,one piece; together,known,106,existing known;clip-pack;LMS 1000,,audio/words/一块.mp3,audio/meanings/one-piece;-together.mp3,yí kuài,LMS 1000,Existing Known.txt entry.,0,0,0,0,
一眼,one glance,known,107,existing known;clip-pack;LMS 1000,,audio/words/一眼.mp3,audio/meanings/one-glance.mp3,yì yǎn,LMS 1000,Existing Known.txt entry.,0,0,0,0,
一种,one kind; a kind of,known,107,existing known;clip-pack;LMS 1000,,audio/words/一种.mp3,audio/meanings/one-kind;-a-kind-of.mp3,yì zhǒng,LMS 1000,Existing Known.txt entry.,0,0,0,0,
上帝,God,known,107,general conversation;clip-pack;LMS 1000,,audio/words/上帝.mp3,audio/meanings/God.mp3,shàng dì,LMS 1000,Existing Known.txt entry.,0,0,0,0,
与,and; with,known,107,general conversation;clip-pack;LMS 1000,,audio/words/与.mp3,audio/meanings/and;-with.mp3,yǔ,LMS 1000,Existing Known.txt entry.,0,0,0,0,
久,long,known,107,general conversation;clip-pack;LMS 1000,,audio/words/久.mp3,audio/meanings/long.mp3,jiǔ,LMS 1000,Existing Known.txt entry.,0,0,0,0,
人会,people can; people will,known,108,existing known;clip-pack;LMS 1000,,audio/words/人会.mp3,audio/meanings/people-can;-people-will.mp3,rén huì,LMS 1000,Existing Known.txt entry.,0,0,0,0,
他们,they; them,known,108,general conversation;clip-pack;LMS 1000,,audio/words/他们.mp3,audio/meanings/they;-them.mp3,tā men,LMS 1000,Existing Known.txt entry.,0,0,0,0,
价格,price,known,108,LMS domain;clip-pack;LMS 1000,,audio/words/价格.mp3,audio/meanings/price.mp3,jià gé,LMS 1000,Existing Known.txt entry.,0,0,0,0,2026-05-14T13:41:55.630Z
作品,work; piece,known,108,LMS domain;clip-pack;LMS 1000,,audio/words/作品.mp3,audio/meanings/work;-piece.mp3,zuò pǐn,LMS 1000,Existing Known.txt entry.,0,0,0,0,2026-05-14T13:42:07.393Z
几个,several; a few,known,108,existing known;clip-pack;LMS 1000,,audio/words/几个.mp3,audio/meanings/several;-a-few.mp3,jǐ gè,LMS 1000,Existing Known.txt entry.,0,0,0,0,
出,to go out,known,109,general conversation;clip-pack;LMS 1000,,audio/words/出.mp3,audio/meanings/to-go-out.mp3,chū,LMS 1000,Existing Known.txt entry.,0,0,0,0,
别人,someone else; another person,known,109,general conversation;clip-pack;LMS 1000,,audio/words/别人.mp3,audio/meanings/someone-else;-another-person.mp3,bié rén,LMS 1000,Existing Known.txt entry.,0,0,0,0,
前,front; before,known,109,narrative glue;clip-pack;LMS 1000,,audio/words/前.mp3,audio/meanings/front;-before.mp3,qián,LMS 1000,Existing Known.txt entry.,0,0,0,0,
动作,movement; action,known,109,Concrete story noun;clip-pack;LMS 1000,,audio/words/动作.mp3,audio/meanings/movement;-action.mp3,dòng zuò,LMS 1000,Existing Known.txt entry.,0,0,0,0,2026-05-14T13:43:56.637Z
北京,Beijing,known,109,existing known;clip-pack;LMS 1000,,audio/words/北京.mp3,audio/meanings/Beijing.mp3,běi jīng,LMS 1000,Existing Known.txt entry.,0,0,0,0,
吟游,bard; minstrel,known,110,existing known;clip-pack;LMS 1000,,audio/words/吟游.mp3,audio/meanings/bard;-minstrel.mp3,yín yóu,LMS 1000,Existing Known.txt entry.,0,0,0,0,
听见,hear; listen to,known,110,general conversation;clip-pack;LMS 1000,,audio/words/听见.mp3,audio/meanings/hear;-listen-to.mp3,tīng jiàn,LMS 1000,Existing Known.txt entry.,0,0,0,0,
哪,which; where,known,110,general conversation;clip-pack;LMS 1000,,audio/words/哪.mp3,audio/meanings/which;-where.mp3,nǎ,LMS 1000,Existing Known.txt entry.,0,0,0,0,
外语,foreign language,known,110,existing known;clip-pack;LMS 1000,,audio/words/外语.mp3,audio/meanings/foreign-language.mp3,wài yǔ,LMS 1000,Existing Known.txt entry.,0,0,0,0,
大声,loud; loudly,known,110,existing known;clip-pack;LMS 1000,,audio/words/大声.mp3,audio/meanings/loud;-loudly.mp3,dà shēng,LMS 1000,Existing Known.txt entry.,0,0,0,0,
完,to finish,known,111,action/combat/training;clip-pack;LMS 1000,,audio/words/完.mp3,audio/meanings/to-finish.mp3,wán,LMS 1000,Existing Known.txt entry.,0,0,0,0,
完成,to complete,known,111,Action verb;clip-pack;LMS 1000,,audio/words/完成.mp3,audio/meanings/to-complete.mp3,wán chéng,LMS 1000,Existing Known.txt entry.,0,0,0,0,2026-05-14T13:39:06.574Z
客人,customer; guest,known,111,LMS domain;clip-pack;LMS 1000,,audio/words/客人.mp3,audio/meanings/customer;-guest.mp3,kè rén,LMS 1000,Existing Known.txt entry.,0,0,0,0,2026-05-14T13:41:58.570Z
尼哥,Nige; a name,known,111,existing known;clip-pack;LMS 1000,,audio/words/尼哥.mp3,audio/meanings/Nige;-a-name.mp3,ní gē,LMS 1000,Existing Known.txt entry.,0,0,0,0,
帮忙,to help,known,111,social/conversation;clip-pack;LMS 1000,,audio/words/帮忙.mp3,audio/meanings/to-help.mp3,bāng máng,LMS 1000,Existing Known.txt entry.,0,0,0,0,
常,often; frequently,known,112,general conversation;clip-pack;LMS 1000,,audio/words/常.mp3,audio/meanings/often;-frequently.mp3,cháng,LMS 1000,Existing Known.txt entry.,0,0,0,0,
底母,Dimu; a name,known,112,existing known;clip-pack;LMS 1000,,audio/words/底母.mp3,audio/meanings/Dimu;-a-name.mp3,dǐ mǔ,LMS 1000,Existing Known.txt entry.,0,0,0,0,
心里,in one's heart,known,112,general conversation;clip-pack;LMS 1000,,audio/words/心里.mp3,audio/meanings/in-one's-heart.mp3,xīn lǐ,LMS 1000,Existing Known.txt entry.,0,0,0,0,
怎么样,it; what about,known,112,general conversation;clip-pack;LMS 1000,,audio/words/怎么样.mp3,audio/meanings/it;-what-about.mp3,zěn me yàng,LMS 1000,Existing Known.txt entry.,0,0,0,0,
慢慢地,slowly,known,112,existing known;clip-pack;LMS 1000,,audio/words/慢慢地.mp3,audio/meanings/slowly.mp3,màn màn de,LMS 1000,Existing Known.txt entry.,0,0,0,0,
才,only then,known,113,Bridge / grammar;clip-pack;LMS 1000,,audio/words/才.mp3,audio/meanings/only-then.mp3,cái,LMS 1000,Existing Known.txt entry.,0,0,0,0,2026-05-14T13:29:47.070Z
打篮球,to play basketball,known,113,existing known;clip-pack;LMS 1000,,audio/words/打篮球.mp3,audio/meanings/to-play-basketball.mp3,dǎ lán qiú,LMS 1000,Existing Known.txt entry.,0,0,0,0,
放,to put down,known,113,Action verb;clip-pack;LMS 1000,,audio/words/放.mp3,audio/meanings/to-put-down.mp3,fàng,LMS 1000,Existing Known.txt entry.,0,0,0,0,2026-05-14T13:38:42.414Z
放在,to put in; to put on,known,113,general conversation;clip-pack;LMS 1000,,audio/words/放在.mp3,,fàng zài,LMS 1000,Existing Known.txt entry.,0,0,0,0,
早,early; morning,known,113,general conversation;clip-pack;LMS 1000,,audio/words/早.mp3,audio/meanings/early;-morning.mp3,zǎo,LMS 1000,Existing Known.txt entry.,0,0,0,0,
有人,someone; somebody,known,114,general conversation;clip-pack;LMS 1000,,audio/words/有人.mp3,audio/meanings/someone;-somebody.mp3,yǒu rén,LMS 1000,Existing Known.txt entry.,0,0,0,0,
杂草,Weed,known,114,Fixed LMS term;clip-pack;LMS 1000,,audio/words/杂草.mp3,audio/meanings/Weed.mp3,zá cǎo,LMS 1000,Existing Known.txt entry.,0,0,0,0,2026-05-14T13:46:39.486Z
生,to be born,known,114,general conversation;clip-pack;LMS 1000,,audio/words/生.mp3,audio/meanings/to-be-born.mp3,shēng,LMS 1000,Existing Known.txt entry.,0,0,0,0,
真对不起,really sorry,known,114,existing known;clip-pack;LMS 1000,,audio/words/真对不起.mp3,audio/meanings/really-sorry.mp3,zhēn duì bù qǐ,LMS 1000,Existing Known.txt entry.,0,0,0,0,
眼,eye; to meet,known,114,general conversation;clip-pack;LMS 1000,,audio/words/眼.mp3,audio/meanings/eye;-to-meet.mp3,yǎn,LMS 1000,Existing Known.txt entry.,0,0,0,0,
笑脸,smiling face,known,115,Concrete story noun;clip-pack;LMS 1000,,audio/words/笑脸.mp3,audio/meanings/smiling-face.mp3,xiào liǎn,LMS 1000,Existing Known.txt entry.,0,0,0,0,2026-05-14T13:45:29.835Z
第一,first; number one,known,115,general conversation;clip-pack;LMS 1000,,audio/words/第一.mp3,audio/meanings/first;-number-one.mp3,dì yī,LMS 1000,Existing Known.txt entry.,0,0,0,0,
第一课,first lesson,known,115,existing known;clip-pack;LMS 1000,,audio/words/第一课.mp3,audio/meanings/first-lesson.mp3,dì yī kè,LMS 1000,Existing Known.txt entry.,0,0,0,0,
认真,serious,new,115,Description / adverb;clip-pack;LMS 1000,,audio/words/认真.mp3,audio/meanings/serious.mp3,rèn zhēn,LMS 1000,Existing Known.txt entry.,0,0,0,0,
诗人,poet,known,115,existing known;clip-pack;LMS 1000,,audio/words/诗人.mp3,audio/meanings/poet.mp3,shī rén,LMS 1000,Existing Known.txt entry.,0,0,0,0,
说,to say,known,116,social/conversation;clip-pack;LMS 1000,,audio/words/说.mp3,audio/meanings/to-say.mp3,shuō,LMS 1000,Existing Known.txt entry.,0,0,0,0,
请问,ask; inquire,known,116,social/conversation;clip-pack;LMS 1000,,audio/words/请问.mp3,audio/meanings/ask;-inquire.mp3,qǐng wèn,LMS 1000,Existing Known.txt entry.,0,0,0,0,
课,lesson; course,known,116,general conversation;clip-pack;LMS 1000,,audio/words/课.mp3,audio/meanings/lesson;-course.mp3,kè,LMS 1000,Existing Known.txt entry.,0,0,0,0,
过来,to come over,known,116,general conversation;clip-pack;LMS 1000,,audio/words/过来.mp3,audio/meanings/to-come-over.mp3,guò lái,LMS 1000,Existing Known.txt entry.,0,0,0,0,
这个,this,known,116,general conversation;clip-pack;LMS 1000,,audio/words/这个.mp3,audio/meanings/this.mp3,zhè ge,LMS 1000,Existing Known.txt entry.,0,0,0,0,
这家,this shop; this family,known,117,existing known;clip-pack;LMS 1000,,audio/words/这家.mp3,audio/meanings/this-shop;-this-family.mp3,zhè jiā,LMS 1000,Existing Known.txt entry.,0,0,0,0,
这时候,at this time,known,117,existing known;clip-pack;LMS 1000,,audio/words/这时候.mp3,audio/meanings/at-this-time.mp3,zhè shí hòu,LMS 1000,Existing Known.txt entry.,0,0,0,0,
这种,this kind of,known,117,general conversation;clip-pack;LMS 1000,,audio/words/这种.mp3,audio/meanings/this-kind-of.mp3,zhè zhǒng,LMS 1000,Existing Known.txt entry.,0,0,0,0,
那个,that one; that thing,known,117,general conversation;clip-pack;LMS 1000,,audio/words/那个.mp3,,nà ge,LMS 1000,Existing Known.txt entry.,0,0,0,0,
那么,like that; in that way,known,117,narrative glue;clip-pack;LMS 1000,,audio/words/那么.mp3,,nà me,LMS 1000,Existing Known.txt entry.,0,0,0,0,
那天,that day,known,118,general conversation;clip-pack;LMS 1000,,audio/words/那天.mp3,audio/meanings/that-day.mp3,nà tiān,LMS 1000,Existing Known.txt entry.,0,0,0,0,
重要,important,known,118,general conversation;clip-pack;LMS 1000,,audio/words/重要.mp3,audio/meanings/important.mp3,zhòng yào,LMS 1000,Existing Known.txt entry.,0,0,0,0,
钱,money,known,118,money/business/shop;clip-pack;LMS 1000,,audio/words/钱.mp3,audio/meanings/money.mp3,qián,LMS 1000,Existing Known.txt entry.,0,0,0,0,
银行,bank; money store,known,118,money/business/shop;clip-pack;LMS 1000,,audio/words/银行.mp3,audio/meanings/bank;-money-store.mp3,yín háng,LMS 1000,Existing Known.txt entry.,0,0,0,0,
难,difficult; hard,known,118,general conversation;clip-pack;LMS 1000,,audio/words/难.mp3,audio/meanings/difficult;-hard.mp3,nán,LMS 1000,Existing Known.txt entry.,0,0,0,0,
难过,sad,familiar,119,Emotion / inner life;clip-pack;LMS 1000,,audio/words/难过.mp3,audio/meanings/sad.mp3,nán guò,LMS 1000,Existing Known.txt entry.,0,0,0,0,2026-05-14T13:41:21.123Z
其实,actually,familiar,119,Bridge / grammar;clip-pack;LMS 1000,,audio/words/其实.mp3,audio/meanings/actually.mp3,qí shí,LMS 1000,Existing Known.txt entry.,0,0,0,0,2026-05-14T13:29:55.533Z
立刻,at once,known,119,Bridge / grammar;clip-pack;LMS 1000,,audio/words/立刻.mp3,audio/meanings/at-once.mp3,lì kè,LMS 1000,Existing Known.txt entry.,0,0,0,0,2026-05-14T13:29:52.740Z
突然,sudden; abrupt,known,119,Bridge / grammar;clip-pack;LMS 1000,,audio/words/突然.mp3,,tū rán,LMS 1000,Existing Known.txt entry.,0,0,0,0,2026-05-14T13:29:57.967Z
刚刚,just now,known,119,Bridge / grammar;clip-pack;LMS 1000,,audio/words/刚刚.mp3,audio/meanings/just-now.mp3,gāng gāng,LMS 1000,Existing Known.txt entry.,0,0,0,0,2026-05-14T13:29:49.585Z
原来,it turns out,familiar,120,Bridge / grammar;clip-pack;LMS 1000,,audio/words/原来.mp3,audio/meanings/it-turns-out.mp3,yuán lái,LMS 1000,Existing Known.txt entry.,0,0,0,0,2026-05-14T13:34:21.299Z
之前,before,familiar,120,Bridge / grammar;clip-pack;LMS 1000,,audio/words/之前.mp3,audio/meanings/before.mp3,zhī qián,LMS 1000,Existing Known.txt entry.,0,0,0,0,2026-05-14T13:34:26.724Z
所有,all of,known,120,Bridge / grammar;clip-pack;LMS 1000,,audio/words/所有.mp3,audio/meanings/all-of.mp3,suǒ yǒu,LMS 1000,Existing Known.txt entry.,0,0,0,0,2026-05-14T13:34:16.135Z
任何,any,familiar,120,Bridge / grammar;clip-pack;LMS 1000,,audio/words/任何.mp3,audio/meanings/any.mp3,rèn hé,LMS 1000,Existing Known.txt entry.,0,0,0,0,2026-05-14T13:34:12.385Z
因此,thus; consequently,familiar,120,Bridge / grammar;clip-pack;LMS 1000,,audio/words/因此.mp3,,yīn cǐ,LMS 1000,Existing Known.txt entry.,0,0,0,0,2026-05-14T13:34:18.257Z
虽然,although,known,121,Bridge / grammar;clip-pack;LMS 1000,,audio/words/虽然.mp3,audio/meanings/although.mp3,suī rán,LMS 1000,Existing Known.txt entry.,0,0,0,0,2026-05-14T13:34:37.232Z
而且,and also; moreover,known,121,Bridge / grammar;clip-pack;LMS 1000,,audio/words/而且.mp3,audio/meanings/and-also;-moreover.mp3,ér qiě,LMS 1000,Existing Known.txt entry.,0,0,0,0,2026-05-14T13:34:33.161Z
于是,thereupon; as a result,new,121,Bridge / grammar;clip-pack;LMS 1000,,audio/words/于是.mp3,,yú shì,LMS 1000,Existing Known.txt entry.,0,0,0,0,
被,passive marker,familiar,121,Bridge / grammar;clip-pack;LMS 1000,,audio/words/被.mp3,audio/meanings/passive-marker.mp3,bèi,LMS 1000,Existing Known.txt entry.,0,0,0,0,2026-05-14T13:34:30.781Z
通过,through; by means of,new,121,Bridge / grammar;clip-pack;LMS 1000,,audio/words/通过.mp3,audio/meanings/through;-by-means-of.mp3,tōng guò,LMS 1000,Existing Known.txt entry.,0,0,0,0,
按照,according to,familiar,122,Bridge / grammar;clip-pack;LMS 1000,,audio/words/按照.mp3,audio/meanings/according-to.mp3,àn zhào,LMS 1000,Existing Known.txt entry.,0,0,0,0,2026-05-14T13:34:52.176Z
直到,until,known,122,Bridge / grammar;clip-pack;LMS 1000,,audio/words/直到.mp3,audio/meanings/until.mp3,zhí dào,LMS 1000,Existing Known.txt entry.,0,0,0,0,2026-05-14T13:35:02.888Z
除了,apart from; besides,new,122,Bridge / grammar;clip-pack;LMS 1000,,audio/words/除了.mp3,,chú le,LMS 1000,Existing Known.txt entry.,0,0,0,0,
即使,even if,new,122,Bridge / grammar;clip-pack;LMS 1000,,audio/words/即使.mp3,audio/meanings/even-if.mp3,jí shǐ,LMS 1000,Existing Known.txt entry.,0,0,0,0,
曾经,once previously,familiar,122,Bridge / grammar;clip-pack;LMS 1000,,audio/words/曾经.mp3,audio/meanings/once-previously.mp3,céng jīng,LMS 1000,Existing Known.txt entry.,0,0,0,0,2026-05-14T13:34:56.066Z
仍然,still,new,123,Bridge / grammar;clip-pack;LMS 1000,,audio/words/仍然.mp3,audio/meanings/still.mp3,réng rán,LMS 1000,Existing Known.txt entry.,0,0,0,0,
一切,everything,known,123,Bridge / grammar;clip-pack;LMS 1000,,audio/words/一切.mp3,audio/meanings/everything.mp3,yí qiè,LMS 1000,Existing Known.txt entry.,0,0,0,0,2026-05-14T13:35:27.577Z
同时,at the same time,known,123,Bridge / grammar;clip-pack;LMS 1000,,audio/words/同时.mp3,audio/meanings/at-the-same-time.mp3,tóng shí,LMS 1000,Existing Known.txt entry.,0,0,0,0,2026-05-14T13:35:25.547Z
照顾,to take care of,familiar,123,Action verb;clip-pack;LMS 1000,,audio/words/照顾.mp3,audio/meanings/to-take-care-of.mp3,zhào gù,LMS 1000,Existing Known.txt entry.,0,0,0,0,2026-05-14T13:35:29.717Z
愣,to freeze for a moment,new,123,Action verb;clip-pack;LMS 1000,,audio/words/愣.mp3,audio/meanings/to-freeze-for-a-moment.mp3,lèng,LMS 1000,Existing Known.txt entry.,0,0,0,0,
松一口气,to feel relieved,new,124,Action verb;clip-pack;LMS 1000,,audio/words/松一口气.mp3,audio/meanings/to-feel-relieved.mp3,sōng yì kǒu qì,LMS 1000,Existing Known.txt entry.,0,0,0,0,
擦伤,scrape; abrasion,familiar,124,Action verb;clip-pack;LMS 1000,,audio/words/擦伤.mp3,audio/meanings/scrape;-abrasion.mp3,cā shāng,LMS 1000,Existing Known.txt entry.,0,0,0,0,2026-05-14T13:35:35.283Z
逞强,to act tough,new,124,Action verb;clip-pack;LMS 1000,,audio/words/逞强.mp3,audio/meanings/to-act-tough.mp3,chěng qiáng,LMS 1000,Existing Known.txt entry.,0,0,0,0,
包扎,to bandage,known,124,Action verb;clip-pack;LMS 1000,,audio/words/包扎.mp3,audio/meanings/to-bandage.mp3,bāo zā,LMS 1000,Existing Known.txt entry.,0,0,0,0,2026-05-14T13:19:53.622Z
重复,to repeat,new,124,Action verb;clip-pack;LMS 1000,,audio/words/重复.mp3,audio/meanings/to-repeat.mp3,chóng fù,LMS 1000,Existing Known.txt entry.,0,0,0,0,
提醒,to remind,new,125,Action verb;clip-pack;LMS 1000,,audio/words/提醒.mp3,audio/meanings/to-remind.mp3,tí xǐng,LMS 1000,Existing Known.txt entry.,0,0,0,0,
开口,to speak up,known,125,Action verb;clip-pack;LMS 1000,,audio/words/开口.mp3,audio/meanings/to-speak-up.mp3,kāi kǒu,LMS 1000,Existing Known.txt entry.,0,0,0,0,2026-05-14T13:35:57.532Z
浪费,to waste,familiar,125,Action verb;clip-pack;LMS 1000,,audio/words/浪费.mp3,audio/meanings/to-waste.mp3,làng fèi,LMS 1000,Existing Known.txt entry.,0,0,0,0,2026-05-14T13:36:00.053Z
提到,to mention,familiar,125,Action verb;clip-pack;LMS 1000,,audio/words/提到.mp3,audio/meanings/to-mention.mp3,tí dào,LMS 1000,Existing Known.txt entry.,0,0,0,0,2026-05-14T13:36:03.974Z
记下,to write down; to note down,known,125,Action verb;clip-pack;LMS 1000,,audio/words/记下.mp3,,jì xià,LMS 1000,Existing Known.txt entry.,0,0,0,0,2026-05-14T13:35:53.361Z
选择,to choose,familiar,126,Action verb;clip-pack;LMS 1000,,audio/words/选择.mp3,audio/meanings/to-choose.mp3,xuǎn zé,LMS 1000,Existing Known.txt entry.,0,0,0,0,2026-05-14T13:36:41.349Z
珍惜,to treasure,new,126,Action verb;clip-pack;LMS 1000,,audio/words/珍惜.mp3,audio/meanings/to-treasure.mp3,zhēn xī,LMS 1000,Existing Known.txt entry.,0,0,0,0,
重新,again; from the start,familiar,126,Action verb;clip-pack;LMS 1000,,audio/words/重新.mp3,audio/meanings/again;-from-the-start.mp3,chóng xīn,LMS 1000,Existing Known.txt entry.,0,0,0,0,2026-05-14T13:36:50.156Z
取笑,to mock,familiar,126,Action verb;clip-pack;LMS 1000,,audio/words/取笑.mp3,audio/meanings/to-mock.mp3,qǔ xiào,LMS 1000,Existing Known.txt entry.,0,0,0,0,2026-05-14T13:36:37.539Z
降,to lower,familiar,126,Action verb;clip-pack;LMS 1000,,audio/words/降.mp3,audio/meanings/to-lower.mp3,jiàng,LMS 1000,Existing Known.txt entry.,0,0,0,0,2026-05-14T13:36:25.315Z
摆着,placed; arranged,familiar,127,Action verb;clip-pack;LMS 1000,,audio/words/摆着.mp3,,bǎi zhe,LMS 1000,Existing Known.txt entry.,0,0,0,0,2026-05-14T13:36:52.929Z
开玩笑,to joke,familiar,127,Action verb;clip-pack;LMS 1000,,audio/words/开玩笑.mp3,audio/meanings/to-joke.mp3,kāi wán xiào,LMS 1000,Existing Known.txt entry.,0,0,0,0,2026-05-14T13:37:12.734Z
解释,to explain,new,127,Action verb;clip-pack;LMS 1000,,audio/words/解释.mp3,audio/meanings/to-explain.mp3,jiě shì,LMS 1000,Existing Known.txt entry.,0,0,0,0,
观察,to observe,familiar,127,Action verb;clip-pack;LMS 1000,,audio/words/观察.mp3,audio/meanings/to-observe.mp3,guān chá,LMS 1000,Existing Known.txt entry.,0,0,0,0,2026-05-14T13:36:57.850Z
回头,to come back,known,127,Action verb;clip-pack;LMS 1000,,audio/words/回头.mp3,audio/meanings/to-come-back.mp3,huí tóu,LMS 1000,Existing Known.txt entry.,0,0,0,0,2026-05-14T13:37:00.668Z
信,to trust,known,128,Action verb;clip-pack;LMS 1000,,audio/words/信.mp3,audio/meanings/to-trust.mp3,xìn,LMS 1000,Existing Known.txt entry.,0,0,0,0,2026-05-14T13:37:23.256Z
照样,all the same; as before,new,128,Action verb;clip-pack;LMS 1000,,audio/words/照样.mp3,audio/meanings/all-the-same;-as-before.mp3,zhào yàng,LMS 1000,Existing Known.txt entry.,0,0,0,0,
发抖,to shake,new,128,Action verb;clip-pack;LMS 1000,,audio/words/发抖.mp3,audio/meanings/to-shake.mp3,fā dǒu,LMS 1000,Existing Known.txt entry.,0,0,0,0,
撑,to push through; to force oneself on,new,128,Action verb;clip-pack;LMS 1000,,audio/words/撑.mp3,audio/meanings/to-push-through;-to-force-oneself-on.mp3,chēng,LMS 1000,Existing Known.txt entry.,0,0,0,0,
停住,to stop in place,known,128,Action verb;clip-pack;LMS 1000,,audio/words/停住.mp3,audio/meanings/to-stop-in-place.mp3,tíng zhù,LMS 1000,Existing Known.txt entry.,0,0,0,0,2026-05-14T13:37:20.758Z
舍得,to be willing to part with,new,129,Action verb;clip-pack;LMS 1000,,audio/words/舍得.mp3,audio/meanings/to-be-willing-to-part-with.mp3,shě de,LMS 1000,Existing Known.txt entry.,0,0,0,0,
碰,to touch,familiar,129,Action verb;clip-pack;LMS 1000,,audio/words/碰.mp3,audio/meanings/to-touch.mp3,pèng,LMS 1000,Existing Known.txt entry.,0,0,0,0,2026-05-14T13:37:31.214Z
随手,conveniently; without extra trouble,new,129,Action verb;clip-pack;LMS 1000,,audio/words/随手.mp3,,suí shǒu,LMS 1000,Existing Known.txt entry.,0,0,0,0,
评价,to judge; evaluation,familiar,129,Action verb;clip-pack;LMS 1000,,audio/words/评价.mp3,audio/meanings/to-judge;-evaluation.mp3,píng jià,LMS 1000,Existing Known.txt entry.,0,0,0,0,2026-05-14T13:37:34.887Z
刺,to sting,new,129,Action verb;clip-pack;LMS 1000,,audio/words/刺.mp3,audio/meanings/to-sting.mp3,cì,LMS 1000,Existing Known.txt entry.,0,0,0,0,
着急,anxious,familiar,130,Action verb;clip-pack;LMS 1000,,audio/words/着急.mp3,audio/meanings/anxious.mp3,zháo jí,LMS 1000,Existing Known.txt entry.,0,0,0,0,2026-05-14T13:38:37.446Z
提前,in advance,new,130,Action verb;clip-pack;LMS 1000,,audio/words/提前.mp3,audio/meanings/in-advance.mp3,tí qián,LMS 1000,Existing Known.txt entry.,0,0,0,0,
留,to leave behind,new,130,Action verb;clip-pack;LMS 1000,,audio/words/留.mp3,audio/meanings/to-leave-behind.mp3,liú,LMS 1000,Existing Known.txt entry.,0,0,0,0,
负责,to take responsibility,new,130,Action verb;clip-pack;LMS 1000,,audio/words/负责.mp3,audio/meanings/to-take-responsibility.mp3,fù zé,LMS 1000,Existing Known.txt entry.,0,0,0,0,
认,to acknowledge,familiar,130,Action verb;clip-pack;LMS 1000,,audio/words/认.mp3,audio/meanings/to-acknowledge.mp3,rèn,LMS 1000,Existing Known.txt entry.,0,0,0,0,2026-05-14T13:38:10.273Z
传开,to spread around,new,131,Action verb;clip-pack;LMS 1000,,audio/words/传开.mp3,audio/meanings/to-spread-around.mp3,chuán kāi,LMS 1000,Existing Known.txt entry.,0,0,0,0,
练习,to practice,familiar,131,Action verb;clip-pack;LMS 1000,,audio/words/练习.mp3,audio/meanings/to-practice.mp3,liàn xí,LMS 1000,Existing Known.txt entry.,0,0,0,0,2026-05-14T13:38:49.954Z
进入,to enter,known,131,Action verb;clip-pack;LMS 1000,,audio/words/进入.mp3,audio/meanings/to-enter.mp3,jìn rù,LMS 1000,Existing Known.txt entry.,0,0,0,0,2026-05-14T13:38:47.959Z
关上,to close,known,131,Action verb;clip-pack;LMS 1000,,audio/words/关上.mp3,audio/meanings/to-close.mp3,guān shàng,LMS 1000,Existing Known.txt entry.,0,0,0,0,2026-05-14T13:38:45.885Z
保护,to protect,familiar,131,Action verb;clip-pack;LMS 1000,,audio/words/保护.mp3,audio/meanings/to-protect.mp3,bǎo hù,LMS 1000,Existing Known.txt entry.,0,0,0,0,2026-05-14T13:38:52.737Z
拒绝,to refuse,new,132,Action verb;clip-pack;LMS 1000,,audio/words/拒绝.mp3,audio/meanings/to-refuse.mp3,jù jué,LMS 1000,Existing Known.txt entry.,0,0,0,0,
结束,to end,new,132,Action verb;clip-pack;LMS 1000,,audio/words/结束.mp3,audio/meanings/to-end.mp3,jié shù,LMS 1000,Existing Known.txt entry.,0,0,0,0,
等待,to wait,familiar,132,Action verb;clip-pack;LMS 1000,,audio/words/等待.mp3,audio/meanings/to-wait.mp3,děng dài,LMS 1000,Existing Known.txt entry.,0,0,0,0,2026-05-14T13:38:55.973Z
继续,to continue,familiar,132,Action verb;clip-pack;LMS 1000,,audio/words/继续.mp3,audio/meanings/to-continue.mp3,jì xù,LMS 1000,Existing Known.txt entry.,0,0,0,0,2026-05-14T13:39:19.261Z
舍不得,reluctant to part with,new,132,Emotion / inner life;clip-pack;LMS 1000,,audio/words/舍不得.mp3,,shě bu de,LMS 1000,Existing Known.txt entry.,0,0,0,0,
运气,luck,familiar,133,Emotion / inner life;clip-pack;LMS 1000,,audio/words/运气.mp3,audio/meanings/luck.mp3,yùn qì,LMS 1000,Existing Known.txt entry.,0,0,0,0,2026-05-14T13:39:22.193Z
稳,steady,familiar,133,Emotion / inner life;clip-pack;LMS 1000,,audio/words/稳.mp3,audio/meanings/steady.mp3,wěn,LMS 1000,Existing Known.txt entry.,0,0,0,0,2026-05-14T13:39:17.597Z
合适,suitable,new,133,Emotion / inner life;clip-pack;LMS 1000,,audio/words/合适.mp3,audio/meanings/suitable.mp3,hé shì,LMS 1000,Existing Known.txt entry.,0,0,0,0,
清楚,clear,familiar,133,Emotion / inner life;clip-pack;LMS 1000,,audio/words/清楚.mp3,audio/meanings/clear.mp3,qīng chǔ,LMS 1000,Existing Known.txt entry.,0,0,0,0,2026-05-14T13:39:35.471Z
耐心,patience,new,133,Emotion / inner life;clip-pack;LMS 1000,,audio/words/耐心.mp3,audio/meanings/patience.mp3,nài xīn,LMS 1000,Existing Known.txt entry.,0,0,0,0,
长远,long-term,familiar,134,Emotion / inner life;clip-pack;LMS 1000,,audio/words/长远.mp3,audio/meanings/long-term.mp3,cháng yuǎn,LMS 1000,Existing Known.txt entry.,0,0,0,0,2026-05-14T13:39:45.454Z
笑话,joke; laughingstock,known,134,Emotion / inner life;clip-pack;LMS 1000,,audio/words/笑话.mp3,audio/meanings/joke;-laughingstock.mp3,xiào huà,LMS 1000,Existing Known.txt entry.,0,0,0,0,2026-05-14T13:39:40.657Z
满意,satisfied,known,134,Emotion / inner life;clip-pack;LMS 1000,,audio/words/满意.mp3,audio/meanings/satisfied.mp3,mǎn yì,LMS 1000,Existing Known.txt entry.,0,0,0,0,2026-05-14T13:39:31.767Z
值得,worth it,new,134,Emotion / inner life;clip-pack;LMS 1000,,audio/words/值得.mp3,audio/meanings/worth-it.mp3,zhí dé,LMS 1000,Existing Known.txt entry.,0,0,0,0,
僵,stiff,new,134,Emotion / inner life;clip-pack;LMS 1000,,audio/words/僵.mp3,audio/meanings/stiff.mp3,jiāng,LMS 1000,Existing Known.txt entry.,0,0,0,0,
自然,natural,familiar,135,Emotion / inner life;clip-pack;LMS 1000,,audio/words/自然.mp3,audio/meanings/natural.mp3,zì rán,LMS 1000,Existing Known.txt entry.,0,0,0,0,2026-05-14T13:40:02.165Z
硬,stiff; hard,familiar,135,Emotion / inner life;clip-pack;LMS 1000,,audio/words/硬.mp3,audio/meanings/stiff;-hard.mp3,yìng,LMS 1000,Existing Known.txt entry.,0,0,0,0,2026-05-14T13:39:52.488Z
后悔,to regret,familiar,135,Emotion / inner life;clip-pack;LMS 1000,,audio/words/后悔.mp3,audio/meanings/to-regret.mp3,hòu huǐ,LMS 1000,Existing Known.txt entry.,0,0,0,0,2026-05-14T13:39:47.931Z
看轻,to think lightly of; undervalue,new,135,Emotion / inner life;clip-pack;LMS 1000,,audio/words/看轻.mp3,audio/meanings/to-think-lightly-of;-undervalue.mp3,kàn qīng,LMS 1000,Existing Known.txt entry.,0,0,0,0,
珍贵,precious,familiar,135,Emotion / inner life;clip-pack;LMS 1000,,audio/words/珍贵.mp3,audio/meanings/precious.mp3,zhēn guì,LMS 1000,Existing Known.txt entry.,0,0,0,0,2026-05-14T13:40:11.687Z
专心,to focus one's attention; to concentrate on,familiar,136,Emotion / inner life;clip-pack;LMS 1000,,audio/words/专心.mp3,,zhuān xīn,LMS 1000,Existing Known.txt entry.,0,0,0,0,2026-05-14T13:40:15.874Z
机会,chance,known,136,Emotion / inner life;clip-pack;LMS 1000,,audio/words/机会.mp3,audio/meanings/chance.mp3,jī huì,LMS 1000,Existing Known.txt entry.,0,0,0,0,2026-05-14T13:40:05.903Z
答案,answer,known,136,Emotion / inner life;clip-pack;LMS 1000,,audio/words/答案.mp3,audio/meanings/answer.mp3,dá àn,LMS 1000,Existing Known.txt entry.,0,0,0,0,2026-05-14T13:20:02.068Z
真相,truth,known,136,Emotion / inner life;clip-pack;LMS 1000,,audio/words/真相.mp3,audio/meanings/truth.mp3,zhēn xiàng,LMS 1000,Existing Known.txt entry.,0,0,0,0,2026-05-14T13:26:13.170Z
秘密,secret,new,136,Emotion / inner life;clip-pack;LMS 1000,,audio/words/秘密.mp3,audio/meanings/secret.mp3,mì mì,LMS 1000,Existing Known.txt entry.,0,0,0,0,
记忆,memory,familiar,137,Emotion / inner life;clip-pack;LMS 1000,,audio/words/记忆.mp3,audio/meanings/memory.mp3,jì yì,LMS 1000,Existing Known.txt entry.,0,0,0,0,2026-05-14T13:40:28.972Z
约定,promise,familiar,137,Emotion / inner life;clip-pack;LMS 1000,,audio/words/约定.mp3,audio/meanings/promise.mp3,yuē dìng,LMS 1000,Existing Known.txt entry.,0,0,0,0,2026-05-14T13:40:37.499Z
命运,fate,new,137,Emotion / inner life;clip-pack;LMS 1000,,audio/words/命运.mp3,audio/meanings/fate.mp3,mìng yùn,LMS 1000,Existing Known.txt entry.,0,0,0,0,
价值,value,familiar,137,Emotion / inner life;clip-pack;LMS 1000,,audio/words/价值.mp3,audio/meanings/value.mp3,jià zhí,LMS 1000,Existing Known.txt entry.,0,0,0,0,2026-05-14T13:40:45.878Z
恨,hate,new,137,Emotion / inner life;clip-pack;LMS 1000,,audio/words/恨.mp3,audio/meanings/hate.mp3,hèn,LMS 1000,Existing Known.txt entry.,0,0,0,0,
痛苦,pain,familiar,138,Emotion / inner life;clip-pack;LMS 1000,,audio/words/痛苦.mp3,audio/meanings/pain.mp3,tòng kǔ,LMS 1000,Existing Known.txt entry.,0,0,0,0,2026-05-14T13:40:54.316Z
失望,disappointed,familiar,138,Emotion / inner life;clip-pack;LMS 1000,,audio/words/失望.mp3,audio/meanings/disappointed.mp3,shī wàng,LMS 1000,Existing Known.txt entry.,0,0,0,0,2026-05-14T13:40:48.384Z
勇气,courage,new,138,Emotion / inner life;clip-pack;LMS 1000,,audio/words/勇气.mp3,audio/meanings/courage.mp3,yǒng qì,LMS 1000,Existing Known.txt entry.,0,0,0,0,
荣耀,glory,familiar,138,Emotion / inner life;clip-pack;LMS 1000,,audio/words/荣耀.mp3,audio/meanings/glory.mp3,róng yào,LMS 1000,Existing Known.txt entry.,0,0,0,0,2026-05-14T13:41:23.208Z
危险,danger,known,138,Emotion / inner life;clip-pack;LMS 1000,,audio/words/危险.mp3,audio/meanings/danger.mp3,wēi xiǎn,LMS 1000,Existing Known.txt entry.,0,0,0,0,2026-05-14T13:41:27.876Z
紧张,nervous,new,139,Emotion / inner life;clip-pack;LMS 1000,,audio/words/紧张.mp3,audio/meanings/nervous.mp3,jǐn zhāng,LMS 1000,Existing Known.txt entry.,0,0,0,0,
惊讶,amazed; astonished,familiar,139,Emotion / inner life;clip-pack;LMS 1000,,audio/words/惊讶.mp3,,jīng yà,LMS 1000,Existing Known.txt entry.,0,0,0,0,2026-05-14T13:41:16.357Z
害羞,shy,new,139,Emotion / inner life;clip-pack;LMS 1000,,audio/words/害羞.mp3,audio/meanings/shy.mp3,hài xiū,LMS 1000,Existing Known.txt entry.,0,0,0,0,
冷静,calm,familiar,139,Emotion / inner life;clip-pack;LMS 1000,,audio/words/冷静.mp3,audio/meanings/calm.mp3,lěng jìng,LMS 1000,Existing Known.txt entry.,0,0,0,0,2026-05-14T13:41:50.623Z
坚定,firm,new,139,Emotion / inner life;clip-pack;LMS 1000,,audio/words/坚定.mp3,audio/meanings/firm.mp3,jiān dìng,LMS 1000,Existing Known.txt entry.,0,0,0,0,
平静,tranquil; undisturbed,familiar,140,Emotion / inner life;clip-pack;LMS 1000,,audio/words/平静.mp3,,píng jìng,LMS 1000,Existing Known.txt entry.,0,0,0,0,2026-05-14T13:41:52.821Z
混乱,chaotic,new,140,Emotion / inner life;clip-pack;LMS 1000,,audio/words/混乱.mp3,audio/meanings/chaotic.mp3,hùn luàn,LMS 1000,Existing Known.txt entry.,0,0,0,0,
压力,pressure,familiar,140,Emotion / inner life;clip-pack;LMS 1000,,audio/words/压力.mp3,audio/meanings/pressure.mp3,yā lì,LMS 1000,Existing Known.txt entry.,0,0,0,0,2026-05-14T13:42:04.605Z
摊位,vendor's booth,familiar,140,LMS domain;clip-pack;LMS 1000,,audio/words/摊位.mp3,,tān wèi,LMS 1000,Existing Known.txt entry.,0,0,0,0,2026-05-14T13:42:00.848Z
账号,account,familiar,140,LMS domain;clip-pack;LMS 1000,,audio/words/账号.mp3,audio/meanings/account.mp3,zhàng hào,LMS 1000,Existing Known.txt entry.,0,0,0,0,2026-05-14T13:42:29.268Z
玩家,player,known,141,LMS domain;clip-pack;LMS 1000,,audio/words/玩家.mp3,audio/meanings/player.mp3,wán jiā,LMS 1000,Existing Known.txt entry.,0,0,0,0,2026-05-14T13:42:17.989Z
新手,new hand; novice,familiar,141,LMS domain;clip-pack;LMS 1000,,audio/words/新手.mp3,,xīn shǒu,LMS 1000,Existing Known.txt entry.,0,0,0,0,2026-05-14T13:42:20.109Z
高手,expert,familiar,141,LMS domain;clip-pack;LMS 1000,,audio/words/高手.mp3,audio/meanings/expert.mp3,gāo shǒu,LMS 1000,Existing Known.txt entry.,0,0,0,0,2026-05-14T13:42:12.412Z
等级,grade; rank,familiar,141,LMS domain;clip-pack;LMS 1000,,audio/words/等级.mp3,,děng jí,LMS 1000,Existing Known.txt entry.,0,0,0,0,2026-05-14T13:42:09.460Z
经验,experience points,new,141,LMS domain;clip-pack;LMS 1000,,audio/words/经验.mp3,audio/meanings/experience-points.mp3,jīng yàn,LMS 1000,Existing Known.txt entry.,0,0,0,0,
技能,skill,familiar,142,LMS domain;clip-pack;LMS 1000,,audio/words/技能.mp3,audio/meanings/skill.mp3,jì néng,LMS 1000,Existing Known.txt entry.,0,0,0,0,2026-05-14T13:42:32.148Z
任务,mission; assignment,familiar,142,LMS domain;clip-pack;LMS 1000,,audio/words/任务.mp3,,rèn wu,LMS 1000,Existing Known.txt entry.,0,0,0,0,2026-05-14T13:42:43.653Z
奖励,reward,new,142,LMS domain;clip-pack;LMS 1000,,audio/words/奖励.mp3,audio/meanings/reward.mp3,jiǎng lì,LMS 1000,Existing Known.txt entry.,0,0,0,0,
金币,gold coin,familiar,142,LMS domain;clip-pack;LMS 1000,,audio/words/金币.mp3,audio/meanings/gold-coin.mp3,jīn bì,LMS 1000,Existing Known.txt entry.,0,0,0,0,2026-05-14T13:42:36.574Z
银币,silver coin,new,142,LMS domain;clip-pack;LMS 1000,,audio/words/银币.mp3,audio/meanings/silver-coin.mp3,yín bì,LMS 1000,Existing Known.txt entry.,0,0,0,0,
铜币,copper coin,new,143,LMS domain;clip-pack;LMS 1000,,audio/words/铜币.mp3,audio/meanings/copper-coin.mp3,tóng bì,LMS 1000,Existing Known.txt entry.,0,0,0,0,
债,debt,new,143,LMS domain;clip-pack;LMS 1000,,audio/words/债.mp3,audio/meanings/debt.mp3,zhài,LMS 1000,Existing Known.txt entry.,0,0,0,0,
利息,interest,new,143,LMS domain;clip-pack;LMS 1000,,audio/words/利息.mp3,audio/meanings/interest.mp3,lì xī,LMS 1000,Existing Known.txt entry.,0,0,0,0,
生意,business,new,143,LMS domain;clip-pack;LMS 1000,,audio/words/生意.mp3,audio/meanings/business.mp3,shēng yì,LMS 1000,Existing Known.txt entry.,0,0,0,0,
工资,wages,familiar,143,LMS domain;clip-pack;LMS 1000,,audio/words/工资.mp3,audio/meanings/wages.mp3,gōng zī,LMS 1000,Existing Known.txt entry.,0,0,0,0,2026-05-14T13:42:55.395Z
机器,machine,familiar,144,LMS domain;clip-pack;LMS 1000,,audio/words/机器.mp3,audio/meanings/machine.mp3,jī qì,LMS 1000,Existing Known.txt entry.,0,0,0,0,2026-05-14T13:42:58.124Z
胶囊,capsule,new,144,LMS domain;clip-pack;LMS 1000,,audio/words/胶囊.mp3,audio/meanings/capsule.mp3,jiāo náng,LMS 1000,Existing Known.txt entry.,0,0,0,0,
王国,kingdom,known,144,LMS domain;clip-pack;LMS 1000,,audio/words/王国.mp3,audio/meanings/kingdom.mp3,wáng guó,LMS 1000,Existing Known.txt entry.,0,0,0,0,2026-05-14T13:43:09.477Z
市场,market,known,144,LMS domain;clip-pack;LMS 1000,,audio/words/市场.mp3,audio/meanings/market.mp3,shì chǎng,LMS 1000,Existing Known.txt entry.,0,0,0,0,2026-05-14T13:43:02.348Z
训练场,training hall,familiar,144,LMS domain;clip-pack;LMS 1000,,audio/words/训练场.mp3,audio/meanings/training-hall.mp3,xùn liàn chǎng,LMS 1000,Existing Known.txt entry.,0,0,0,0,2026-05-14T13:43:36.076Z
稻草人,scarecrow,known,145,LMS domain;clip-pack;LMS 1000,,audio/words/稻草人.mp3,audio/meanings/scarecrow.mp3,dào cǎo rén,LMS 1000,Existing Known.txt entry.,0,0,0,0,2026-05-14T13:43:14.531Z
木剑,wooden sword,known,145,LMS domain;clip-pack;LMS 1000,,audio/words/木剑.mp3,audio/meanings/wooden-sword.mp3,mù jiàn,LMS 1000,Existing Known.txt entry.,0,0,0,0,2026-05-14T13:43:22.065Z
剑,sword,familiar,145,LMS domain;clip-pack;LMS 1000,,audio/words/剑.mp3,audio/meanings/sword.mp3,jiàn,LMS 1000,Existing Known.txt entry.,0,0,0,0,2026-05-14T13:43:20.010Z
盾牌,shield,new,145,LMS domain;clip-pack;LMS 1000,,audio/words/盾牌.mp3,audio/meanings/shield.mp3,dùn pái,LMS 1000,Existing Known.txt entry.,0,0,0,0,
盔甲,armor,new,145,LMS domain;clip-pack;LMS 1000,,audio/words/盔甲.mp3,audio/meanings/armor.mp3,kuī jiǎ,LMS 1000,Existing Known.txt entry.,0,0,0,0,
药,medicine,familiar,146,LMS domain;clip-pack;LMS 1000,,audio/words/药.mp3,audio/meanings/medicine.mp3,yào,LMS 1000,Existing Known.txt entry.,0,0,0,0,2026-05-14T13:43:47.258Z
医院,hospital,known,146,LMS domain;clip-pack;LMS 1000,,audio/words/医院.mp3,audio/meanings/hospital.mp3,yī yuàn,LMS 1000,Existing Known.txt entry.,0,0,0,0,2026-05-14T13:19:50.505Z
工厂,factory,familiar,146,LMS domain;clip-pack;LMS 1000,,audio/words/工厂.mp3,audio/meanings/factory.mp3,gōng chǎng,LMS 1000,Existing Known.txt entry.,0,0,0,0,2026-05-14T13:43:38.318Z
伤口,wound,familiar,146,Concrete story noun;clip-pack;LMS 1000,,audio/words/伤口.mp3,audio/meanings/wound.mp3,shāng kǒu,LMS 1000,Existing Known.txt entry.,0,0,0,0,2026-05-14T13:43:44.843Z
线索,clue,new,146,Concrete story noun;clip-pack;LMS 1000,,audio/words/线索.mp3,audio/meanings/clue.mp3,xiàn suǒ,LMS 1000,Existing Known.txt entry.,0,0,0,0,
表面,surface; outward appearance,known,147,Concrete story noun;clip-pack;LMS 1000,,audio/words/表面.mp3,audio/meanings/surface;-outward-appearance.mp3,biǎo miàn,LMS 1000,Existing Known.txt entry.,0,0,0,0,2026-05-14T13:16:49.385Z
手指,finger,known,147,Concrete story noun;clip-pack;LMS 1000,,audio/words/手指.mp3,audio/meanings/finger.mp3,shǒu zhǐ,LMS 1000,Existing Known.txt entry.,0,0,0,0,2026-05-14T13:44:00.176Z
表情,expression,familiar,147,Concrete story noun;clip-pack;LMS 1000,,audio/words/表情.mp3,audio/meanings/expression.mp3,biǎo qíng,LMS 1000,Existing Known.txt entry.,0,0,0,0,2026-05-14T13:43:51.266Z
镜子,mirror,new,147,Concrete story noun;clip-pack;LMS 1000,,audio/words/镜子.mp3,audio/meanings/mirror.mp3,jìng zi,LMS 1000,Existing Known.txt entry.,0,0,0,0,
台灯,desk lamp,familiar,147,Concrete story noun;clip-pack;LMS 1000,,audio/words/台灯.mp3,audio/meanings/desk-lamp.mp3,tái dēng,LMS 1000,Existing Known.txt entry.,0,0,0,0,2026-05-14T13:45:25.131Z
本钱,capital; asset,new,148,Concrete story noun;clip-pack;LMS 1000,,audio/words/本钱.mp3,,běn qián,LMS 1000,Existing Known.txt entry.,0,0,0,0,
步骤,step; stage,new,148,Concrete story noun;clip-pack;LMS 1000,,audio/words/步骤.mp3,audio/meanings/step;-stage.mp3,bù zhòu,LMS 1000,Existing Known.txt entry.,0,0,0,0,
目的,purpose,known,148,Concrete story noun;clip-pack;LMS 1000,,audio/words/目的.mp3,audio/meanings/purpose.mp3,mù dì,LMS 1000,Existing Known.txt entry.,0,0,0,0,2026-05-14T13:45:40.520Z
护士,nurse,new,148,Concrete story noun;clip-pack;LMS 1000,,audio/words/护士.mp3,audio/meanings/nurse.mp3,hù shì,LMS 1000,Existing Known.txt entry.,0,0,0,0,
店主,shop owner,known,148,Concrete story noun;clip-pack;LMS 1000,,audio/words/店主.mp3,,diàn zhǔ,LMS 1000,Existing Known.txt entry.,0,0,0,0,2026-05-14T13:45:32.922Z
商人,merchant,known,149,Concrete story noun;clip-pack;LMS 1000,,audio/words/商人.mp3,audio/meanings/merchant.mp3,shāng rén,LMS 1000,Existing Known.txt entry.,0,0,0,0,2026-05-14T13:45:42.923Z
工人,worker,known,149,Concrete story noun;clip-pack;LMS 1000,,audio/words/工人.mp3,audio/meanings/worker.mp3,gōng rén,LMS 1000,Existing Known.txt entry.,0,0,0,0,2026-05-14T13:45:35.307Z
老板,boss,familiar,149,Concrete story noun;clip-pack;LMS 1000,,audio/words/老板.mp3,audio/meanings/boss.mp3,lǎo bǎn,LMS 1000,Existing Known.txt entry.,0,0,0,0,2026-05-14T13:45:45.121Z
战士,warrior,familiar,149,Concrete story noun;clip-pack;LMS 1000,,audio/words/战士.mp3,audio/meanings/warrior.mp3,zhàn shì,LMS 1000,Existing Known.txt entry.,0,0,0,0,2026-05-14T13:45:54.439Z
骑士,knight,familiar,149,Concrete story noun;clip-pack;LMS 1000,,audio/words/骑士.mp3,audio/meanings/knight.mp3,qí shì,LMS 1000,Existing Known.txt entry.,0,0,0,0,2026-05-14T13:45:50.473Z
士兵,soldier,known,150,Concrete story noun;clip-pack;LMS 1000,,audio/words/士兵.mp3,audio/meanings/soldier.mp3,shì bīng,LMS 1000,Existing Known.txt entry.,0,0,0,0,2026-05-14T13:45:52.747Z
女仆,maid,new,150,Concrete story noun;clip-pack;LMS 1000,,audio/words/女仆.mp3,audio/meanings/maid.mp3,nǚ pú,LMS 1000,Existing Known.txt entry.,0,0,0,0,
热闹,lively,new,150,Description / adverb;clip-pack;LMS 1000,,audio/words/热闹.mp3,audio/meanings/lively.mp3,rè nào,LMS 1000,Existing Known.txt entry.,0,0,0,0,
愣住,to be stunned; to freeze,familiar,150,Description / adverb;clip-pack;LMS 1000,,audio/words/愣住.mp3,,lèng zhù,LMS 1000,Existing Known.txt entry.,0,0,0,0,2026-05-14T13:46:02.376Z
忽然,suddenly,known,150,Description / adverb;clip-pack;LMS 1000,,audio/words/忽然.mp3,audio/meanings/suddenly.mp3,hū rán,LMS 1000,Existing Known.txt entry.,0,0,0,0,2026-05-14T13:45:59.526Z
锋利,sharp,new,151,Description / adverb;clip-pack;LMS 1000,,audio/words/锋利.mp3,audio/meanings/sharp.mp3,fēng lì,LMS 1000,Existing Known.txt entry.,0,0,0,0,
轻轻,lightly,familiar,151,Description / adverb;clip-pack;LMS 1000,,audio/words/轻轻.mp3,audio/meanings/lightly.mp3,qīng qīng,LMS 1000,Existing Known.txt entry.,0,0,0,0,2026-05-14T13:46:05.169Z
歪,crooked,new,151,Description / adverb;clip-pack;LMS 1000,,audio/words/歪.mp3,audio/meanings/crooked.mp3,wāi,LMS 1000,Existing Known.txt entry.,0,0,0,0,
留着,to keep; to leave remaining,new,151,Description / adverb;clip-pack;LMS 1000,,audio/words/留着.mp3,,liú zhe,LMS 1000,Existing Known.txt entry.,0,0,0,0,
中午,noon,known,151,Description / adverb;clip-pack;LMS 1000,,audio/words/中午.mp3,audio/meanings/noon.mp3,zhōng wǔ,LMS 1000,Existing Known.txt entry.,0,0,0,0,2026-05-14T13:16:53.065Z
半夜,midnight,familiar,152,Description / adverb;clip-pack;LMS 1000,,audio/words/半夜.mp3,audio/meanings/midnight.mp3,bàn yè,LMS 1000,Existing Known.txt entry.,0,0,0,0,2026-05-14T13:46:13.206Z
短,short,familiar,152,Description / adverb;clip-pack;LMS 1000,,audio/words/短.mp3,audio/meanings/short.mp3,duǎn,LMS 1000,Existing Known.txt entry.,0,0,0,0,2026-05-14T13:46:20.190Z
假,false,new,152,Description / adverb;clip-pack;LMS 1000,,audio/words/假.mp3,audio/meanings/false.mp3,jiǎ,LMS 1000,Existing Known.txt entry.,0,0,0,0,
坏,bad,known,152,Description / adverb;clip-pack;LMS 1000,,audio/words/坏.mp3,audio/meanings/bad.mp3,huài,LMS 1000,Existing Known.txt entry.,0,0,0,0,2026-05-14T13:46:22.750Z
李贤,Li Xian; a name,familiar,152,Fixed LMS term;clip-pack;LMS 1000,,audio/words/李贤.mp3,,lǐ xián,LMS 1000,Existing Known.txt entry.,0,0,0,0,2026-05-14T13:46:31.087Z
李夏妍,Li Xiayan; a name,new,153,Fixed LMS term;clip-pack;LMS 1000,,audio/words/李夏妍.mp3,,lǐ xià yán,LMS 1000,Existing Known.txt entry.,0,0,0,0,
皇家之路,Royal Road,new,153,Fixed LMS term;clip-pack;LMS 1000,,audio/words/皇家之路.mp3,audio/meanings/Royal-Road.mp3,huáng jiā zhī lù,LMS 1000,Existing Known.txt entry.,0,0,0,0,
罗森海姆,Rosenheim; a place name,new,153,Fixed LMS term;clip-pack;LMS 1000,,audio/words/罗森海姆.mp3,,luó sēn hǎi mǔ,LMS 1000,Existing Known.txt entry.,0,0,0,0,
塞拉堡,Sela Castle; a place name,new,153,Fixed LMS term;clip-pack;LMS 1000,,audio/words/塞拉堡.mp3,,sài lā bǎo,LMS 1000,Existing Known.txt entry.,0,0,0,0,
扎哈布,Zahab; a name,new,153,Fixed LMS term;clip-pack;LMS 1000,,audio/words/扎哈布.mp3,,zhā hā bù,LMS 1000,Existing Known.txt entry.,0,0,0,0,
月光雕刻师,Moonlight Sculptor,new,154,Fixed LMS term;clip-pack;LMS 1000,,audio/words/月光雕刻师.mp3,audio/meanings/Moonlight-Sculptor.mp3,yuè guāng diāo kè shī,LMS 1000,Existing Known.txt entry.,0,0,0,0,
雕刻店,sculpture shop,new,154,Fixed LMS term;clip-pack;LMS 1000,,audio/words/雕刻店.mp3,audio/meanings/sculpture-shop.mp3,diāo kè diàn,LMS 1000,Existing Known.txt entry.,0,0,0,0,
秘密职业,secret profession,new,154,Fixed LMS term;clip-pack;LMS 1000,,audio/words/秘密职业.mp3,,mì mì zhí yè,LMS 1000,Existing Known.txt entry.,0,0,0,0,
开始,to begin,new,154,action/combat/training;clip-pack;LMS 1000,,audio/words/开始.mp3,audio/meanings/to-begin.mp3,kāi shǐ,LMS 1000,Subtlex rank 107; LMS token count 70; bucket action/combat/training.,0,0,0,0,
准备,to prepare,new,154,action/combat/training;clip-pack;LMS 1000,,audio/words/准备.mp3,audio/meanings/to-prepare.mp3,zhǔn bèi,LMS 1000,Subtlex rank 143; LMS token count 14; bucket action/combat/training.,0,0,0,0,
着,continuous action particle,new,155,general conversation;clip-pack;LMS 1000,,audio/words/着.mp3,audio/meanings/continuous-action-particle.mp3,zhe,LMS 1000,Subtlex rank 45; LMS token count 87; bucket general conversation.,0,0,0,0,
件,measure word,new,155,general conversation;clip-pack;LMS 1000,,audio/words/件.mp3,audio/meanings/measure-word.mp3,jiàn,LMS 1000,Subtlex rank 156; LMS token count 132; bucket general conversation.,0,0,0,0,
一个,a; an,new,155,general conversation;clip-pack;LMS 1000,,audio/words/一个.mp3,,yí gè,LMS 1000,Subtlex rank 401; LMS token count 264; bucket general conversation.,0,0,0,0,
只要,as long as; if only,new,155,narrative glue;clip-pack;LMS 1000,,audio/words/只要.mp3,audio/meanings/as-long-as;-if-only.mp3,zhǐ yào,LMS 1000,Subtlex rank 693; LMS token count 23; bucket narrative glue.,0,0,0,0,
好像,to seem; as if,new,155,narrative glue;clip-pack;LMS 1000,,audio/words/好像.mp3,audio/meanings/to-seem;-as-if.mp3,hǎo xiàng,LMS 1000,Subtlex rank 621; LMS token count 15; bucket narrative glue.,0,0,0,0,
认为,to think,new,156,emotion/internal arc;clip-pack;LMS 1000,,audio/words/认为.mp3,audio/meanings/to-think.mp3,rèn wéi,LMS 1000,Subtlex rank 134; LMS token count 0; bucket emotion/internal arc.,0,0,0,0,
以为,to think,new,156,emotion/internal arc;clip-pack;LMS 1000,,audio/words/以为.mp3,audio/meanings/to-think.mp3,yǐ wéi,LMS 1000,Subtlex rank 672; LMS token count 17; bucket emotion/internal arc.,0,0,0,0,
感觉,to feel; feeling,new,156,emotion/internal arc;clip-pack;LMS 1000,,audio/words/感觉.mp3,audio/meanings/to-feel;-feeling.mp3,gǎn jué,LMS 1000,Subtlex rank 643; LMS token count 14; bucket emotion/internal arc.,0,0,0,0,
就是,precisely; exactly,new,156,general conversation;clip-pack;LMS 1000,,audio/words/就是.mp3,audio/meanings/precisely;-exactly.mp3,jiù shì,LMS 1000,Subtlex rank 121; LMS token count 30; bucket general conversation.,0,0,0,0,
认识,to know,new,156,social/conversation;clip-pack;LMS 1000,,audio/words/认识.mp3,audio/meanings/to-know.mp3,rèn shi,LMS 1000,Subtlex rank 440; LMS token count 3; bucket social/conversation.,0,0,0,0,
穿,to wear,new,157,action/combat/training;clip-pack;LMS 1000,,audio/words/穿.mp3,audio/meanings/to-wear.mp3,chuān,LMS 1000,Subtlex rank 184; LMS token count 0; bucket action/combat/training.,0,0,0,0,
简单,simple; easy,new,157,general conversation;clip-pack;LMS 1000,,audio/words/简单.mp3,audio/meanings/simple;-easy.mp3,jiǎn dān,LMS 1000,Subtlex rank 281; LMS token count 36; bucket general conversation.,0,0,0,0,
脸,face,new,157,general conversation;clip-pack;LMS 1000,,audio/words/脸.mp3,audio/meanings/face.mp3,liǎn,LMS 1000,Subtlex rank 280; LMS token count 35; bucket general conversation.,0,0,0,0,
但,but; however,new,157,narrative glue;clip-pack;LMS 1000,,audio/words/但.mp3,audio/meanings/but;-however.mp3,dàn,LMS 1000,Subtlex rank 405; LMS token count 9; bucket narrative glue.,0,0,0,0,
却,but; yet,new,157,narrative glue;clip-pack;LMS 1000,,audio/words/却.mp3,audio/meanings/but;-yet.mp3,què,LMS 1000,Subtlex rank 680; LMS token count 43; bucket narrative glue.,0,0,0,0,
嘴,mouth,new,158,general conversation;clip-pack;LMS 1000,,audio/words/嘴.mp3,audio/meanings/mouth.mp3,zuǐ,LMS 1000,Subtlex rank 222; LMS token count 25; bucket general conversation.,0,0,0,0,
讲,to speak,new,158,social/conversation;clip-pack;LMS 1000,,audio/words/讲.mp3,audio/meanings/to-speak.mp3,jiǎng,LMS 1000,Subtlex rank 247; LMS token count 3; bucket social/conversation.,0,0,0,0,
到底,after all; on earth,new,158,narrative glue;clip-pack;LMS 1000,,audio/words/到底.mp3,audio/meanings/after-all;-on-earth.mp3,dào dǐ,LMS 1000,Subtlex rank 657; LMS token count 5; bucket narrative glue.,0,0,0,0,
经过,to pass through; after,new,158,narrative glue;clip-pack;LMS 1000,,audio/words/经过.mp3,audio/meanings/to-pass-through;-after.mp3,jīng guò,LMS 1000,Subtlex rank 341; LMS token count 0; bucket narrative glue.,0,0,0,0,
幸福,happy; blessed,new,158,emotion/internal arc;clip-pack;LMS 1000,,audio/words/幸福.mp3,audio/meanings/happy;-blessed.mp3,xìng fú,LMS 1000,Subtlex rank 346; LMS token count 0; bucket emotion/internal arc.,0,0,0,0,
条,measure word,new,159,general conversation;clip-pack;LMS 1000,,audio/words/条.mp3,audio/meanings/measure-word.mp3,tiáo,LMS 1000,Subtlex rank 190; LMS token count 15; bucket general conversation.,0,0,0,0,
伤心,to grieve; to be broken-hearted,new,159,emotion/internal arc;clip-pack;LMS 1000,,audio/words/伤心.mp3,,shāng xīn,LMS 1000,Subtlex rank 364; LMS token count 0; bucket emotion/internal arc.,0,0,0,0,
帮,to help,new,159,social/conversation;clip-pack;LMS 1000,,audio/words/帮.mp3,audio/meanings/to-help.mp3,bāng,LMS 1000,Subtlex rank 417; LMS token count 6; bucket social/conversation.,0,0,0,0,
还有,also; in addition,new,159,general conversation;clip-pack;LMS 1000,,audio/words/还有.mp3,audio/meanings/also;-in-addition.mp3,hái yǒu,LMS 1000,Subtlex rank 414; LMS token count 49; bucket general conversation.,0,0,0,0,
休息,to rest,new,159,general conversation;clip-pack;LMS 1000,,audio/words/休息.mp3,audio/meanings/to-rest.mp3,xiū xi,LMS 1000,Subtlex rank 296; LMS token count 25; bucket general conversation.,0,0,0,0,
而,and; but,new,160,narrative glue;clip-pack;LMS 1000,,audio/words/而.mp3,audio/meanings/and;-but.mp3,ér,LMS 1000,Subtlex rank 634; LMS token count 20; bucket narrative glue.,0,0,0,0,
真的,really; truly,new,160,general conversation;clip-pack;LMS 1000,,audio/words/真的.mp3,audio/meanings/really;-truly.mp3,zhēn de,LMS 1000,Subtlex rank 488; LMS token count 53; bucket general conversation.,0,0,0,0,
发现,to discover,new,160,general conversation;clip-pack;LMS 1000,,audio/words/发现.mp3,audio/meanings/to-discover.mp3,fā xiàn,LMS 1000,Subtlex rank 428; LMS token count 37; bucket general conversation.,0,0,0,0,
当,when; to serve as,new,160,general conversation;clip-pack;LMS 1000,,audio/words/当.mp3,audio/meanings/when;-to-serve-as.mp3,dāng,LMS 1000,Subtlex rank 116; LMS token count 6; bucket general conversation.,0,0,0,0,
几,how many; several,new,160,general conversation;clip-pack;LMS 1000,,audio/words/几.mp3,audio/meanings/how-many;-several.mp3,jǐ,LMS 1000,Subtlex rank 141; LMS token count 7; bucket general conversation.,0,0,0,0,
家里,at home,new,161,general conversation;clip-pack;LMS 1000,,audio/words/家里.mp3,audio/meanings/at-home.mp3,jiā lǐ,LMS 1000,Subtlex rank 495; LMS token count 52; bucket general conversation.,0,0,0,0,
可,but; indeed,new,161,narrative glue;clip-pack;LMS 1000,,audio/words/可.mp3,audio/meanings/but;-indeed.mp3,kě,LMS 1000,Subtlex rank 409; LMS token count 3; bucket narrative glue.,0,0,0,0,
故事,story; tale,new,161,general conversation;clip-pack;LMS 1000,,audio/words/故事.mp3,audio/meanings/story;-tale.mp3,gù shì,LMS 1000,Subtlex rank 254; LMS token count 12; bucket general conversation.,0,0,0,0,
回去,to go back,new,161,general conversation;clip-pack;LMS 1000,,audio/words/回去.mp3,audio/meanings/to-go-back.mp3,huí qù,LMS 1000,Subtlex rank 475; LMS token count 35; bucket general conversation.,0,0,0,0,
动,to move,new,161,action/combat/training;clip-pack;LMS 1000,,audio/words/动.mp3,audio/meanings/to-move.mp3,dòng,LMS 1000,Subtlex rank 715; LMS token count 13; bucket action/combat/training.,0,0,0,0,
家人,family members,new,162,social/conversation;clip-pack;LMS 1000,,audio/words/家人.mp3,audio/meanings/family-members.mp3,jiā rén,LMS 1000,Subtlex rank 531; LMS token count 0; bucket social/conversation.,0,0,0,0,
出去,to go out,new,162,general conversation;clip-pack;LMS 1000,,audio/words/出去.mp3,audio/meanings/to-go-out.mp3,chū qù,LMS 1000,Subtlex rank 453; LMS token count 25; bucket general conversation.,0,0,0,0,
男朋友,boyfriend; male friend,new,162,social/conversation;clip-pack;LMS 1000,,audio/words/男朋友.mp3,audio/meanings/boyfriend;-male-friend.mp3,nán péng yǒu,LMS 1000,Subtlex rank 540; LMS token count 0; bucket social/conversation.,0,0,0,0,
系统,system,new,162,game/progression;clip-pack;LMS 1000,,audio/words/系统.mp3,audio/meanings/system.mp3,xì tǒng,LMS 1000,Subtlex rank 978; LMS token count 9; bucket game/progression.,0,0,0,0,
也许,maybe; perhaps,new,162,general conversation;clip-pack;LMS 1000,,audio/words/也许.mp3,audio/meanings/maybe;-perhaps.mp3,yě xǔ,LMS 1000,Subtlex rank 637; LMS token count 55; bucket general conversation.,0,0,0,0,
问问,to ask; to inquire,new,163,social/conversation;clip-pack;LMS 1000,,audio/words/问问.mp3,,wèn wen,LMS 1000,Subtlex rank 579; LMS token count 0; bucket social/conversation.,0,0,0,0,
不好,not good; bad,new,163,general conversation;clip-pack;LMS 1000,,audio/words/不好.mp3,audio/meanings/not-good;-bad.mp3,bù hǎo,LMS 1000,Subtlex rank 499; LMS token count 24; bucket general conversation.,0,0,0,0,
前面,in front; ahead,new,163,general conversation;clip-pack;LMS 1000,,audio/words/前面.mp3,audio/meanings/in-front;-ahead.mp3,qián miàn,LMS 1000,Subtlex rank 552; LMS token count 28; bucket general conversation.,0,0,0,0,
回家,to go home,new,163,general conversation;clip-pack;LMS 1000,,audio/words/回家.mp3,audio/meanings/to-go-home.mp3,huí jiā,LMS 1000,Subtlex rank 464; LMS token count 17; bucket general conversation.,0,0,0,0,
送,to send,new,163,general conversation;clip-pack;LMS 1000,,audio/words/送.mp3,audio/meanings/to-send.mp3,sòng,LMS 1000,Subtlex rank 187; LMS token count 3; bucket general conversation.,0,0,0,0,
为了,for; in order to,new,164,general conversation;clip-pack;LMS 1000,,audio/words/为了.mp3,audio/meanings/for;-in-order-to.mp3,wèi le,LMS 1000,Subtlex rank 670; LMS token count 53; bucket general conversation.,0,0,0,0,
直,straight; directly,new,164,general conversation;clip-pack;LMS 1000,,audio/words/直.mp3,audio/meanings/straight;-directly.mp3,zhí,LMS 1000,Subtlex rank 362; LMS token count 9; bucket general conversation.,0,0,0,0,
活,to live; alive,new,164,general conversation;clip-pack;LMS 1000,,audio/words/活.mp3,audio/meanings/to-live;-alive.mp3,huó,LMS 1000,Subtlex rank 197; LMS token count 3; bucket general conversation.,0,0,0,0,
手里,in one's hand,new,164,general conversation;clip-pack;LMS 1000,,audio/words/手里.mp3,audio/meanings/in-one's-hand.mp3,shǒu lǐ,LMS 1000,Subtlex rank 572; LMS token count 29; bucket general conversation.,0,0,0,0,
不错,not bad; pretty good,new,164,general conversation;clip-pack;LMS 1000,,audio/words/不错.mp3,audio/meanings/not-bad;-pretty-good.mp3,bú cuò,LMS 1000,Subtlex rank 429; LMS token count 12; bucket general conversation.,0,0,0,0,
不过,but; however,new,165,narrative glue;clip-pack;LMS 1000,,audio/words/不过.mp3,audio/meanings/but;-however.mp3,bú guò,LMS 1000,Subtlex rank 640; LMS token count 0; bucket narrative glue.,0,0,0,0,
不对,wrong; incorrect,new,165,general conversation;clip-pack;LMS 1000,,audio/words/不对.mp3,audio/meanings/wrong;-incorrect.mp3,bú duì,LMS 1000,Subtlex rank 577; LMS token count 27; bucket general conversation.,0,0,0,0,
这么,so; this much,new,165,general conversation;clip-pack;LMS 1000,,audio/words/这么.mp3,audio/meanings/so;-this-much.mp3,zhè me,LMS 1000,Subtlex rank 407; LMS token count 10; bucket general conversation.,0,0,0,0,
面前,in front of; before,new,165,narrative glue;clip-pack;LMS 1000,,audio/words/面前.mp3,audio/meanings/in-front-of;-before.mp3,miàn qián,LMS 1000,Subtlex rank 1106; LMS token count 11; bucket narrative glue.,0,0,0,0,
衣服,clothes; clothing,new,165,general conversation;clip-pack;LMS 1000,,audio/words/衣服.mp3,audio/meanings/clothes;-clothing.mp3,yī fu,LMS 1000,Subtlex rank 226; LMS token count 3; bucket general conversation.,0,0,0,0,
看看,to take a look,new,166,general conversation;clip-pack;LMS 1000,,audio/words/看看.mp3,audio/meanings/to-take-a-look.mp3,kàn kàn,LMS 1000,Subtlex rank 421; LMS token count 10; bucket general conversation.,0,0,0,0,
找到,to find,new,166,general conversation;clip-pack;LMS 1000,,audio/words/找到.mp3,audio/meanings/to-find.mp3,zhǎo dào,LMS 1000,Subtlex rank 424; LMS token count 10; bucket general conversation.,0,0,0,0,
工作,to work,new,166,general conversation;clip-pack;LMS 1000,,audio/words/工作.mp3,audio/meanings/to-work.mp3,gōng zuò,LMS 1000,Subtlex rank 418; LMS token count 8; bucket general conversation.,0,0,0,0,
行,to walk; action,new,166,action/combat/training;clip-pack;LMS 1000,,audio/words/行.mp3,audio/meanings/to-walk;-action.mp3,xíng,LMS 1000,Subtlex rank 420; LMS token count 0; bucket action/combat/training.,0,0,0,0,
第三,third,new,166,general conversation;clip-pack;LMS 1000,,audio/words/第三.mp3,audio/meanings/third.mp3,dì sān,LMS 1000,Subtlex rank 530; LMS token count 15; bucket general conversation.,0,0,0,0,
它们,they; them,new,167,general conversation;clip-pack;LMS 1000,,audio/words/它们.mp3,audio/meanings/they;-them.mp3,tā men,LMS 1000,Subtlex rank 461; LMS token count 10; bucket general conversation.,0,0,0,0,
坐下,to sit down,new,167,general conversation;clip-pack;LMS 1000,,audio/words/坐下.mp3,audio/meanings/to-sit-down.mp3,zuò xià,LMS 1000,Subtlex rank 534; LMS token count 14; bucket general conversation.,0,0,0,0,
聪明,smart; clever,new,167,general conversation;clip-pack;LMS 1000,,audio/words/聪明.mp3,audio/meanings/smart;-clever.mp3,cōng ming,LMS 1000,Subtlex rank 291; LMS token count 3; bucket general conversation.,0,0,0,0,
那种,that kind of,new,167,general conversation;clip-pack;LMS 1000,,audio/words/那种.mp3,audio/meanings/that-kind-of.mp3,nà zhǒng,LMS 1000,Subtlex rank 505; LMS token count 11; bucket general conversation.,0,0,0,0,
输,to lose,new,167,general conversation;clip-pack;LMS 1000,,audio/words/输.mp3,audio/meanings/to-lose.mp3,shū,LMS 1000,Subtlex rank 320; LMS token count 3; bucket general conversation.,0,0,0,0,
回到,to return to,new,168,general conversation;clip-pack;LMS 1000,,audio/words/回到.mp3,audio/meanings/to-return-to.mp3,huí dào,LMS 1000,Subtlex rank 491; LMS token count 9; bucket general conversation.,0,0,0,0,
完全,completely; entirely,new,168,general conversation;clip-pack;LMS 1000,,audio/words/完全.mp3,audio/meanings/completely;-entirely.mp3,wán quán,LMS 1000,Subtlex rank 615; LMS token count 17; bucket general conversation.,0,0,0,0,
真正,real; genuine,new,168,general conversation;clip-pack;LMS 1000,,audio/words/真正.mp3,audio/meanings/real;-genuine.mp3,zhēn zhèng,LMS 1000,Subtlex rank 753; LMS token count 35; bucket general conversation.,0,0,0,0,
洞,hole; cave,new,168,general conversation;clip-pack;LMS 1000,,audio/words/洞.mp3,audio/meanings/hole;-cave.mp3,dòng,LMS 1000,Subtlex rank 368; LMS token count 18; bucket general conversation.,0,0,0,0,
心,heart; mind,new,168,general conversation;clip-pack;LMS 1000,,audio/words/心.mp3,audio/meanings/heart;-mind.mp3,xīn,LMS 1000,Subtlex rank 467; LMS token count 31; bucket general conversation.,0,0,0,0,
路上,on the road,new,169,general conversation;clip-pack;LMS 1000,,audio/words/路上.mp3,audio/meanings/on-the-road.mp3,lù shang,LMS 1000,Subtlex rank 544; LMS token count 10; bucket general conversation.,0,0,0,0,
不知,not know; unaware,new,169,general conversation;clip-pack;LMS 1000,,audio/words/不知.mp3,audio/meanings/not-know;-unaware.mp3,bù zhī,LMS 1000,Subtlex rank 567; LMS token count 11; bucket general conversation.,0,0,0,0,
有时候,sometimes,new,169,narrative glue;clip-pack;LMS 1000,,audio/words/有时候.mp3,,yǒu shí hòu,LMS 1000,Subtlex rank 1312; LMS token count 15; bucket narrative glue.,0,0,0,0,
付,to pay,new,169,money/business/shop;clip-pack;LMS 1000,,audio/words/付.mp3,audio/meanings/to-pay.mp3,fù,LMS 1000,Subtlex rank 944; LMS token count 8; bucket money/business/shop.,0,0,0,0,
强大,powerful; strong,new,169,general conversation;clip-pack;LMS 1000,,audio/words/强大.mp3,audio/meanings/powerful;-strong.mp3,qiáng dà,LMS 1000,Subtlex rank 380; LMS token count 3; bucket general conversation.,0,0,0,0,
吃饭,to eat,new,170,general conversation;clip-pack;LMS 1000,,audio/words/吃饭.mp3,audio/meanings/to-eat.mp3,chī fàn,LMS 1000,Subtlex rank 553; LMS token count 9; bucket general conversation.,0,0,0,0,
气,air; gas,new,170,general conversation;clip-pack;LMS 1000,,audio/words/气.mp3,audio/meanings/air;-gas.mp3,qì,LMS 1000,Subtlex rank 508; LMS token count 31; bucket general conversation.,0,0,0,0,
掉,to drop,new,170,general conversation;clip-pack;LMS 1000,,audio/words/掉.mp3,audio/meanings/to-drop.mp3,diào,LMS 1000,Subtlex rank 673; LMS token count 72; bucket general conversation.,0,0,0,0,
每个,every; each,new,170,general conversation;clip-pack;LMS 1000,,audio/words/每个.mp3,audio/meanings/every;-each.mp3,měi gè,LMS 1000,Subtlex rank 710; LMS token count 20; bucket general conversation.,0,0,0,0,
子,child; son,new,170,general conversation;clip-pack;LMS 1000,,audio/words/子.mp3,audio/meanings/child;-son.mp3,zǐ,LMS 1000,Subtlex rank 506; LMS token count 26; bucket general conversation.,0,0,0,0,
个人,individual; personal,new,171,general conversation;clip-pack;LMS 1000,,audio/words/个人.mp3,audio/meanings/individual;-personal.mp3,gè rén,LMS 1000,Subtlex rank 519; LMS token count 6; bucket general conversation.,0,0,0,0,
过去,the past; to go over,new,171,general conversation;clip-pack;LMS 1000,,audio/words/过去.mp3,audio/meanings/the-past;-to-go-over.mp3,guò qù,LMS 1000,Subtlex rank 679; LMS token count 15; bucket general conversation.,0,0,0,0,
其他,other; else,new,171,general conversation;clip-pack;LMS 1000,,audio/words/其他.mp3,audio/meanings/other;-else.mp3,qí tā,LMS 1000,Subtlex rank 181; LMS token count 0; bucket general conversation.,0,0,0,0,
或者,or; perhaps,new,171,general conversation;clip-pack;LMS 1000,,audio/words/或者.mp3,audio/meanings/or;-perhaps.mp3,huò zhě,LMS 1000,Subtlex rank 182; LMS token count 0; bucket general conversation.,0,0,0,0,
身,body; self,new,171,general conversation;clip-pack;LMS 1000,,audio/words/身.mp3,audio/meanings/body;-self.mp3,shēn,LMS 1000,Subtlex rank 497; LMS token count 21; bucket general conversation.,0,0,0,0,
名,name; measure word,new,172,general conversation;clip-pack;LMS 1000,,audio/words/名.mp3,audio/meanings/name;-measure-word.mp3,míng,LMS 1000,Subtlex rank 460; LMS token count 17; bucket general conversation.,0,0,0,0,
白,white; in vain,new,172,general conversation;clip-pack;LMS 1000,,audio/words/白.mp3,audio/meanings/white;-in-vain.mp3,bái,LMS 1000,Subtlex rank 535; LMS token count 26; bucket general conversation.,0,0,0,0,
口,mouth; opening,new,172,general conversation;clip-pack;LMS 1000,,audio/words/口.mp3,audio/meanings/mouth;-opening.mp3,kǒu,LMS 1000,Subtlex rank 502; LMS token count 20; bucket general conversation.,0,0,0,0,
愿意,willing,new,172,general conversation;clip-pack;LMS 1000,,audio/words/愿意.mp3,audio/meanings/willing.mp3,yuàn yì,LMS 1000,Subtlex rank 698; LMS token count 14; bucket general conversation.,0,0,0,0,
藏,to hide,new,172,action/combat/training;clip-pack;LMS 1000,,audio/words/藏.mp3,audio/meanings/to-hide.mp3,cáng,LMS 1000,Subtlex rank 985; LMS token count 6; bucket action/combat/training.,0,0,0,0,
亮,bright; shiny,new,173,general conversation;clip-pack;LMS 1000,,audio/words/亮.mp3,audio/meanings/bright;-shiny.mp3,liàng,LMS 1000,Subtlex rank 587; LMS token count 30; bucket general conversation.,0,0,0,0,
本来,originally; at first,new,173,general conversation;clip-pack;LMS 1000,,audio/words/本来.mp3,audio/meanings/originally;-at-first.mp3,běn lái,LMS 1000,Subtlex rank 924; LMS token count 47; bucket general conversation.,0,0,0,0,
成为,to become,new,173,general conversation;clip-pack;LMS 1000,,audio/words/成为.mp3,audio/meanings/to-become.mp3,chéng wéi,LMS 1000,Subtlex rank 210; LMS token count 0; bucket general conversation.,0,0,0,0,
根本,at all; fundamentally,new,173,general conversation;clip-pack;LMS 1000,,audio/words/根本.mp3,audio/meanings/at-all;-fundamentally.mp3,gēn běn,LMS 1000,Subtlex rank 656; LMS token count 10; bucket general conversation.,0,0,0,0,
下面,below; underneath,new,173,general conversation;clip-pack;LMS 1000,,audio/words/下面.mp3,audio/meanings/below;-underneath.mp3,xià miàn,LMS 1000,Subtlex rank 513; LMS token count 4; bucket general conversation.,0,0,0,0,
赢,to win,new,174,general conversation;clip-pack;LMS 1000,,audio/words/赢.mp3,audio/meanings/to-win.mp3,yíng,LMS 1000,Subtlex rank 224; LMS token count 0; bucket general conversation.,0,0,0,0,
房子,house,new,174,general conversation;clip-pack;LMS 1000,,audio/words/房子.mp3,audio/meanings/house.mp3,fáng zi,LMS 1000,Subtlex rank 225; LMS token count 0; bucket general conversation.,0,0,0,0,
样子,appearance; look,new,174,general conversation;clip-pack;LMS 1000,,audio/words/样子.mp3,audio/meanings/appearance;-look.mp3,yàng zi,LMS 1000,Subtlex rank 852; LMS token count 27; bucket general conversation.,0,0,0,0,
打算,to plan,new,174,general conversation;clip-pack;LMS 1000,,audio/words/打算.mp3,audio/meanings/to-plan.mp3,dǎ suàn,LMS 1000,Subtlex rank 237; LMS token count 0; bucket general conversation.,0,0,0,0,
想法,way of thinking; opinion,new,174,general conversation;clip-pack;LMS 1000,,audio/words/想法.mp3,,xiǎng fǎ,LMS 1000,Subtlex rank 913; LMS token count 37; bucket general conversation.,0,0,0,0,
每天,every day; daily,new,175,general conversation;clip-pack;LMS 1000,,audio/words/每天.mp3,audio/meanings/every-day;-daily.mp3,měi tiān,LMS 1000,Subtlex rank 503; LMS token count 3; bucket general conversation.,0,0,0,0,
奇怪,strange; odd,new,175,general conversation;clip-pack;LMS 1000,,audio/words/奇怪.mp3,audio/meanings/strange;-odd.mp3,qí guài,LMS 1000,Subtlex rank 821; LMS token count 21; bucket general conversation.,0,0,0,0,
力,power; strength,new,175,general conversation;clip-pack;LMS 1000,,audio/words/力.mp3,audio/meanings/power;-strength.mp3,lì,LMS 1000,Subtlex rank 547; LMS token count 18; bucket general conversation.,0,0,0,0,
狗,dog,new,175,general conversation;clip-pack;LMS 1000,,audio/words/狗.mp3,audio/meanings/dog.mp3,gǒu,LMS 1000,Subtlex rank 448; LMS token count 10; bucket general conversation.,0,0,0,0,
除非,unless; only if,new,175,narrative glue;clip-pack;LMS 1000,,audio/words/除非.mp3,audio/meanings/unless;-only-if.mp3,chú fēi,LMS 1000,Subtlex rank 936; LMS token count 0; bucket narrative glue.,0,0,0,0,
甚至,even; so much so that,new,176,general conversation;clip-pack;LMS 1000,,audio/words/甚至.mp3,audio/meanings/even;-so-much-so-that.mp3,shèn zhì,LMS 1000,Subtlex rank 751; LMS token count 13; bucket general conversation.,0,0,0,0,
这次,this time,new,176,general conversation;clip-pack;LMS 1000,,audio/words/这次.mp3,audio/meanings/this-time.mp3,zhè cì,LMS 1000,Subtlex rank 520; LMS token count 3; bucket general conversation.,0,0,0,0,
出现,to appear,new,176,general conversation;clip-pack;LMS 1000,,audio/words/出现.mp3,audio/meanings/to-appear.mp3,chū xiàn,LMS 1000,Subtlex rank 743; LMS token count 12; bucket general conversation.,0,0,0,0,
教,to teach,new,176,general conversation;clip-pack;LMS 1000,,audio/words/教.mp3,audio/meanings/to-teach.mp3,jiào,LMS 1000,Subtlex rank 278; LMS token count 0; bucket general conversation.,0,0,0,0,
冷,cold,new,176,general conversation;clip-pack;LMS 1000,,audio/words/冷.mp3,audio/meanings/cold.mp3,lěng,LMS 1000,Subtlex rank 546; LMS token count 15; bucket general conversation.,0,0,0,0,
记,to remember,new,177,general conversation;clip-pack;LMS 1000,,audio/words/记.mp3,audio/meanings/to-remember.mp3,jì,LMS 1000,Subtlex rank 293; LMS token count 0; bucket general conversation.,0,0,0,0,
下次,next time,new,177,general conversation;clip-pack;LMS 1000,,audio/words/下次.mp3,audio/meanings/next-time.mp3,xià cì,LMS 1000,Subtlex rank 550; LMS token count 3; bucket general conversation.,0,0,0,0,
至少,at least,new,177,general conversation;clip-pack;LMS 1000,,audio/words/至少.mp3,audio/meanings/at-least.mp3,zhì shǎo,LMS 1000,Subtlex rank 768; LMS token count 12; bucket general conversation.,0,0,0,0,
不行,no way; won't work,new,177,general conversation;clip-pack;LMS 1000,,audio/words/不行.mp3,audio/meanings/no-way;-won't-work.mp3,bù xíng,LMS 1000,Subtlex rank 849; LMS token count 18; bucket general conversation.,0,0,0,0,
别的,other; else,new,177,general conversation;clip-pack;LMS 1000,,audio/words/别的.mp3,audio/meanings/other;-else.mp3,bié de,LMS 1000,Subtlex rank 801; LMS token count 13; bucket general conversation.,0,0,0,0,
根,root; measure word,new,178,general conversation;clip-pack;LMS 1000,,audio/words/根.mp3,audio/meanings/root;-measure-word.mp3,gēn,LMS 1000,Subtlex rank 313; LMS token count 0; bucket general conversation.,0,0,0,0,
算,to count,new,178,general conversation;clip-pack;LMS 1000,,audio/words/算.mp3,audio/meanings/to-count.mp3,suàn,LMS 1000,Subtlex rank 681; LMS token count 26; bucket general conversation.,0,0,0,0,
情况,situation; condition,new,178,general conversation;clip-pack;LMS 1000,,audio/words/情况.mp3,audio/meanings/situation;-condition.mp3,qíng kuàng,LMS 1000,Subtlex rank 654; LMS token count 5; bucket general conversation.,0,0,0,0,
错,wrong; mistake,new,178,general conversation;clip-pack;LMS 1000,,audio/words/错.mp3,audio/meanings/wrong;-mistake.mp3,cuò,LMS 1000,Subtlex rank 413; LMS token count 5; bucket general conversation.,0,0,0,0,
米,rice,new,178,general conversation;clip-pack;LMS 1000,,audio/words/米.mp3,audio/meanings/rice.mp3,mǐ,LMS 1000,Subtlex rank 324; LMS token count 0; bucket general conversation.,0,0,0,0,
月,month; moon,new,179,general conversation;clip-pack;LMS 1000,,audio/words/月.mp3,audio/meanings/month;-moon.mp3,yuè,LMS 1000,Subtlex rank 445; LMS token count 6; bucket general conversation.,0,0,0,0,
停,to stop,new,179,general conversation;clip-pack;LMS 1000,,audio/words/停.mp3,audio/meanings/to-stop.mp3,tíng,LMS 1000,Subtlex rank 701; LMS token count 26; bucket general conversation.,0,0,0,0,
句,sentence; measure word,new,179,general conversation;clip-pack;LMS 1000,,audio/words/句.mp3,audio/meanings/sentence;-measure-word.mp3,jù,LMS 1000,Subtlex rank 814; LMS token count 47; bucket general conversation.,0,0,0,0,
搬,to move,new,179,action/combat/training;clip-pack;LMS 1000,,audio/words/搬.mp3,audio/meanings/to-move.mp3,bān,LMS 1000,Subtlex rank 1038; LMS token count 3; bucket action/combat/training.,0,0,0,0,
安,peace; safe,new,179,general conversation;clip-pack;LMS 1000,,audio/words/安.mp3,audio/meanings/peace;-safe.mp3,ān,LMS 1000,Subtlex rank 565; LMS token count 11; bucket general conversation.,0,0,0,0,
第二,second,new,180,general conversation;clip-pack;LMS 1000,,audio/words/第二.mp3,audio/meanings/second.mp3,dì èr,LMS 1000,Subtlex rank 791; LMS token count 10; bucket general conversation.,0,0,0,0,
喝,to drink,new,180,general conversation;clip-pack;LMS 1000,,audio/words/喝.mp3,audio/meanings/to-drink.mp3,hē,LMS 1000,Subtlex rank 442; LMS token count 5; bucket general conversation.,0,0,0,0,
爬,to climb,new,180,general conversation;clip-pack;LMS 1000,,audio/words/爬.mp3,audio/meanings/to-climb.mp3,pá,LMS 1000,Subtlex rank 355; LMS token count 0; bucket general conversation.,0,0,0,0,
吹,to blow,new,180,general conversation;clip-pack;LMS 1000,,audio/words/吹.mp3,audio/meanings/to-blow.mp3,chuī,LMS 1000,Subtlex rank 357; LMS token count 0; bucket general conversation.,0,0,0,0,
邻居,neighbor,new,180,general conversation;clip-pack;LMS 1000,,audio/words/邻居.mp3,audio/meanings/neighbor.mp3,lín jū,LMS 1000,Subtlex rank 359; LMS token count 0; bucket general conversation.,0,0,0,0,
很快,very fast; soon,new,181,general conversation;clip-pack;LMS 1000,,audio/words/很快.mp3,audio/meanings/very-fast;-soon.mp3,hěn kuài,LMS 1000,Subtlex rank 1000; LMS token count 31; bucket general conversation.,0,0,0,0,
同,same; together,new,181,general conversation;clip-pack;LMS 1000,,audio/words/同.mp3,audio/meanings/same;-together.mp3,tóng,LMS 1000,Subtlex rank 487; LMS token count 6; bucket general conversation.,0,0,0,0,
越,more and more; to cross over,new,181,general conversation;clip-pack;LMS 1000,,audio/words/越.mp3,audio/meanings/more-and-more;-to-cross-over.mp3,yuè,LMS 1000,Subtlex rank 921; LMS token count 72; bucket general conversation.,0,0,0,0,
那边,over there; that side,new,181,general conversation;clip-pack;LMS 1000,,audio/words/那边.mp3,audio/meanings/over-there;-that-side.mp3,nà biān,LMS 1000,Subtlex rank 776; LMS token count 8; bucket general conversation.,0,0,0,0,
创造,to create,new,181,general conversation;clip-pack;LMS 1000,,audio/words/创造.mp3,audio/meanings/to-create.mp3,chuàng zào,LMS 1000,Subtlex rank 370; LMS token count 0; bucket general conversation.,0,0,0,0,
连,even; to connect,new,182,general conversation;clip-pack;LMS 1000,,audio/words/连.mp3,audio/meanings/even;-to-connect.mp3,lián,LMS 1000,Subtlex rank 731; LMS token count 24; bucket general conversation.,0,0,0,0,
黑,black; dark,new,182,general conversation;clip-pack;LMS 1000,,audio/words/黑.mp3,audio/meanings/black;-dark.mp3,hēi,LMS 1000,Subtlex rank 496; LMS token count 6; bucket general conversation.,0,0,0,0,
往,to go,new,182,general conversation;clip-pack;LMS 1000,,audio/words/往.mp3,audio/meanings/to-go.mp3,wǎng,LMS 1000,Subtlex rank 810; LMS token count 37; bucket general conversation.,0,0,0,0,
再说,to say again,new,182,social/conversation;clip-pack;LMS 1000,,audio/words/再说.mp3,audio/meanings/to-say-again.mp3,zài shuō,LMS 1000,Subtlex rank 1388; LMS token count 5; bucket social/conversation.,0,0,0,0,
百,hundred,new,182,general conversation;clip-pack;LMS 1000,,audio/words/百.mp3,audio/meanings/hundred.mp3,bǎi,LMS 1000,Subtlex rank 397; LMS token count 3; bucket general conversation.,0,0,0,0,
神奇,magical; miraculous,new,183,general conversation;clip-pack;LMS 1000,,audio/words/神奇.mp3,audio/meanings/magical;-miraculous.mp3,shén qí,LMS 1000,Subtlex rank 379; LMS token count 0; bucket general conversation.,0,0,0,0,
躲,to evade,new,183,action/combat/training;clip-pack;LMS 1000,,audio/words/躲.mp3,audio/meanings/to-evade.mp3,duǒ,LMS 1000,Subtlex rank 1252; LMS token count 9; bucket action/combat/training.,0,0,0,0,
改变,to change,new,183,general conversation;clip-pack;LMS 1000,,audio/words/改变.mp3,audio/meanings/to-change.mp3,gǎi biàn,LMS 1000,Subtlex rank 741; LMS token count 6; bucket general conversation.,0,0,0,0,
年纪,age,new,183,general conversation;clip-pack;LMS 1000,,audio/words/年纪.mp3,audio/meanings/age.mp3,nián jì,LMS 1000,Subtlex rank 382; LMS token count 0; bucket general conversation.,0,0,0,0,
学,to study,new,183,general conversation;clip-pack;LMS 1000,,audio/words/学.mp3,audio/meanings/to-study.mp3,xué,LMS 1000,Subtlex rank 482; LMS token count 5; bucket general conversation.,0,0,0,0,
包,bag; to wrap,new,184,general conversation;clip-pack;LMS 1000,,audio/words/包.mp3,audio/meanings/bag;-to-wrap.mp3,bāo,LMS 1000,Subtlex rank 514; LMS token count 6; bucket general conversation.,0,0,0,0,
醒来,to wake up,new,184,general conversation;clip-pack;LMS 1000,,audio/words/醒来.mp3,audio/meanings/to-wake-up.mp3,xǐng lái,LMS 1000,Subtlex rank 393; LMS token count 0; bucket general conversation.,0,0,0,0,
我们,we,new,184,general conversation;clip-pack;LMS 1000,,audio/words/我们.mp3,audio/meanings/we.mp3,wǒ men,LMS 1000,Subtlex rank 398; LMS token count 0; bucket general conversation.,0,0,0,0,
车,car; vehicle,new,184,general conversation;clip-pack;LMS 1000,,audio/words/车.mp3,audio/meanings/car;-vehicle.mp3,chē,LMS 1000,Subtlex rank 422; LMS token count 3; bucket general conversation.,0,0,0,0,
想想,to think about it,new,184,emotion/internal arc;clip-pack;LMS 1000,,audio/words/想想.mp3,,xiǎng xiang,LMS 1000,Subtlex rank 1082; LMS token count 0; bucket emotion/internal arc.,0,0,0,0,
你们,you,new,185,general conversation;clip-pack;LMS 1000,,audio/words/你们.mp3,audio/meanings/you.mp3,nǐ men,LMS 1000,Subtlex rank 402; LMS token count 0; bucket general conversation.,0,0,0,0,
先生,Mr.; sir,new,185,general conversation;clip-pack;LMS 1000,,audio/words/先生.mp3,audio/meanings/Mr.;-sir.mp3,xiān shēng,LMS 1000,Subtlex rank 408; LMS token count 0; bucket general conversation.,0,0,0,0,
成功,to succeed; success,new,185,general conversation;clip-pack;LMS 1000,,audio/words/成功.mp3,audio/meanings/to-succeed;-success.mp3,chéng gōng,LMS 1000,Subtlex rank 795; LMS token count 7; bucket general conversation.,0,0,0,0,
成,to become,new,185,general conversation;clip-pack;LMS 1000,,audio/words/成.mp3,audio/meanings/to-become.mp3,chéng,LMS 1000,Subtlex rank 444; LMS token count 3; bucket general conversation.,0,0,0,0,
本,this; original,new,185,general conversation;clip-pack;LMS 1000,,audio/words/本.mp3,audio/meanings/this;-original.mp3,běn,LMS 1000,Subtlex rank 692; LMS token count 14; bucket general conversation.,0,0,0,0,
洗,to wash,new,186,general conversation;clip-pack;LMS 1000,,audio/words/洗.mp3,audio/meanings/to-wash.mp3,xǐ,LMS 1000,Subtlex rank 523; LMS token count 5; bucket general conversation.,0,0,0,0,
结果,result; outcome,new,186,general conversation;clip-pack;LMS 1000,,audio/words/结果.mp3,audio/meanings/result;-outcome.mp3,jié guǒ,LMS 1000,Subtlex rank 754; LMS token count 5; bucket general conversation.,0,0,0,0,
发生,to happen,new,186,general conversation;clip-pack;LMS 1000,,audio/words/发生.mp3,audio/meanings/to-happen.mp3,fā shēng,LMS 1000,Subtlex rank 423; LMS token count 0; bucket general conversation.,0,0,0,0,
选,to choose,new,186,general conversation;clip-pack;LMS 1000,,audio/words/选.mp3,audio/meanings/to-choose.mp3,xuǎn,LMS 1000,Subtlex rank 775; LMS token count 22; bucket general conversation.,0,0,0,0,
肯定,definitely; certain,new,186,general conversation;clip-pack;LMS 1000,,audio/words/肯定.mp3,audio/meanings/definitely;-certain.mp3,kěn dìng,LMS 1000,Subtlex rank 430; LMS token count 0; bucket general conversation.,0,0,0,0,
电话,telephone; phone call,new,187,general conversation;clip-pack;LMS 1000,,audio/words/电话.mp3,audio/meanings/telephone;-phone-call.mp3,diàn huà,LMS 1000,Subtlex rank 431; LMS token count 0; bucket general conversation.,0,0,0,0,
等等,and so on; wait a moment,new,187,general conversation;clip-pack;LMS 1000,,audio/words/等等.mp3,audio/meanings/and-so-on;-wait-a-moment.mp3,děng děng,LMS 1000,Subtlex rank 436; LMS token count 0; bucket general conversation.,0,0,0,0,
节目,program; show,new,187,general conversation;clip-pack;LMS 1000,,audio/words/节目.mp3,audio/meanings/program;-show.mp3,jié mù,LMS 1000,Subtlex rank 798; LMS token count 6; bucket general conversation.,0,0,0,0,
还要,still need; also want,new,187,general conversation;clip-pack;LMS 1000,,audio/words/还要.mp3,,hái yào,LMS 1000,Subtlex rank 915; LMS token count 12; bucket general conversation.,0,0,0,0,
战斗,battle; combat,new,187,game/progression;clip-pack;LMS 1000,,audio/words/战斗.mp3,audio/meanings/battle;-combat.mp3,zhàn dòu,LMS 1000,Subtlex rank 1596; LMS token count 12; bucket game/progression.,0,0,0,0,
今晚,tonight; this evening,new,188,general conversation;clip-pack;LMS 1000,,audio/words/今晚.mp3,audio/meanings/tonight;-this-evening.mp3,jīn wǎn,LMS 1000,Subtlex rank 441; LMS token count 0; bucket general conversation.,0,0,0,0,
女孩,girl,new,188,general conversation;clip-pack;LMS 1000,,audio/words/女孩.mp3,audio/meanings/girl.mp3,nǚ hái,LMS 1000,Subtlex rank 443; LMS token count 0; bucket general conversation.,0,0,0,0,
少,few; little,new,188,general conversation;clip-pack;LMS 1000,,audio/words/少.mp3,audio/meanings/few;-little.mp3,shǎo,LMS 1000,Subtlex rank 853; LMS token count 30; bucket general conversation.,0,0,0,0,
来到,arrive,new,188,general conversation;clip-pack;LMS 1000,,audio/words/来到.mp3,audio/meanings/arrive.mp3,lái dào,LMS 1000,Subtlex rank 1087; LMS token count 31; bucket general conversation.,0,0,0,0,
于,in,new,188,general conversation;clip-pack;LMS 1000,,audio/words/于.mp3,audio/meanings/in.mp3,yú,LMS 1000,Subtlex rank 707; LMS token count 13; bucket general conversation.,0,0,0,0,
美国,United States; USA,new,189,general conversation;clip-pack;LMS 1000,,audio/words/美国.mp3,,měi guó,LMS 1000,Subtlex rank 447; LMS token count 0; bucket general conversation.,0,0,0,0,
打电话,to make a phone call,new,189,general conversation;clip-pack;LMS 1000,,audio/words/打电话.mp3,audio/meanings/to-make-a-phone-call.mp3,dǎ diàn huà,LMS 1000,Subtlex rank 454; LMS token count 0; bucket general conversation.,0,0,0,0,
恭喜,Congratulations / joyous greetings; happy occasion,new,189,emotion/internal arc;clip-pack;LMS 1000,,audio/words/恭喜.mp3,audio/meanings/Congratulations---joyous-greetings;-happy-occasion.mp3,gōng xǐ,LMS 1000,Subtlex rank 1135; LMS token count 0; bucket emotion/internal arc.,0,0,0,0,
儿子,son,new,189,general conversation;clip-pack;LMS 1000,,audio/words/儿子.mp3,audio/meanings/son.mp3,ér zi,LMS 1000,Subtlex rank 455; LMS token count 0; bucket general conversation.,0,0,0,0,
检查,to check,new,189,general conversation;clip-pack;LMS 1000,,audio/words/检查.mp3,audio/meanings/to-check.mp3,jiǎn chá,LMS 1000,Subtlex rank 881; LMS token count 9; bucket general conversation.,0,0,0,0,
再见,goodbye,new,190,general conversation;clip-pack;LMS 1000,,audio/words/再见.mp3,audio/meanings/goodbye.mp3,zài jiàn,LMS 1000,Subtlex rank 456; LMS token count 0; bucket general conversation.,0,0,0,0,
真是,really; truly,new,190,general conversation;clip-pack;LMS 1000,,audio/words/真是.mp3,audio/meanings/really;-truly.mp3,zhēn shì,LMS 1000,Subtlex rank 457; LMS token count 0; bucket general conversation.,0,0,0,0,
公司,company; corporation,new,190,general conversation;clip-pack;LMS 1000,,audio/words/公司.mp3,audio/meanings/company;-corporation.mp3,gōng sī,LMS 1000,Subtlex rank 458; LMS token count 0; bucket general conversation.,0,0,0,0,
消息,news; message,new,190,general conversation;clip-pack;LMS 1000,,audio/words/消息.mp3,audio/meanings/news;-message.mp3,xiāo xī,LMS 1000,Subtlex rank 716; LMS token count 3; bucket general conversation.,0,0,0,0,
努力,to work hard; effort,new,190,general conversation;clip-pack;LMS 1000,,audio/words/努力.mp3,audio/meanings/to-work-hard;-effort.mp3,nǔ lì,LMS 1000,Subtlex rank 792; LMS token count 5; bucket general conversation.,0,0,0,0,
电视,television,new,191,general conversation;clip-pack;LMS 1000,,audio/words/电视.mp3,audio/meanings/television.mp3,diàn shì,LMS 1000,Subtlex rank 893; LMS token count 9; bucket general conversation.,0,0,0,0,
强,strong; powerful,new,191,general conversation;clip-pack;LMS 1000,,audio/words/强.mp3,audio/meanings/strong;-powerful.mp3,qiáng,LMS 1000,Subtlex rank 894; LMS token count 33; bucket general conversation.,0,0,0,0,
她们,they; them,new,191,general conversation;clip-pack;LMS 1000,,audio/words/她们.mp3,audio/meanings/they;-them.mp3,tā men,LMS 1000,Subtlex rank 468; LMS token count 0; bucket general conversation.,0,0,0,0,
张,measure word; to open,new,191,general conversation;clip-pack;LMS 1000,,audio/words/张.mp3,audio/meanings/measure-word;-to-open.mp3,zhāng,LMS 1000,Subtlex rank 686; LMS token count 10; bucket general conversation.,0,0,0,0,
女儿,daughter,new,191,general conversation;clip-pack;LMS 1000,,audio/words/女儿.mp3,audio/meanings/daughter.mp3,nǚ ér,LMS 1000,Subtlex rank 470; LMS token count 0; bucket general conversation.,0,0,0,0,
小姐,Miss; young lady,new,192,general conversation;clip-pack;LMS 1000,,audio/words/小姐.mp3,audio/meanings/Miss;-young-lady.mp3,xiǎo jiě,LMS 1000,Subtlex rank 471; LMS token count 0; bucket general conversation.,0,0,0,0,
原因,reason; cause,new,192,general conversation;clip-pack;LMS 1000,,audio/words/原因.mp3,audio/meanings/reason;-cause.mp3,yuán yīn,LMS 1000,Subtlex rank 728; LMS token count 3; bucket general conversation.,0,0,0,0,
听说,to hear that; it is said,new,192,general conversation;clip-pack;LMS 1000,,audio/words/听说.mp3,audio/meanings/to-hear-that;-it-is-said.mp3,tīng shuō,LMS 1000,Subtlex rank 474; LMS token count 0; bucket general conversation.,0,0,0,0,
人们,people; the public,new,192,general conversation;clip-pack;LMS 1000,,audio/words/人们.mp3,audio/meanings/people;-the-public.mp3,rén men,LMS 1000,Subtlex rank 476; LMS token count 0; bucket general conversation.,0,0,0,0,
电影,movie; film,new,192,general conversation;clip-pack;LMS 1000,,audio/words/电影.mp3,audio/meanings/movie;-film.mp3,diàn yǐng,LMS 1000,Subtlex rank 478; LMS token count 0; bucket general conversation.,0,0,0,0,
放松,to relax,new,193,general conversation;clip-pack;LMS 1000,,audio/words/放松.mp3,audio/meanings/to-relax.mp3,fàng sōng,LMS 1000,Subtlex rank 968; LMS token count 13; bucket general conversation.,0,0,0,0,
试,to try,new,193,general conversation;clip-pack;LMS 1000,,audio/words/试.mp3,audio/meanings/to-try.mp3,shì,LMS 1000,Subtlex rank 744; LMS token count 13; bucket general conversation.,0,0,0,0,
够,enough; sufficient,new,193,general conversation;clip-pack;LMS 1000,,audio/words/够.mp3,audio/meanings/enough;-sufficient.mp3,gòu,LMS 1000,Subtlex rank 684; LMS token count 9; bucket general conversation.,0,0,0,0,
接,to receive,new,193,general conversation;clip-pack;LMS 1000,,audio/words/接.mp3,audio/meanings/to-receive.mp3,jiē,LMS 1000,Subtlex rank 687; LMS token count 9; bucket general conversation.,0,0,0,0,
可爱,cute; adorable,new,193,general conversation;clip-pack;LMS 1000,,audio/words/可爱.mp3,audio/meanings/cute;-adorable.mp3,kě ài,LMS 1000,Subtlex rank 486; LMS token count 0; bucket general conversation.,0,0,0,0,
不管,regardless; no matter,new,194,general conversation;clip-pack;LMS 1000,,audio/words/不管.mp3,audio/meanings/regardless;-no-matter.mp3,bù guǎn,LMS 1000,Subtlex rank 745; LMS token count 3; bucket general conversation.,0,0,0,0,
不同,different,new,194,general conversation;clip-pack;LMS 1000,,audio/words/不同.mp3,audio/meanings/different.mp3,bù tóng,LMS 1000,Subtlex rank 489; LMS token count 0; bucket general conversation.,0,0,0,0,
飞机,airplane; aircraft,new,194,general conversation;clip-pack;LMS 1000,,audio/words/飞机.mp3,audio/meanings/airplane;-aircraft.mp3,fēi jī,LMS 1000,Subtlex rank 490; LMS token count 0; bucket general conversation.,0,0,0,0,
男孩,boy,new,194,general conversation;clip-pack;LMS 1000,,audio/words/男孩.mp3,audio/meanings/boy.mp3,nán hái,LMS 1000,Subtlex rank 492; LMS token count 0; bucket general conversation.,0,0,0,0,
美元,US dollar,new,194,general conversation;clip-pack;LMS 1000,,audio/words/美元.mp3,audio/meanings/US-dollar.mp3,měi yuán,LMS 1000,Subtlex rank 493; LMS token count 0; bucket general conversation.,0,0,0,0,
这边,this side; over here,new,195,general conversation;clip-pack;LMS 1000,,audio/words/这边.mp3,audio/meanings/this-side;-over-here.mp3,zhè biān,LMS 1000,Subtlex rank 494; LMS token count 0; bucket general conversation.,0,0,0,0,
留下,to leave behind,new,195,general conversation;clip-pack;LMS 1000,,audio/words/留下.mp3,audio/meanings/to-leave-behind.mp3,liú xià,LMS 1000,Subtlex rank 902; LMS token count 8; bucket general conversation.,0,0,0,0,
首,head; first,new,195,general conversation;clip-pack;LMS 1000,,audio/words/首.mp3,audio/meanings/head;-first.mp3,shǒu,LMS 1000,Subtlex rank 275; LMS token count 0; bucket general conversation.,0,0,0,0,
技术,technology; skill,new,195,game/progression;clip-pack;LMS 1000,,audio/words/技术.mp3,audio/meanings/technology;-skill.mp3,jì shù,LMS 1000,Subtlex rank 1436; LMS token count 3; bucket game/progression.,0,0,0,0,
点儿,a little; a bit,new,195,general conversation;clip-pack;LMS 1000,,audio/words/点儿.mp3,,diǎn er,LMS 1000,Subtlex rank 500; LMS token count 0; bucket general conversation.,0,0,0,0,
大学,university; college,new,196,general conversation;clip-pack;LMS 1000,,audio/words/大学.mp3,audio/meanings/university;-college.mp3,dà xué,LMS 1000,Subtlex rank 501; LMS token count 0; bucket general conversation.,0,0,0,0,
放弃,to give up,new,196,general conversation;clip-pack;LMS 1000,,audio/words/放弃.mp3,audio/meanings/to-give-up.mp3,fàng qì,LMS 1000,Subtlex rank 891; LMS token count 7; bucket general conversation.,0,0,0,0,
怎么办,what to do,new,196,general conversation;clip-pack;LMS 1000,,audio/words/怎么办.mp3,audio/meanings/what-to-do.mp3,zěn me bàn,LMS 1000,Subtlex rank 764; LMS token count 3; bucket general conversation.,0,0,0,0,
小孩,child; kid,new,196,general conversation;clip-pack;LMS 1000,,audio/words/小孩.mp3,audio/meanings/child;-kid.mp3,xiǎo hái,LMS 1000,Subtlex rank 510; LMS token count 0; bucket general conversation.,0,0,0,0,
星期,week,new,196,general conversation;clip-pack;LMS 1000,,audio/words/星期.mp3,audio/meanings/week.mp3,xīng qī,LMS 1000,Subtlex rank 511; LMS token count 0; bucket general conversation.,0,0,0,0,
生日,birthday,new,197,general conversation;clip-pack;LMS 1000,,audio/words/生日.mp3,audio/meanings/birthday.mp3,shēng rì,LMS 1000,Subtlex rank 512; LMS token count 0; bucket general conversation.,0,0,0,0,
手机,cell phone,new,197,general conversation;clip-pack;LMS 1000,,audio/words/手机.mp3,audio/meanings/cell-phone.mp3,shǒu jī,LMS 1000,Subtlex rank 518; LMS token count 0; bucket general conversation.,0,0,0,0,
记住,to remember,new,197,general conversation;clip-pack;LMS 1000,,audio/words/记住.mp3,audio/meanings/to-remember.mp3,jì zhù,LMS 1000,Subtlex rank 1053; LMS token count 17; bucket general conversation.,0,0,0,0,
杀人,to kill someone; murder,new,197,general conversation;clip-pack;LMS 1000,,audio/words/杀人.mp3,audio/meanings/to-kill-someone;-murder.mp3,shā rén,LMS 1000,Subtlex rank 525; LMS token count 0; bucket general conversation.,0,0,0,0,
什么样,what kind,new,197,general conversation;clip-pack;LMS 1000,,audio/words/什么样.mp3,audio/meanings/what-kind.mp3,shén me yàng,LMS 1000,Subtlex rank 526; LMS token count 0; bucket general conversation.,0,0,0,0,
部分,part; portion,new,198,general conversation;clip-pack;LMS 1000,,audio/words/部分.mp3,audio/meanings/part;-portion.mp3,bù fen,LMS 1000,Subtlex rank 859; LMS token count 5; bucket general conversation.,0,0,0,0,
人生,life,new,198,general conversation;clip-pack;LMS 1000,,audio/words/人生.mp3,audio/meanings/life.mp3,rén shēng,LMS 1000,Subtlex rank 532; LMS token count 0; bucket general conversation.,0,0,0,0,
冰,ice,new,198,general conversation;clip-pack;LMS 1000,,audio/words/冰.mp3,audio/meanings/ice.mp3,bīng,LMS 1000,Subtlex rank 571; LMS token count 3; bucket general conversation.,0,0,0,0,
声,sound; voice,new,198,general conversation;clip-pack;LMS 1000,,audio/words/声.mp3,audio/meanings/sound;-voice.mp3,shēng,LMS 1000,Subtlex rank 935; LMS token count 27; bucket general conversation.,0,0,0,0,
一半,half,new,198,general conversation;clip-pack;LMS 1000,,audio/words/一半.mp3,audio/meanings/half.mp3,yí bàn,LMS 1000,Subtlex rank 537; LMS token count 0; bucket general conversation.,0,0,0,0,
脱,to take off,new,199,general conversation;clip-pack;LMS 1000,,audio/words/脱.mp3,audio/meanings/to-take-off.mp3,tuō,LMS 1000,Subtlex rank 322; LMS token count 0; bucket general conversation.,0,0,0,0,
明星,celebrity; star,new,199,general conversation;clip-pack;LMS 1000,,audio/words/明星.mp3,audio/meanings/celebrity;-star.mp3,míng xīng,LMS 1000,Subtlex rank 543; LMS token count 0; bucket general conversation.,0,0,0,0,
汽车,car; automobile,new,199,general conversation;clip-pack;LMS 1000,,audio/words/汽车.mp3,audio/meanings/car;-automobile.mp3,qì chē,LMS 1000,Subtlex rank 545; LMS token count 0; bucket general conversation.,0,0,0,0,
方法,method; way,new,199,general conversation;clip-pack;LMS 1000,,audio/words/方法.mp3,audio/meanings/method;-way.mp3,fāng fǎ,LMS 1000,Subtlex rank 955; LMS token count 8; bucket general conversation.,0,0,0,0,
喝酒,to drink alcohol,new,199,general conversation;clip-pack;LMS 1000,,audio/words/喝酒.mp3,audio/meanings/to-drink-alcohol.mp3,hē jiǔ,LMS 1000,Subtlex rank 549; LMS token count 0; bucket general conversation.,0,0,0,0,
嗯,uh-huh; hmm,new,200,general conversation;clip-pack;LMS 1000,,audio/words/嗯.mp3,audio/meanings/uh-huh;-hmm.mp3,ńg,LMS 1000,Subtlex rank 665; LMS token count 5; bucket general conversation.,0,0,0,0,
公园,park,new,200,general conversation;clip-pack;LMS 1000,,audio/words/公园.mp3,audio/meanings/park.mp3,gōng yuán,LMS 1000,Subtlex rank 551; LMS token count 0; bucket general conversation.,0,0,0,0,
武器,weapon; arms,new,200,general conversation;clip-pack;LMS 1000,,audio/words/武器.mp3,audio/meanings/weapon;-arms.mp3,wǔ qì,LMS 1000,Subtlex rank 1028; LMS token count 12; bucket general conversation.,0,0,0,0,
听听,to listen; have a listen,new,200,general conversation;clip-pack;LMS 1000,,audio/words/听听.mp3,,tīng ting,LMS 1000,Subtlex rank 554; LMS token count 0; bucket general conversation.,0,0,0,0,
比较,to compare; comparatively,new,200,general conversation;clip-pack;LMS 1000,,audio/words/比较.mp3,audio/meanings/to-compare;-comparatively.mp3,bǐ jiào,LMS 1000,Subtlex rank 1078; LMS token count 16; bucket general conversation.,0,0,0,0,
形容词,adjective,new,201,fluent forever;clip-pack;LMS 1000,,,,xíng róng cí,Fluent Forever 625,Imported from 625-words-fluent-forever.csv via Ollama hy-mt2:1.8b.,0,0,0,0,
机场,airport,new,201,fluent forever;clip-pack;LMS 1000,,,,jī chǎng,Fluent Forever 625,Imported from 625-words-fluent-forever.csv via Ollama hy-mt2:1.8b.,0,0,0,0,
公寓,apartment,new,201,fluent forever;clip-pack;LMS 1000,,,,gōng yù,Fluent Forever 625,Imported from 625-words-fluent-forever.csv via Ollama hy-mt2:1.8b.,0,0,0,0,
苹果,apple,new,201,fluent forever;clip-pack;LMS 1000,,,,píng guǒ,Fluent Forever 625,Imported from 625-words-fluent-forever.csv via Ollama hy-mt2:1.8b.,0,0,0,0,
四月,April,new,201,fluent forever;clip-pack;LMS 1000,,,,sì yuè,Fluent Forever 625,Imported from 625-words-fluent-forever.csv via Ollama hy-mt2:1.8b.,0,0,0,0,
手臂,arm,new,202,fluent forever;clip-pack;LMS 1000,,,,shǒu bì,Fluent Forever 625,Imported from 625-words-fluent-forever.csv via Ollama hy-mt2:1.8b.,0,0,0,0,
军队,army,new,202,fluent forever;clip-pack;LMS 1000,,,,jūn duì,Fluent Forever 625,Imported from 625-words-fluent-forever.csv via Ollama hy-mt2:1.8b.,0,0,0,0,
攻击,attack,new,202,fluent forever;clip-pack;LMS 1000,,,,gōng jī,Fluent Forever 625,Imported from 625-words-fluent-forever.csv via Ollama hy-mt2:1.8b.,0,0,0,0,
八月,August,new,202,fluent forever;clip-pack;LMS 1000,,,,bā yuè,Fluent Forever 625,Imported from 625-words-fluent-forever.csv via Ollama hy-mt2:1.8b.,0,0,0,0,
婴儿,baby,new,202,fluent forever;clip-pack;LMS 1000,,,,yīng ér,Fluent Forever 625,Imported from 625-words-fluent-forever.csv via Ollama hy-mt2:1.8b.,0,0,0,0,
球,ball,new,203,fluent forever;clip-pack;LMS 1000,,,,qiú,Fluent Forever 625,Imported from 625-words-fluent-forever.csv via Ollama hy-mt2:1.8b.,0,0,0,0,
香蕉,banana,new,203,fluent forever;clip-pack;LMS 1000,,,,xiāng jiāo,Fluent Forever 625,Imported from 625-words-fluent-forever.csv via Ollama hy-mt2:1.8b.,0,0,0,0,
乐队,band,new,203,fluent forever;clip-pack;LMS 1000,,,,yuè duì,Fluent Forever 625,Imported from 625-words-fluent-forever.csv via Ollama hy-mt2:1.8b.,0,0,0,0,
酒吧,bar,new,203,fluent forever;clip-pack;LMS 1000,,,,jiǔ bā,Fluent Forever 625,Imported from 625-words-fluent-forever.csv via Ollama hy-mt2:1.8b.,0,0,0,0,
浴室,bathroom,new,203,fluent forever;clip-pack;LMS 1000,,,,yù shì,Fluent Forever 625,Imported from 625-words-fluent-forever.csv via Ollama hy-mt2:1.8b.,0,0,0,0,
海滩,beach,new,204,fluent forever;clip-pack;LMS 1000,,,,hǎi tān,Fluent Forever 625,Imported from 625-words-fluent-forever.csv via Ollama hy-mt2:1.8b.,0,0,0,0,
胡子,beard,new,204,fluent forever;clip-pack;LMS 1000,,,,hú zi,Fluent Forever 625,Imported from 625-words-fluent-forever.csv via Ollama hy-mt2:1.8b.,0,0,0,0,
卧室,bedroom,new,204,fluent forever;clip-pack;LMS 1000,,,,wò shì,Fluent Forever 625,Imported from 625-words-fluent-forever.csv via Ollama hy-mt2:1.8b.,0,0,0,0,
牛肉,beef,new,204,fluent forever;clip-pack;LMS 1000,,,,niú ròu,Fluent Forever 625,Imported from 625-words-fluent-forever.csv via Ollama hy-mt2:1.8b.,0,0,0,0,
啤酒,beer,new,204,fluent forever;clip-pack;LMS 1000,,,,pí jiǔ,Fluent Forever 625,Imported from 625-words-fluent-forever.csv via Ollama hy-mt2:1.8b.,0,0,0,0,
弯曲,bend,new,205,fluent forever;clip-pack;LMS 1000,,,,wān qū,Fluent Forever 625,Imported from 625-words-fluent-forever.csv via Ollama hy-mt2:1.8b.,0,0,0,0,
饮料,beverage,new,205,fluent forever;clip-pack;LMS 1000,,,,yǐn liào,Fluent Forever 625,Imported from 625-words-fluent-forever.csv via Ollama hy-mt2:1.8b.,0,0,0,0,
自行车,bicycle,new,205,fluent forever;clip-pack;LMS 1000,,,,zì xíng chē,Fluent Forever 625,Imported from 625-words-fluent-forever.csv via Ollama hy-mt2:1.8b.,0,0,0,0,
账单,bill,new,205,fluent forever;clip-pack;LMS 1000,,,,zhàng dān,Fluent Forever 625,Imported from 625-words-fluent-forever.csv via Ollama hy-mt2:1.8b.,0,0,0,0,
盲,blind,new,205,fluent forever;clip-pack;LMS 1000,,,,máng,Fluent Forever 625,Imported from 625-words-fluent-forever.csv via Ollama hy-mt2:1.8b.,0,0,0,0,
血,blood,new,206,fluent forever;clip-pack;LMS 1000,,,,xuè,Fluent Forever 625,Imported from 625-words-fluent-forever.csv via Ollama hy-mt2:1.8b.,0,0,0,0,
蓝色,blue,new,206,fluent forever;clip-pack;LMS 1000,,,,lán sè,Fluent Forever 625,Imported from 625-words-fluent-forever.csv via Ollama hy-mt2:1.8b.,0,0,0,0,
骨头,bone,new,206,fluent forever;clip-pack;LMS 1000,,,,gǔ tou,Fluent Forever 625,Imported from 625-words-fluent-forever.csv via Ollama hy-mt2:1.8b.,0,0,0,0,
底部,bottom,new,206,fluent forever;clip-pack;LMS 1000,,,,dǐ bù,Fluent Forever 625,Imported from 625-words-fluent-forever.csv via Ollama hy-mt2:1.8b.,0,0,0,0,
箱子,box,new,206,fluent forever;clip-pack;LMS 1000,,,,xiāng zǐ,Fluent Forever 625,Imported from 625-words-fluent-forever.csv via Ollama hy-mt2:1.8b.,0,0,0,0,
大脑,brain,new,207,fluent forever;clip-pack;LMS 1000,,,,dà nǎo,Fluent Forever 625,Imported from 625-words-fluent-forever.csv via Ollama hy-mt2:1.8b.,0,0,0,0,
面包,bread,new,207,fluent forever;clip-pack;LMS 1000,,,,miàn bāo,Fluent Forever 625,Imported from 625-words-fluent-forever.csv via Ollama hy-mt2:1.8b.,0,0,0,0,
打破,break,new,207,fluent forever;clip-pack;LMS 1000,,,,dǎ pò,Fluent Forever 625,Imported from 625-words-fluent-forever.csv via Ollama hy-mt2:1.8b.,0,0,0,0,
早餐,breakfast,new,207,fluent forever;clip-pack;LMS 1000,,,,zǎo cān,Fluent Forever 625,Imported from 625-words-fluent-forever.csv via Ollama hy-mt2:1.8b.,0,0,0,0,
桥,bridge,new,207,fluent forever;clip-pack;LMS 1000,,,,qiáo,Fluent Forever 625,Imported from 625-words-fluent-forever.csv via Ollama hy-mt2:1.8b.,0,0,0,0,
棕色,brown,new,208,fluent forever;clip-pack;LMS 1000,,,,zōng sè,Fluent Forever 625,Imported from 625-words-fluent-forever.csv via Ollama hy-mt2:1.8b.,0,0,0,0,
建造,build,new,208,fluent forever;clip-pack;LMS 1000,,,,jiàn zào,Fluent Forever 625,Imported from 625-words-fluent-forever.csv via Ollama hy-mt2:1.8b.,0,0,0,0,
建筑,building,new,208,fluent forever;clip-pack;LMS 1000,,,,jiàn zhù,Fluent Forever 625,Imported from 625-words-fluent-forever.csv via Ollama hy-mt2:1.8b.,0,0,0,0,
燃烧,burn,new,208,fluent forever;clip-pack;LMS 1000,,,,rán shāo,Fluent Forever 625,Imported from 625-words-fluent-forever.csv via Ollama hy-mt2:1.8b.,0,0,0,0,
公交车,bus,new,208,fluent forever;clip-pack;LMS 1000,,,,gōng jiāo chē,Fluent Forever 625,Imported from 625-words-fluent-forever.csv via Ollama hy-mt2:1.8b.,0,0,0,0,
蛋糕,cake,new,209,fluent forever;clip-pack;LMS 1000,,,,dàn gāo,Fluent Forever 625,Imported from 625-words-fluent-forever.csv via Ollama hy-mt2:1.8b.,0,0,0,0,
相机,camera,new,209,fluent forever;clip-pack;LMS 1000,,,,xiàng jī,Fluent Forever 625,Imported from 625-words-fluent-forever.csv via Ollama hy-mt2:1.8b.,0,0,0,0,
营地,camp,new,209,fluent forever;clip-pack;LMS 1000,,,,yíng dì,Fluent Forever 625,Imported from 625-words-fluent-forever.csv via Ollama hy-mt2:1.8b.,0,0,0,0,
卡片,card,new,209,fluent forever;clip-pack;LMS 1000,,,,kǎ piàn,Fluent Forever 625,Imported from 625-words-fluent-forever.csv via Ollama hy-mt2:1.8b.,0,0,0,0,
携带,carry,new,209,fluent forever;clip-pack;LMS 1000,,,,xié dài,Fluent Forever 625,Imported from 625-words-fluent-forever.csv via Ollama hy-mt2:1.8b.,0,0,0,0,
猫,cat,new,210,fluent forever;clip-pack;LMS 1000,,,,māo,Fluent Forever 625,Imported from 625-words-fluent-forever.csv via Ollama hy-mt2:1.8b.,0,0,0,0,
捕捉,catch,new,210,fluent forever;clip-pack;LMS 1000,,,,bǔ zhuō,Fluent Forever 625,Imported from 625-words-fluent-forever.csv via Ollama hy-mt2:1.8b.,0,0,0,0,
天花板,ceiling,new,210,fluent forever;clip-pack;LMS 1000,,,,tiān huā bǎn,Fluent Forever 625,Imported from 625-words-fluent-forever.csv via Ollama hy-mt2:1.8b.,0,0,0,0,
厘米,centimeter,new,210,fluent forever;clip-pack;LMS 1000,,,,lí mǐ,Fluent Forever 625,Imported from 625-words-fluent-forever.csv via Ollama hy-mt2:1.8b.,0,0,0,0,
奶酪,cheese,new,210,fluent forever;clip-pack;LMS 1000,,,,nǎi lào,Fluent Forever 625,Imported from 625-words-fluent-forever.csv via Ollama hy-mt2:1.8b.,0,0,0,0,
鸡,chicken,new,211,fluent forever;clip-pack;LMS 1000,,,,jī,Fluent Forever 625,Imported from 625-words-fluent-forever.csv via Ollama hy-mt2:1.8b.,0,0,0,0,
教堂,church,new,211,fluent forever;clip-pack;LMS 1000,,,,jiào táng,Fluent Forever 625,Imported from 625-words-fluent-forever.csv via Ollama hy-mt2:1.8b.,0,0,0,0,
圆圈,circle,new,211,fluent forever;clip-pack;LMS 1000,,,,yuán quān,Fluent Forever 625,Imported from 625-words-fluent-forever.csv via Ollama hy-mt2:1.8b.,0,0,0,0,
黏土,clay,new,211,fluent forever;clip-pack;LMS 1000,,,,nián tǔ,Fluent Forever 625,Imported from 625-words-fluent-forever.csv via Ollama hy-mt2:1.8b.,0,0,0,0,
干净,clean,new,211,fluent forever;clip-pack;LMS 1000,,,,gān jìng,Fluent Forever 625,Imported from 625-words-fluent-forever.csv via Ollama hy-mt2:1.8b.,0,0,0,0,
俱乐部,club,new,212,fluent forever;clip-pack;LMS 1000,,,,jù lè bù,Fluent Forever 625,Imported from 625-words-fluent-forever.csv via Ollama hy-mt2:1.8b.,0,0,0,0,
外套,coat,new,212,fluent forever;clip-pack;LMS 1000,,,,wài tào,Fluent Forever 625,Imported from 625-words-fluent-forever.csv via Ollama hy-mt2:1.8b.,0,0,0,0,
咖啡,coffee,new,212,fluent forever;clip-pack;LMS 1000,,,,kā fēi,Fluent Forever 625,Imported from 625-words-fluent-forever.csv via Ollama hy-mt2:1.8b.,0,0,0,0,
电脑程序,computer program,new,212,fluent forever;clip-pack;LMS 1000,,,,diàn nǎo chéng xù,Fluent Forever 625,Imported from 625-words-fluent-forever.csv via Ollama hy-mt2:1.8b.,0,0,0,0,
辅音,consonant,new,212,fluent forever;clip-pack;LMS 1000,,,,fǔ yīn,Fluent Forever 625,Imported from 625-words-fluent-forever.csv via Ollama hy-mt2:1.8b.,0,0,0,0,
合同,contract,new,213,fluent forever;clip-pack;LMS 1000,,,,hé tong,Fluent Forever 625,Imported from 625-words-fluent-forever.csv via Ollama hy-mt2:1.8b.,0,0,0,0,
做饭,cook,new,213,fluent forever;clip-pack;LMS 1000,,,,zuò fàn,Fluent Forever 625,Imported from 625-words-fluent-forever.csv via Ollama hy-mt2:1.8b.,0,0,0,0,
凉爽,cool,new,213,fluent forever;clip-pack;LMS 1000,,,,liáng shuǎng,Fluent Forever 625,Imported from 625-words-fluent-forever.csv via Ollama hy-mt2:1.8b.,0,0,0,0,
铜,copper,new,213,fluent forever;clip-pack;LMS 1000,,,,tóng,Fluent Forever 625,Imported from 625-words-fluent-forever.csv via Ollama hy-mt2:1.8b.,0,0,0,0,
玉米,corn,new,213,fluent forever;clip-pack;LMS 1000,,,,yù mǐ,Fluent Forever 625,Imported from 625-words-fluent-forever.csv via Ollama hy-mt2:1.8b.,0,0,0,0,
角落,corner,new,214,fluent forever;clip-pack;LMS 1000,,,,jiǎo luò,Fluent Forever 625,Imported from 625-words-fluent-forever.csv via Ollama hy-mt2:1.8b.,0,0,0,0,
法庭,court,new,214,fluent forever;clip-pack;LMS 1000,,,,fǎ tíng,Fluent Forever 625,Imported from 625-words-fluent-forever.csv via Ollama hy-mt2:1.8b.,0,0,0,0,
牛,cow,new,214,fluent forever;clip-pack;LMS 1000,,,,niú,Fluent Forever 625,Imported from 625-words-fluent-forever.csv via Ollama hy-mt2:1.8b.,0,0,0,0,
人群,crowd,new,214,fluent forever;clip-pack;LMS 1000,,,,rén qún,Fluent Forever 625,Imported from 625-words-fluent-forever.csv via Ollama hy-mt2:1.8b.,0,0,0,0,
切割,cut,new,214,fluent forever;clip-pack;LMS 1000,,,,qiē gē,Fluent Forever 625,Imported from 625-words-fluent-forever.csv via Ollama hy-mt2:1.8b.,0,0,0,0,
深蓝色,dark blue,new,215,fluent forever;clip-pack;LMS 1000,,,,shēn lán sè,Fluent Forever 625,Imported from 625-words-fluent-forever.csv via Ollama hy-mt2:1.8b.,0,0,0,0,
日期,date,new,215,fluent forever;clip-pack;LMS 1000,,,,rì qī,Fluent Forever 625,Imported from 625-words-fluent-forever.csv via Ollama hy-mt2:1.8b.,0,0,0,0,
聋,deaf,new,215,fluent forever;clip-pack;LMS 1000,,,,lóng,Fluent Forever 625,Imported from 625-words-fluent-forever.csv via Ollama hy-mt2:1.8b.,0,0,0,0,
死亡,death,new,215,fluent forever;clip-pack;LMS 1000,,,,sǐ wáng,Fluent Forever 625,Imported from 625-words-fluent-forever.csv via Ollama hy-mt2:1.8b.,0,0,0,0,
十二月,December,new,215,fluent forever;clip-pack;LMS 1000,,,,shí èr yuè,Fluent Forever 625,Imported from 625-words-fluent-forever.csv via Ollama hy-mt2:1.8b.,0,0,0,0,
深,deep,new,216,fluent forever;clip-pack;LMS 1000,,,,shēn,Fluent Forever 625,Imported from 625-words-fluent-forever.csv via Ollama hy-mt2:1.8b.,0,0,0,0,
钻石,diamond,new,216,fluent forever;clip-pack;LMS 1000,,,,zuàn shí,Fluent Forever 625,Imported from 625-words-fluent-forever.csv via Ollama hy-mt2:1.8b.,0,0,0,0,
挖掘,dig,new,216,fluent forever;clip-pack;LMS 1000,,,,wā jué,Fluent Forever 625,Imported from 625-words-fluent-forever.csv via Ollama hy-mt2:1.8b.,0,0,0,0,
晚餐,dinner,new,216,fluent forever;clip-pack;LMS 1000,,,,wǎn cān,Fluent Forever 625,Imported from 625-words-fluent-forever.csv via Ollama hy-mt2:1.8b.,0,0,0,0,
脏,dirty,new,216,fluent forever;clip-pack;LMS 1000,,,,zāng,Fluent Forever 625,Imported from 625-words-fluent-forever.csv via Ollama hy-mt2:1.8b.,0,0,0,0,
疾病,disease,new,217,fluent forever;clip-pack;LMS 1000,,,,jí bìng,Fluent Forever 625,Imported from 625-words-fluent-forever.csv via Ollama hy-mt2:1.8b.,0,0,0,0,
画,draw,new,217,fluent forever;clip-pack;LMS 1000,,,,huà,Fluent Forever 625,Imported from 625-words-fluent-forever.csv via Ollama hy-mt2:1.8b.,0,0,0,0,
梦,dream,new,217,fluent forever;clip-pack;LMS 1000,,,,mèng,Fluent Forever 625,Imported from 625-words-fluent-forever.csv via Ollama hy-mt2:1.8b.,0,0,0,0,
驾驶,drive,new,217,fluent forever;clip-pack;LMS 1000,,,,jià shǐ,Fluent Forever 625,Imported from 625-words-fluent-forever.csv via Ollama hy-mt2:1.8b.,0,0,0,0,
药物,drug,new,217,fluent forever;clip-pack;LMS 1000,,,,yào wù,Fluent Forever 625,Imported from 625-words-fluent-forever.csv via Ollama hy-mt2:1.8b.,0,0,0,0,
灰尘,dust,new,218,fluent forever;clip-pack;LMS 1000,,,,huī chén,Fluent Forever 625,Imported from 625-words-fluent-forever.csv via Ollama hy-mt2:1.8b.,0,0,0,0,
东边,east,new,218,fluent forever;clip-pack;LMS 1000,,,,dōng biān,Fluent Forever 625,Imported from 625-words-fluent-forever.csv via Ollama hy-mt2:1.8b.,0,0,0,0,
选举,election,new,218,fluent forever;clip-pack;LMS 1000,,,,xuǎn jǔ,Fluent Forever 625,Imported from 625-words-fluent-forever.csv via Ollama hy-mt2:1.8b.,0,0,0,0,
能量,energy,new,218,fluent forever;clip-pack;LMS 1000,,,,néng liàng,Fluent Forever 625,Imported from 625-words-fluent-forever.csv via Ollama hy-mt2:1.8b.,0,0,0,0,
引擎,engine,new,218,fluent forever;clip-pack;LMS 1000,,,,yǐn qíng,Fluent Forever 625,Imported from 625-words-fluent-forever.csv via Ollama hy-mt2:1.8b.,0,0,0,0,
锻炼,exercise,new,219,fluent forever;clip-pack;LMS 1000,,,,duàn liàn,Fluent Forever 625,Imported from 625-words-fluent-forever.csv via Ollama hy-mt2:1.8b.,0,0,0,0,
昂贵,expensive,new,219,fluent forever;clip-pack;LMS 1000,,,,áng guì,Fluent Forever 625,Imported from 625-words-fluent-forever.csv via Ollama hy-mt2:1.8b.,0,0,0,0,
爆炸,explode,new,219,fluent forever;clip-pack;LMS 1000,,,,bào zhà,Fluent Forever 625,Imported from 625-words-fluent-forever.csv via Ollama hy-mt2:1.8b.,0,0,0,0,
秋天,fall,new,219,fluent forever;clip-pack;LMS 1000,,,,qiū tiān,Fluent Forever 625,Imported from 625-words-fluent-forever.csv via Ollama hy-mt2:1.8b.,0,0,0,0,
家庭,family,new,219,fluent forever;clip-pack;LMS 1000,,,,jiā tíng,Fluent Forever 625,Imported from 625-words-fluent-forever.csv via Ollama hy-mt2:1.8b.,0,0,0,0,
风扇,fan,new,220,fluent forever;clip-pack;LMS 1000,,,,fēng shàn,Fluent Forever 625,Imported from 625-words-fluent-forever.csv via Ollama hy-mt2:1.8b.,0,0,0,0,
农场,farm,new,220,fluent forever;clip-pack;LMS 1000,,,,nóng chǎng,Fluent Forever 625,Imported from 625-words-fluent-forever.csv via Ollama hy-mt2:1.8b.,0,0,0,0,
二月,February,new,220,fluent forever;clip-pack;LMS 1000,,,,èr yuè,Fluent Forever 625,Imported from 625-words-fluent-forever.csv via Ollama hy-mt2:1.8b.,0,0,0,0,
喂养,feed,new,220,fluent forever;clip-pack;LMS 1000,,,,wèi yǎng,Fluent Forever 625,Imported from 625-words-fluent-forever.csv via Ollama hy-mt2:1.8b.,0,0,0,0,
女性,female,new,220,fluent forever;clip-pack;LMS 1000,,,,nǚ xìng,Fluent Forever 625,Imported from 625-words-fluent-forever.csv via Ollama hy-mt2:1.8b.,0,0,0,0,
打架,fight,new,221,fluent forever;clip-pack;LMS 1000,,,,dǎ jià,Fluent Forever 625,Imported from 625-words-fluent-forever.csv via Ollama hy-mt2:1.8b.,0,0,0,0,
火,fire,new,221,fluent forever;clip-pack;LMS 1000,,,,huǒ,Fluent Forever 625,Imported from 625-words-fluent-forever.csv via Ollama hy-mt2:1.8b.,0,0,0,0,
平坦,flat,new,221,fluent forever;clip-pack;LMS 1000,,,,píng tǎn,Fluent Forever 625,Imported from 625-words-fluent-forever.csv via Ollama hy-mt2:1.8b.,0,0,0,0,
地板,floor,new,221,fluent forever;clip-pack;LMS 1000,,,,dì bǎn,Fluent Forever 625,Imported from 625-words-fluent-forever.csv via Ollama hy-mt2:1.8b.,0,0,0,0,
飞,fly,new,221,fluent forever;clip-pack;LMS 1000,,,,fēi,Fluent Forever 625,Imported from 625-words-fluent-forever.csv via Ollama hy-mt2:1.8b.,0,0,0,0,
食物,food,new,222,fluent forever;clip-pack;LMS 1000,,,,shí wù,Fluent Forever 625,Imported from 625-words-fluent-forever.csv via Ollama hy-mt2:1.8b.,0,0,0,0,
脚,foot,new,222,fluent forever;clip-pack;LMS 1000,,,,jiǎo,Fluent Forever 625,Imported from 625-words-fluent-forever.csv via Ollama hy-mt2:1.8b.,0,0,0,0,
叉子,fork,new,222,fluent forever;clip-pack;LMS 1000,,,,chā zi,Fluent Forever 625,Imported from 625-words-fluent-forever.csv via Ollama hy-mt2:1.8b.,0,0,0,0,
星期五,Friday,new,222,fluent forever;clip-pack;LMS 1000,,,,xīng qī wǔ,Fluent Forever 625,Imported from 625-words-fluent-forever.csv via Ollama hy-mt2:1.8b.,0,0,0,0,
花园,garden,new,222,fluent forever;clip-pack;LMS 1000,,,,huā yuán,Fluent Forever 625,Imported from 625-words-fluent-forever.csv via Ollama hy-mt2:1.8b.,0,0,0,0,
汽油,gasoline,new,223,fluent forever;clip-pack;LMS 1000,,,,qì yóu,Fluent Forever 625,Imported from 625-words-fluent-forever.csv via Ollama hy-mt2:1.8b.,0,0,0,0,
金,gold,new,223,fluent forever;clip-pack;LMS 1000,,,,jīn,Fluent Forever 625,Imported from 625-words-fluent-forever.csv via Ollama hy-mt2:1.8b.,0,0,0,0,
灰色,gray,new,223,fluent forever;clip-pack;LMS 1000,,,,huī sè,Fluent Forever 625,Imported from 625-words-fluent-forever.csv via Ollama hy-mt2:1.8b.,0,0,0,0,
绿色,green,new,223,fluent forever;clip-pack;LMS 1000,,,,lǜ sè,Fluent Forever 625,Imported from 625-words-fluent-forever.csv via Ollama hy-mt2:1.8b.,0,0,0,0,
地面,ground,new,223,fluent forever;clip-pack;LMS 1000,,,,dì miàn,Fluent Forever 625,Imported from 625-words-fluent-forever.csv via Ollama hy-mt2:1.8b.,0,0,0,0,
生长,grow,new,224,fluent forever;clip-pack;LMS 1000,,,,shēng zhǎng,Fluent Forever 625,Imported from 625-words-fluent-forever.csv via Ollama hy-mt2:1.8b.,0,0,0,0,
枪,gun,new,224,fluent forever;clip-pack;LMS 1000,,,,qiāng,Fluent Forever 625,Imported from 625-words-fluent-forever.csv via Ollama hy-mt2:1.8b.,0,0,0,0,
悬挂,hang,new,224,fluent forever;clip-pack;LMS 1000,,,,xuán guà,Fluent Forever 625,Imported from 625-words-fluent-forever.csv via Ollama hy-mt2:1.8b.,0,0,0,0,
帽子,hat,new,224,fluent forever;clip-pack;LMS 1000,,,,mào zi,Fluent Forever 625,Imported from 625-words-fluent-forever.csv via Ollama hy-mt2:1.8b.,0,0,0,0,
健康,healthy,new,224,fluent forever;clip-pack;LMS 1000,,,,jiàn kāng,Fluent Forever 625,Imported from 625-words-fluent-forever.csv via Ollama hy-mt2:1.8b.,0,0,0,0,
热量,heat,new,225,fluent forever;clip-pack;LMS 1000,,,,rè liàng,Fluent Forever 625,Imported from 625-words-fluent-forever.csv via Ollama hy-mt2:1.8b.,0,0,0,0,
沉重,heavy,new,225,fluent forever;clip-pack;LMS 1000,,,,chén zhòng,Fluent Forever 625,Imported from 625-words-fluent-forever.csv via Ollama hy-mt2:1.8b.,0,0,0,0,
马,horse,new,225,fluent forever;clip-pack;LMS 1000,,,,mǎ,Fluent Forever 625,Imported from 625-words-fluent-forever.csv via Ollama hy-mt2:1.8b.,0,0,0,0,
酒店,hotel,new,225,fluent forever;clip-pack;LMS 1000,,,,jiǔ diàn,Fluent Forever 625,Imported from 625-words-fluent-forever.csv via Ollama hy-mt2:1.8b.,0,0,0,0,
丈夫,husband,new,225,fluent forever;clip-pack;LMS 1000,,,,zhàng fu,Fluent Forever 625,Imported from 625-words-fluent-forever.csv via Ollama hy-mt2:1.8b.,0,0,0,0,
图像,image,new,226,fluent forever;clip-pack;LMS 1000,,,,tú xiàng,Fluent Forever 625,Imported from 625-words-fluent-forever.csv via Ollama hy-mt2:1.8b.,0,0,0,0,
英寸,inch,new,226,fluent forever;clip-pack;LMS 1000,,,,yīng cùn,Fluent Forever 625,Imported from 625-words-fluent-forever.csv via Ollama hy-mt2:1.8b.,0,0,0,0,
伤,injury,new,226,fluent forever;clip-pack;LMS 1000,,,,shāng,Fluent Forever 625,Imported from 625-words-fluent-forever.csv via Ollama hy-mt2:1.8b.,0,0,0,0,
岛屿,island,new,226,fluent forever;clip-pack;LMS 1000,,,,dǎo yǔ,Fluent Forever 625,Imported from 625-words-fluent-forever.csv via Ollama hy-mt2:1.8b.,0,0,0,0,
一月,January,new,226,fluent forever;clip-pack;LMS 1000,,,,yī yuè,Fluent Forever 625,Imported from 625-words-fluent-forever.csv via Ollama hy-mt2:1.8b.,0,0,0,0,
果汁,juice,new,227,fluent forever;clip-pack;LMS 1000,,,,guǒ zhī,Fluent Forever 625,Imported from 625-words-fluent-forever.csv via Ollama hy-mt2:1.8b.,0,0,0,0,
七月,July,new,227,fluent forever;clip-pack;LMS 1000,,,,qī yuè,Fluent Forever 625,Imported from 625-words-fluent-forever.csv via Ollama hy-mt2:1.8b.,0,0,0,0,
六月,June,new,227,fluent forever;clip-pack;LMS 1000,,,,liù yuè,Fluent Forever 625,Imported from 625-words-fluent-forever.csv via Ollama hy-mt2:1.8b.,0,0,0,0,
钥匙,key,new,227,fluent forever;clip-pack;LMS 1000,,,,yào shi,Fluent Forever 625,Imported from 625-words-fluent-forever.csv via Ollama hy-mt2:1.8b.,0,0,0,0,
杀死,kill,new,227,fluent forever;clip-pack;LMS 1000,,,,shā sǐ,Fluent Forever 625,Imported from 625-words-fluent-forever.csv via Ollama hy-mt2:1.8b.,0,0,0,0,
公斤,kilogram,new,228,fluent forever;clip-pack;LMS 1000,,,,gōng jīn,Fluent Forever 625,Imported from 625-words-fluent-forever.csv via Ollama hy-mt2:1.8b.,0,0,0,0,
吻,kiss,new,228,fluent forever;clip-pack;LMS 1000,,,,wěn,Fluent Forever 625,Imported from 625-words-fluent-forever.csv via Ollama hy-mt2:1.8b.,0,0,0,0,
厨房,kitchen,new,228,fluent forever;clip-pack;LMS 1000,,,,chú fáng,Fluent Forever 625,Imported from 625-words-fluent-forever.csv via Ollama hy-mt2:1.8b.,0,0,0,0,
膝盖,knee,new,228,fluent forever;clip-pack;LMS 1000,,,,xī gài,Fluent Forever 625,Imported from 625-words-fluent-forever.csv via Ollama hy-mt2:1.8b.,0,0,0,0,
湖,lake,new,228,fluent forever;clip-pack;LMS 1000,,,,hú,Fluent Forever 625,Imported from 625-words-fluent-forever.csv via Ollama hy-mt2:1.8b.,0,0,0,0,
灯,lamp,new,229,fluent forever;clip-pack;LMS 1000,,,,dēng,Fluent Forever 625,Imported from 625-words-fluent-forever.csv via Ollama hy-mt2:1.8b.,0,0,0,0,
笔记本电脑,laptop,new,229,fluent forever;clip-pack;LMS 1000,,,,bǐ jì běn diàn nǎo,Fluent Forever 625,Imported from 625-words-fluent-forever.csv via Ollama hy-mt2:1.8b.,0,0,0,0,
律师,lawyer,new,229,fluent forever;clip-pack;LMS 1000,,,,lǜ shī,Fluent Forever 625,Imported from 625-words-fluent-forever.csv via Ollama hy-mt2:1.8b.,0,0,0,0,
叶子,leaf,new,229,fluent forever;clip-pack;LMS 1000,,,,yè zi,Fluent Forever 625,Imported from 625-words-fluent-forever.csv via Ollama hy-mt2:1.8b.,0,0,0,0,
左,left,new,229,fluent forever;clip-pack;LMS 1000,,,,zuǒ,Fluent Forever 625,Imported from 625-words-fluent-forever.csv via Ollama hy-mt2:1.8b.,0,0,0,0,
腿,leg,new,230,fluent forever;clip-pack;LMS 1000,,,,tuǐ,Fluent Forever 625,Imported from 625-words-fluent-forever.csv via Ollama hy-mt2:1.8b.,0,0,0,0,
柠檬,lemon,new,230,fluent forever;clip-pack;LMS 1000,,,,níng méng,Fluent Forever 625,Imported from 625-words-fluent-forever.csv via Ollama hy-mt2:1.8b.,0,0,0,0,
图书馆,library,new,230,fluent forever;clip-pack;LMS 1000,,,,tú shū guǎn,Fluent Forever 625,Imported from 625-words-fluent-forever.csv via Ollama hy-mt2:1.8b.,0,0,0,0,
躺下,lie down,new,230,fluent forever;clip-pack;LMS 1000,,,,tǎng xià,Fluent Forever 625,Imported from 625-words-fluent-forever.csv via Ollama hy-mt2:1.8b.,0,0,0,0,
举起,lift,new,230,fluent forever;clip-pack;LMS 1000,,,,jǔ qǐ,Fluent Forever 625,Imported from 625-words-fluent-forever.csv via Ollama hy-mt2:1.8b.,0,0,0,0,
浅蓝色,light blue,new,231,fluent forever;clip-pack;LMS 1000,,,,qiǎn lán sè,Fluent Forever 625,Imported from 625-words-fluent-forever.csv via Ollama hy-mt2:1.8b.,0,0,0,0,
嘴唇,lip,new,231,fluent forever;clip-pack;LMS 1000,,,,zuǐ chún,Fluent Forever 625,Imported from 625-words-fluent-forever.csv via Ollama hy-mt2:1.8b.,0,0,0,0,
锁,lock,new,231,fluent forever;clip-pack;LMS 1000,,,,suǒ,Fluent Forever 625,Imported from 625-words-fluent-forever.csv via Ollama hy-mt2:1.8b.,0,0,0,0,
松,loose,new,231,fluent forever;clip-pack;LMS 1000,,,,sōng,Fluent Forever 625,Imported from 625-words-fluent-forever.csv via Ollama hy-mt2:1.8b.,0,0,0,0,
午餐,lunch,new,231,fluent forever;clip-pack;LMS 1000,,,,wǔ cān,Fluent Forever 625,Imported from 625-words-fluent-forever.csv via Ollama hy-mt2:1.8b.,0,0,0,0,
杂志,magazine,new,232,fluent forever;clip-pack;LMS 1000,,,,zá zhì,Fluent Forever 625,Imported from 625-words-fluent-forever.csv via Ollama hy-mt2:1.8b.,0,0,0,0,
男性,male,new,232,fluent forever;clip-pack;LMS 1000,,,,nán xìng,Fluent Forever 625,Imported from 625-words-fluent-forever.csv via Ollama hy-mt2:1.8b.,0,0,0,0,
地图,map,new,232,fluent forever;clip-pack;LMS 1000,,,,dì tú,Fluent Forever 625,Imported from 625-words-fluent-forever.csv via Ollama hy-mt2:1.8b.,0,0,0,0,
三月,March,new,232,fluent forever;clip-pack;LMS 1000,,,,sān yuè,Fluent Forever 625,Imported from 625-words-fluent-forever.csv via Ollama hy-mt2:1.8b.,0,0,0,0,
婚姻,marriage,new,232,fluent forever;clip-pack;LMS 1000,,,,hūn yīn,Fluent Forever 625,Imported from 625-words-fluent-forever.csv via Ollama hy-mt2:1.8b.,0,0,0,0,
结婚,marry,new,233,fluent forever;clip-pack;LMS 1000,,,,jié hūn,Fluent Forever 625,Imported from 625-words-fluent-forever.csv via Ollama hy-mt2:1.8b.,0,0,0,0,
材料,material,new,233,fluent forever;clip-pack;LMS 1000,,,,cái liào,Fluent Forever 625,Imported from 625-words-fluent-forever.csv via Ollama hy-mt2:1.8b.,0,0,0,0,
数学,math,new,233,fluent forever;clip-pack;LMS 1000,,,,shù xué,Fluent Forever 625,Imported from 625-words-fluent-forever.csv via Ollama hy-mt2:1.8b.,0,0,0,0,
融化,melt,new,233,fluent forever;clip-pack;LMS 1000,,,,róng huà,Fluent Forever 625,Imported from 625-words-fluent-forever.csv via Ollama hy-mt2:1.8b.,0,0,0,0,
金属,metal,new,233,fluent forever;clip-pack;LMS 1000,,,,jīn shǔ,Fluent Forever 625,Imported from 625-words-fluent-forever.csv via Ollama hy-mt2:1.8b.,0,0,0,0,
牛奶,milk,new,234,fluent forever;clip-pack;LMS 1000,,,,niú nǎi,Fluent Forever 625,Imported from 625-words-fluent-forever.csv via Ollama hy-mt2:1.8b.,0,0,0,0,
星期一,Monday,new,234,fluent forever;clip-pack;LMS 1000,,,,xīng qī yī,Fluent Forever 625,Imported from 625-words-fluent-forever.csv via Ollama hy-mt2:1.8b.,0,0,0,0,
老鼠,mouse,new,234,fluent forever;clip-pack;LMS 1000,,,,lǎo shǔ,Fluent Forever 625,Imported from 625-words-fluent-forever.csv via Ollama hy-mt2:1.8b.,0,0,0,0,
音乐,music,new,234,fluent forever;clip-pack;LMS 1000,,,,yīn yuè,Fluent Forever 625,Imported from 625-words-fluent-forever.csv via Ollama hy-mt2:1.8b.,0,0,0,0,
乐器,musical instrument,new,234,fluent forever;clip-pack;LMS 1000,,,,yuè qì,Fluent Forever 625,Imported from 625-words-fluent-forever.csv via Ollama hy-mt2:1.8b.,0,0,0,0,
狭窄,narrow,new,235,fluent forever;clip-pack;LMS 1000,,,,xiá zhǎi,Fluent Forever 625,Imported from 625-words-fluent-forever.csv via Ollama hy-mt2:1.8b.,0,0,0,0,
脖子,neck,new,235,fluent forever;clip-pack;LMS 1000,,,,bó zi,Fluent Forever 625,Imported from 625-words-fluent-forever.csv via Ollama hy-mt2:1.8b.,0,0,0,0,
针,needle,new,235,fluent forever;clip-pack;LMS 1000,,,,zhēn,Fluent Forever 625,Imported from 625-words-fluent-forever.csv via Ollama hy-mt2:1.8b.,0,0,0,0,
网络,network,new,235,fluent forever;clip-pack;LMS 1000,,,,wǎng luò,Fluent Forever 625,Imported from 625-words-fluent-forever.csv via Ollama hy-mt2:1.8b.,0,0,0,0,
报纸,newspaper,new,235,fluent forever;clip-pack;LMS 1000,,,,bào zhǐ,Fluent Forever 625,Imported from 625-words-fluent-forever.csv via Ollama hy-mt2:1.8b.,0,0,0,0,
鼻子,nose,new,236,fluent forever;clip-pack;LMS 1000,,,,bí zi,Fluent Forever 625,Imported from 625-words-fluent-forever.csv via Ollama hy-mt2:1.8b.,0,0,0,0,
笔记,note,new,236,fluent forever;clip-pack;LMS 1000,,,,bǐ jì,Fluent Forever 625,Imported from 625-words-fluent-forever.csv via Ollama hy-mt2:1.8b.,0,0,0,0,
名词,noun,new,236,fluent forever;clip-pack;LMS 1000,,,,míng cí,Fluent Forever 625,Imported from 625-words-fluent-forever.csv via Ollama hy-mt2:1.8b.,0,0,0,0,
十一月,November,new,236,fluent forever;clip-pack;LMS 1000,,,,shí yī yuè,Fluent Forever 625,Imported from 625-words-fluent-forever.csv via Ollama hy-mt2:1.8b.,0,0,0,0,
核,nuclear,new,236,fluent forever;clip-pack;LMS 1000,,,,hé,Fluent Forever 625,Imported from 625-words-fluent-forever.csv via Ollama hy-mt2:1.8b.,0,0,0,0,
数字,number,new,237,fluent forever;clip-pack;LMS 1000,,,,shù zì,Fluent Forever 625,Imported from 625-words-fluent-forever.csv via Ollama hy-mt2:1.8b.,0,0,0,0,
十月,October,new,237,fluent forever;clip-pack;LMS 1000,,,,shí yuè,Fluent Forever 625,Imported from 625-words-fluent-forever.csv via Ollama hy-mt2:1.8b.,0,0,0,0,
办公室,office,new,237,fluent forever;clip-pack;LMS 1000,,,,bàn gōng shì,Fluent Forever 625,Imported from 625-words-fluent-forever.csv via Ollama hy-mt2:1.8b.,0,0,0,0,
油,oil,new,237,fluent forever;clip-pack;LMS 1000,,,,yóu,Fluent Forever 625,Imported from 625-words-fluent-forever.csv via Ollama hy-mt2:1.8b.,0,0,0,0,
橙子,orange,new,237,fluent forever;clip-pack;LMS 1000,,,,chéng zǐ,Fluent Forever 625,Imported from 625-words-fluent-forever.csv via Ollama hy-mt2:1.8b.,0,0,0,0,
页面,page,new,238,fluent forever;clip-pack;LMS 1000,,,,yè miàn,Fluent Forever 625,Imported from 625-words-fluent-forever.csv via Ollama hy-mt2:1.8b.,0,0,0,0,
裤子,pants,new,238,fluent forever;clip-pack;LMS 1000,,,,kù zǐ,Fluent Forever 625,Imported from 625-words-fluent-forever.csv via Ollama hy-mt2:1.8b.,0,0,0,0,
纸,paper,new,238,fluent forever;clip-pack;LMS 1000,,,,zhǐ,Fluent Forever 625,Imported from 625-words-fluent-forever.csv via Ollama hy-mt2:1.8b.,0,0,0,0,
父母,parent,new,238,fluent forever;clip-pack;LMS 1000,,,,fù mǔ,Fluent Forever 625,Imported from 625-words-fluent-forever.csv via Ollama hy-mt2:1.8b.,0,0,0,0,
模式,pattern,new,238,fluent forever;clip-pack;LMS 1000,,,,mó shì,Fluent Forever 625,Imported from 625-words-fluent-forever.csv via Ollama hy-mt2:1.8b.,0,0,0,0,
笔,pen,new,239,fluent forever;clip-pack;LMS 1000,,,,bǐ,Fluent Forever 625,Imported from 625-words-fluent-forever.csv via Ollama hy-mt2:1.8b.,0,0,0,0,
铅笔,pencil,new,239,fluent forever;clip-pack;LMS 1000,,,,qiān bǐ,Fluent Forever 625,Imported from 625-words-fluent-forever.csv via Ollama hy-mt2:1.8b.,0,0,0,0,
照片,photograph,new,239,fluent forever;clip-pack;LMS 1000,,,,zhào piàn,Fluent Forever 625,Imported from 625-words-fluent-forever.csv via Ollama hy-mt2:1.8b.,0,0,0,0,
猪,pig,new,239,fluent forever;clip-pack;LMS 1000,,,,zhū,Fluent Forever 625,Imported from 625-words-fluent-forever.csv via Ollama hy-mt2:1.8b.,0,0,0,0,
粉色,pink,new,239,fluent forever;clip-pack;LMS 1000,,,,fěn sè,Fluent Forever 625,Imported from 625-words-fluent-forever.csv via Ollama hy-mt2:1.8b.,0,0,0,0,
植物,plant,new,240,fluent forever;clip-pack;LMS 1000,,,,zhí wù,Fluent Forever 625,Imported from 625-words-fluent-forever.csv via Ollama hy-mt2:1.8b.,0,0,0,0,
塑料,plastic,new,240,fluent forever;clip-pack;LMS 1000,,,,sù liào,Fluent Forever 625,Imported from 625-words-fluent-forever.csv via Ollama hy-mt2:1.8b.,0,0,0,0,
盘子,plate,new,240,fluent forever;clip-pack;LMS 1000,,,,pán zi,Fluent Forever 625,Imported from 625-words-fluent-forever.csv via Ollama hy-mt2:1.8b.,0,0,0,0,
口袋,pocket,new,240,fluent forever;clip-pack;LMS 1000,,,,kǒu dài,Fluent Forever 625,Imported from 625-words-fluent-forever.csv via Ollama hy-mt2:1.8b.,0,0,0,0,
毒药,poison,new,240,fluent forever;clip-pack;LMS 1000,,,,dú yào,Fluent Forever 625,Imported from 625-words-fluent-forever.csv via Ollama hy-mt2:1.8b.,0,0,0,0,
警察,police,new,241,fluent forever;clip-pack;LMS 1000,,,,jǐng chá,Fluent Forever 625,Imported from 625-words-fluent-forever.csv via Ollama hy-mt2:1.8b.,0,0,0,0,
游泳池,pool,new,241,fluent forever;clip-pack;LMS 1000,,,,yóu yǒng chí,Fluent Forever 625,Imported from 625-words-fluent-forever.csv via Ollama hy-mt2:1.8b.,0,0,0,0,
穷,poor,new,241,fluent forever;clip-pack;LMS 1000,,,,qióng,Fluent Forever 625,Imported from 625-words-fluent-forever.csv via Ollama hy-mt2:1.8b.,0,0,0,0,
猪肉,pork,new,241,fluent forever;clip-pack;LMS 1000,,,,zhū ròu,Fluent Forever 625,Imported from 625-words-fluent-forever.csv via Ollama hy-mt2:1.8b.,0,0,0,0,
磅,pound,new,241,fluent forever;clip-pack;LMS 1000,,,,bàng,Fluent Forever 625,Imported from 625-words-fluent-forever.csv via Ollama hy-mt2:1.8b.,0,0,0,0,
祈祷,pray,new,242,fluent forever;clip-pack;LMS 1000,,,,qí dǎo,Fluent Forever 625,Imported from 625-words-fluent-forever.csv via Ollama hy-mt2:1.8b.,0,0,0,0,
总统,president,new,242,fluent forever;clip-pack;LMS 1000,,,,zǒng tǒng,Fluent Forever 625,Imported from 625-words-fluent-forever.csv via Ollama hy-mt2:1.8b.,0,0,0,0,
牧师,priest,new,242,fluent forever;clip-pack;LMS 1000,,,,mù shī,Fluent Forever 625,Imported from 625-words-fluent-forever.csv via Ollama hy-mt2:1.8b.,0,0,0,0,
监狱,prison,new,242,fluent forever;clip-pack;LMS 1000,,,,jiān yù,Fluent Forever 625,Imported from 625-words-fluent-forever.csv via Ollama hy-mt2:1.8b.,0,0,0,0,
拉,pull,new,242,fluent forever;clip-pack;LMS 1000,,,,lā,Fluent Forever 625,Imported from 625-words-fluent-forever.csv via Ollama hy-mt2:1.8b.,0,0,0,0,
推,push,new,243,fluent forever;clip-pack;LMS 1000,,,,tuī,Fluent Forever 625,Imported from 625-words-fluent-forever.csv via Ollama hy-mt2:1.8b.,0,0,0,0,
女王,queen,new,243,fluent forever;clip-pack;LMS 1000,,,,nǚ wáng,Fluent Forever 625,Imported from 625-words-fluent-forever.csv via Ollama hy-mt2:1.8b.,0,0,0,0,
收音机,radio,new,243,fluent forever;clip-pack;LMS 1000,,,,shōu yīn jī,Fluent Forever 625,Imported from 625-words-fluent-forever.csv via Ollama hy-mt2:1.8b.,0,0,0,0,
雨,rain,new,243,fluent forever;clip-pack;LMS 1000,,,,yǔ,Fluent Forever 625,Imported from 625-words-fluent-forever.csv via Ollama hy-mt2:1.8b.,0,0,0,0,
红色,red,new,243,fluent forever;clip-pack;LMS 1000,,,,hóng sè,Fluent Forever 625,Imported from 625-words-fluent-forever.csv via Ollama hy-mt2:1.8b.,0,0,0,0,
关系,relationship,new,244,fluent forever;clip-pack;LMS 1000,,,,guān xì,Fluent Forever 625,Imported from 625-words-fluent-forever.csv via Ollama hy-mt2:1.8b.,0,0,0,0,
宗教,religion,new,244,fluent forever;clip-pack;LMS 1000,,,,zōng jiào,Fluent Forever 625,Imported from 625-words-fluent-forever.csv via Ollama hy-mt2:1.8b.,0,0,0,0,
餐厅,restaurant,new,244,fluent forever;clip-pack;LMS 1000,,,,cān tīng,Fluent Forever 625,Imported from 625-words-fluent-forever.csv via Ollama hy-mt2:1.8b.,0,0,0,0,
富,rich,new,244,fluent forever;clip-pack;LMS 1000,,,,fù,Fluent Forever 625,Imported from 625-words-fluent-forever.csv via Ollama hy-mt2:1.8b.,0,0,0,0,
戒指,ring,new,244,fluent forever;clip-pack;LMS 1000,,,,jiè zhǐ,Fluent Forever 625,Imported from 625-words-fluent-forever.csv via Ollama hy-mt2:1.8b.,0,0,0,0,
屋顶,roof,new,245,fluent forever;clip-pack;LMS 1000,,,,wū dǐng,Fluent Forever 625,Imported from 625-words-fluent-forever.csv via Ollama hy-mt2:1.8b.,0,0,0,0,
盐,salt,new,245,fluent forever;clip-pack;LMS 1000,,,,yán,Fluent Forever 625,Imported from 625-words-fluent-forever.csv via Ollama hy-mt2:1.8b.,0,0,0,0,
沙,sand,new,245,fluent forever;clip-pack;LMS 1000,,,,shā,Fluent Forever 625,Imported from 625-words-fluent-forever.csv via Ollama hy-mt2:1.8b.,0,0,0,0,
星期六,Saturday,new,245,fluent forever;clip-pack;LMS 1000,,,,xīng qī liù,Fluent Forever 625,Imported from 625-words-fluent-forever.csv via Ollama hy-mt2:1.8b.,0,0,0,0,
科学,science,new,245,fluent forever;clip-pack;LMS 1000,,,,kē xué,Fluent Forever 625,Imported from 625-words-fluent-forever.csv via Ollama hy-mt2:1.8b.,0,0,0,0,
屏幕,screen,new,246,fluent forever;clip-pack;LMS 1000,,,,píng mù,Fluent Forever 625,Imported from 625-words-fluent-forever.csv via Ollama hy-mt2:1.8b.,0,0,0,0,
秘书,secretary,new,246,fluent forever;clip-pack;LMS 1000,,,,mì shū,Fluent Forever 625,Imported from 625-words-fluent-forever.csv via Ollama hy-mt2:1.8b.,0,0,0,0,
种子,seed,new,246,fluent forever;clip-pack;LMS 1000,,,,zhǒng zi,Fluent Forever 625,Imported from 625-words-fluent-forever.csv via Ollama hy-mt2:1.8b.,0,0,0,0,
九月,September,new,246,fluent forever;clip-pack;LMS 1000,,,,jiǔ yuè,Fluent Forever 625,Imported from 625-words-fluent-forever.csv via Ollama hy-mt2:1.8b.,0,0,0,0,
浅,shallow,new,246,fluent forever;clip-pack;LMS 1000,,,,qiǎn,Fluent Forever 625,Imported from 625-words-fluent-forever.csv via Ollama hy-mt2:1.8b.,0,0,0,0,
衬衫,shirt,new,247,fluent forever;clip-pack;LMS 1000,,,,chèn shān,Fluent Forever 625,Imported from 625-words-fluent-forever.csv via Ollama hy-mt2:1.8b.,0,0,0,0,
鞋子,shoes,new,247,fluent forever;clip-pack;LMS 1000,,,,xié zǐ,Fluent Forever 625,Imported from 625-words-fluent-forever.csv via Ollama hy-mt2:1.8b.,0,0,0,0,
肩膀,shoulder,new,247,fluent forever;clip-pack;LMS 1000,,,,jiān bǎng,Fluent Forever 625,Imported from 625-words-fluent-forever.csv via Ollama hy-mt2:1.8b.,0,0,0,0,
标志,sign,new,247,fluent forever;clip-pack;LMS 1000,,,,biāo zhì,Fluent Forever 625,Imported from 625-words-fluent-forever.csv via Ollama hy-mt2:1.8b.,0,0,0,0,
银色,silver,new,247,fluent forever;clip-pack;LMS 1000,,,,yín sè,Fluent Forever 625,Imported from 625-words-fluent-forever.csv via Ollama hy-mt2:1.8b.,0,0,0,0,
皮肤,skin,new,248,fluent forever;clip-pack;LMS 1000,,,,pí fū,Fluent Forever 625,Imported from 625-words-fluent-forever.csv via Ollama hy-mt2:1.8b.,0,0,0,0,
裙子,skirt,new,248,fluent forever;clip-pack;LMS 1000,,,,qún zǐ,Fluent Forever 625,Imported from 625-words-fluent-forever.csv via Ollama hy-mt2:1.8b.,0,0,0,0,
微笑,smile,new,248,fluent forever;clip-pack;LMS 1000,,,,wēi xiào,Fluent Forever 625,Imported from 625-words-fluent-forever.csv via Ollama hy-mt2:1.8b.,0,0,0,0,
雪,snow,new,248,fluent forever;clip-pack;LMS 1000,,,,xuě,Fluent Forever 625,Imported from 625-words-fluent-forever.csv via Ollama hy-mt2:1.8b.,0,0,0,0,
肥皂,soap,new,248,fluent forever;clip-pack;LMS 1000,,,,féi zào,Fluent Forever 625,Imported from 625-words-fluent-forever.csv via Ollama hy-mt2:1.8b.,0,0,0,0,
柔软,soft,new,249,fluent forever;clip-pack;LMS 1000,,,,róu ruǎn,Fluent Forever 625,Imported from 625-words-fluent-forever.csv via Ollama hy-mt2:1.8b.,0,0,0,0,
土壤,soil,new,249,fluent forever;clip-pack;LMS 1000,,,,tǔ rǎng,Fluent Forever 625,Imported from 625-words-fluent-forever.csv via Ollama hy-mt2:1.8b.,0,0,0,0,
汤,soup,new,249,fluent forever;clip-pack;LMS 1000,,,,tāng,Fluent Forever 625,Imported from 625-words-fluent-forever.csv via Ollama hy-mt2:1.8b.,0,0,0,0,
南方,south,new,249,fluent forever;clip-pack;LMS 1000,,,,nán fāng,Fluent Forever 625,Imported from 625-words-fluent-forever.csv via Ollama hy-mt2:1.8b.,0,0,0,0,
勺子,spoon,new,249,fluent forever;clip-pack;LMS 1000,,,,sháo zǐ,Fluent Forever 625,Imported from 625-words-fluent-forever.csv via Ollama hy-mt2:1.8b.,0,0,0,0,
运动,sport,new,250,fluent forever;clip-pack;LMS 1000,,,,yùn dòng,Fluent Forever 625,Imported from 625-words-fluent-forever.csv via Ollama hy-mt2:1.8b.,0,0,0,0,
春天,spring,new,250,fluent forever;clip-pack;LMS 1000,,,,chūn tiān,Fluent Forever 625,Imported from 625-words-fluent-forever.csv via Ollama hy-mt2:1.8b.,0,0,0,0,
污渍,stain,new,250,fluent forever;clip-pack;LMS 1000,,,,wū zì,Fluent Forever 625,Imported from 625-words-fluent-forever.csv via Ollama hy-mt2:1.8b.,0,0,0,0,
街道,street,new,250,fluent forever;clip-pack;LMS 1000,,,,jiē dào,Fluent Forever 625,Imported from 625-words-fluent-forever.csv via Ollama hy-mt2:1.8b.,0,0,0,0,
糖,sugar,new,250,fluent forever;clip-pack;LMS 1000,,,,táng,Fluent Forever 625,Imported from 625-words-fluent-forever.csv via Ollama hy-mt2:1.8b.,0,0,0,0,
套装,suit,new,251,fluent forever;clip-pack;LMS 1000,,,,tào zhuāng,Fluent Forever 625,Imported from 625-words-fluent-forever.csv via Ollama hy-mt2:1.8b.,0,0,0,0,
夏天,summer,new,251,fluent forever;clip-pack;LMS 1000,,,,xià tiān,Fluent Forever 625,Imported from 625-words-fluent-forever.csv via Ollama hy-mt2:1.8b.,0,0,0,0,
星期日,Sunday,new,251,fluent forever;clip-pack;LMS 1000,,,,xīng qī rì,Fluent Forever 625,Imported from 625-words-fluent-forever.csv via Ollama hy-mt2:1.8b.,0,0,0,0,
汗水,sweat,new,251,fluent forever;clip-pack;LMS 1000,,,,hàn shuǐ,Fluent Forever 625,Imported from 625-words-fluent-forever.csv via Ollama hy-mt2:1.8b.,0,0,0,0,
T恤,T-shirt,new,251,fluent forever;clip-pack;LMS 1000,,,,T xù,Fluent Forever 625,Imported from 625-words-fluent-forever.csv via Ollama hy-mt2:1.8b.,0,0,0,0,
味道,taste,new,252,fluent forever;clip-pack;LMS 1000,,,,wèi dào,Fluent Forever 625,Imported from 625-words-fluent-forever.csv via Ollama hy-mt2:1.8b.,0,0,0,0,
茶,tea,new,252,fluent forever;clip-pack;LMS 1000,,,,chá,Fluent Forever 625,Imported from 625-words-fluent-forever.csv via Ollama hy-mt2:1.8b.,0,0,0,0,
泪滴,teardrop,new,252,fluent forever;clip-pack;LMS 1000,,,,lèi dī,Fluent Forever 625,Imported from 625-words-fluent-forever.csv via Ollama hy-mt2:1.8b.,0,0,0,0,
温度,temperature,new,252,fluent forever;clip-pack;LMS 1000,,,,wēn dù,Fluent Forever 625,Imported from 625-words-fluent-forever.csv via Ollama hy-mt2:1.8b.,0,0,0,0,
剧院,theater,new,252,fluent forever;clip-pack;LMS 1000,,,,jù yuàn,Fluent Forever 625,Imported from 625-words-fluent-forever.csv via Ollama hy-mt2:1.8b.,0,0,0,0,
厚,thick,new,253,fluent forever;clip-pack;LMS 1000,,,,hòu,Fluent Forever 625,Imported from 625-words-fluent-forever.csv via Ollama hy-mt2:1.8b.,0,0,0,0,
薄,thin,new,253,fluent forever;clip-pack;LMS 1000,,,,báo,Fluent Forever 625,Imported from 625-words-fluent-forever.csv via Ollama hy-mt2:1.8b.,0,0,0,0,
扔,throw,new,253,fluent forever;clip-pack;LMS 1000,,,,rēng,Fluent Forever 625,Imported from 625-words-fluent-forever.csv via Ollama hy-mt2:1.8b.,0,0,0,0,
星期四,Thursday,new,253,fluent forever;clip-pack;LMS 1000,,,,xīng qī sì,Fluent Forever 625,Imported from 625-words-fluent-forever.csv via Ollama hy-mt2:1.8b.,0,0,0,0,
票,ticket,new,253,fluent forever;clip-pack;LMS 1000,,,,piào,Fluent Forever 625,Imported from 625-words-fluent-forever.csv via Ollama hy-mt2:1.8b.,0,0,0,0,
紧,tight,new,254,fluent forever;clip-pack;LMS 1000,,,,jǐn,Fluent Forever 625,Imported from 625-words-fluent-forever.csv via Ollama hy-mt2:1.8b.,0,0,0,0,
轮胎,tire,new,254,fluent forever;clip-pack;LMS 1000,,,,lún tāi,Fluent Forever 625,Imported from 625-words-fluent-forever.csv via Ollama hy-mt2:1.8b.,0,0,0,0,
清洁,to clean,new,254,fluent forever;clip-pack;LMS 1000,,,,qīng jié,Fluent Forever 625,Imported from 625-words-fluent-forever.csv via Ollama hy-mt2:1.8b.,0,0,0,0,
混合,to mix,new,254,fluent forever;clip-pack;LMS 1000,,,,hùn hé,Fluent Forever 625,Imported from 625-words-fluent-forever.csv via Ollama hy-mt2:1.8b.,0,0,0,0,
射击,to shoot,new,254,fluent forever;clip-pack;LMS 1000,,,,shè jī,Fluent Forever 625,Imported from 625-words-fluent-forever.csv via Ollama hy-mt2:1.8b.,0,0,0,0,
观看,to watch,new,255,fluent forever;clip-pack;LMS 1000,,,,guān kàn,Fluent Forever 625,Imported from 625-words-fluent-forever.csv via Ollama hy-mt2:1.8b.,0,0,0,0,
脚趾,toe,new,255,fluent forever;clip-pack;LMS 1000,,,,jiǎo zhǐ,Fluent Forever 625,Imported from 625-words-fluent-forever.csv via Ollama hy-mt2:1.8b.,0,0,0,0,
舌头,tongue,new,255,fluent forever;clip-pack;LMS 1000,,,,shé tou,Fluent Forever 625,Imported from 625-words-fluent-forever.csv via Ollama hy-mt2:1.8b.,0,0,0,0,
工具,tool,new,255,fluent forever;clip-pack;LMS 1000,,,,gōng jù,Fluent Forever 625,Imported from 625-words-fluent-forever.csv via Ollama hy-mt2:1.8b.,0,0,0,0,
牙齿,tooth,new,255,fluent forever;clip-pack;LMS 1000,,,,yá chǐ,Fluent Forever 625,Imported from 625-words-fluent-forever.csv via Ollama hy-mt2:1.8b.,0,0,0,0,
城镇,town,new,256,fluent forever;clip-pack;LMS 1000,,,,chéng zhèn,Fluent Forever 625,Imported from 625-words-fluent-forever.csv via Ollama hy-mt2:1.8b.,0,0,0,0,
火车,train,new,256,fluent forever;clip-pack;LMS 1000,,,,huǒ chē,Fluent Forever 625,Imported from 625-words-fluent-forever.csv via Ollama hy-mt2:1.8b.,0,0,0,0,
火车站,train station,new,256,fluent forever;clip-pack;LMS 1000,,,,huǒ chē zhàn,Fluent Forever 625,Imported from 625-words-fluent-forever.csv via Ollama hy-mt2:1.8b.,0,0,0,0,
交通,transportation,new,256,fluent forever;clip-pack;LMS 1000,,,,jiāo tōng,Fluent Forever 625,Imported from 625-words-fluent-forever.csv via Ollama hy-mt2:1.8b.,0,0,0,0,
卡车,truck,new,256,fluent forever;clip-pack;LMS 1000,,,,kǎ chē,Fluent Forever 625,Imported from 625-words-fluent-forever.csv via Ollama hy-mt2:1.8b.,0,0,0,0,
星期二,Tuesday,new,257,fluent forever;clip-pack;LMS 1000,,,,xīng qī èr,Fluent Forever 625,Imported from 625-words-fluent-forever.csv via Ollama hy-mt2:1.8b.,0,0,0,0,
转动,turn,new,257,fluent forever;clip-pack;LMS 1000,,,,zhuàn dòng,Fluent Forever 625,Imported from 625-words-fluent-forever.csv via Ollama hy-mt2:1.8b.,0,0,0,0,
山谷,valley,new,257,fluent forever;clip-pack;LMS 1000,,,,shān gǔ,Fluent Forever 625,Imported from 625-words-fluent-forever.csv via Ollama hy-mt2:1.8b.,0,0,0,0,
动词,verb,new,257,fluent forever;clip-pack;LMS 1000,,,,dòng cí,Fluent Forever 625,Imported from 625-words-fluent-forever.csv via Ollama hy-mt2:1.8b.,0,0,0,0,
受害者,victim,new,257,fluent forever;clip-pack;LMS 1000,,,,shòu hài zhě,Fluent Forever 625,Imported from 625-words-fluent-forever.csv via Ollama hy-mt2:1.8b.,0,0,0,0,
元音,vowel,new,258,fluent forever;clip-pack;LMS 1000,,,,yuán yīn,Fluent Forever 625,Imported from 625-words-fluent-forever.csv via Ollama hy-mt2:1.8b.,0,0,0,0,
服务员,waiter,new,258,fluent forever;clip-pack;LMS 1000,,,,fú wù yuán,Fluent Forever 625,Imported from 625-words-fluent-forever.csv via Ollama hy-mt2:1.8b.,0,0,0,0,
墙,wall,new,258,fluent forever;clip-pack;LMS 1000,,,,qiáng,Fluent Forever 625,Imported from 625-words-fluent-forever.csv via Ollama hy-mt2:1.8b.,0,0,0,0,
战争,war,new,258,fluent forever;clip-pack;LMS 1000,,,,zhàn zhēng,Fluent Forever 625,Imported from 625-words-fluent-forever.csv via Ollama hy-mt2:1.8b.,0,0,0,0,
弱,weak,new,258,fluent forever;clip-pack;LMS 1000,,,,ruò,Fluent Forever 625,Imported from 625-words-fluent-forever.csv via Ollama hy-mt2:1.8b.,0,0,0,0,
婚礼,wedding,new,259,fluent forever;clip-pack;LMS 1000,,,,hūn lǐ,Fluent Forever 625,Imported from 625-words-fluent-forever.csv via Ollama hy-mt2:1.8b.,0,0,0,0,
星期三,Wednesday,new,259,fluent forever;clip-pack;LMS 1000,,,,xīng qī sān,Fluent Forever 625,Imported from 625-words-fluent-forever.csv via Ollama hy-mt2:1.8b.,0,0,0,0,
重量,weight,new,259,fluent forever;clip-pack;LMS 1000,,,,zhòng liàng,Fluent Forever 625,Imported from 625-words-fluent-forever.csv via Ollama hy-mt2:1.8b.,0,0,0,0,
湿,wet,new,259,fluent forever;clip-pack;LMS 1000,,,,shī,Fluent Forever 625,Imported from 625-words-fluent-forever.csv via Ollama hy-mt2:1.8b.,0,0,0,0,
宽,wide,new,259,fluent forever;clip-pack;LMS 1000,,,,kuān,Fluent Forever 625,Imported from 625-words-fluent-forever.csv via Ollama hy-mt2:1.8b.,0,0,0,0,
妻子,wife,new,260,fluent forever;clip-pack;LMS 1000,,,,qī zǐ,Fluent Forever 625,Imported from 625-words-fluent-forever.csv via Ollama hy-mt2:1.8b.,0,0,0,0,
窗户,window,new,260,fluent forever;clip-pack;LMS 1000,,,,chuāng hù,Fluent Forever 625,Imported from 625-words-fluent-forever.csv via Ollama hy-mt2:1.8b.,0,0,0,0,
翅膀,wing,new,260,fluent forever;clip-pack;LMS 1000,,,,chì bǎng,Fluent Forever 625,Imported from 625-words-fluent-forever.csv via Ollama hy-mt2:1.8b.,0,0,0,0,
冬天,winter,new,260,fluent forever;clip-pack;LMS 1000,,,,dōng tiān,Fluent Forever 625,Imported from 625-words-fluent-forever.csv via Ollama hy-mt2:1.8b.,0,0,0,0,
黄色,yellow,new,260,fluent forever;clip-pack;LMS 1000,,,,huáng sè,Fluent Forever 625,Imported from 625-words-fluent-forever.csv via Ollama hy-mt2:1.8b.,0,0,0,0,
